Iteration	Posterior	Likelihood	Prior	rate_log_sd	rate_loss	rate_neo	tree_length
0	-3438.799	-3603.634	164.8353	1.241384	2.174533	0.4985138	3.538767
6	-3439.104	-3605.501	166.3962	1.405135	1.730308	0.4985138	2.668448
12	-3440.312	-3606.894	166.5822	1.42749	1.911652	0.4667977	2.501584
18	-3429.23	-3594.9	165.6704	1.363295	2.498326	0.4677109	2.903281
24	-3433.04	-3598.815	165.7743	1.373999	2.498326	0.6042549	2.702231
30	-3435.715	-3600.577	164.8626	1.373999	2.498326	0.6042549	3.250481
36	-3423.544	-3588.505	164.9616	1.37824	2.498326	0.5876895	3.203686
42	-3438.955	-3603.38	164.4247	1.276491	1.749632	0.8094898	3.654565
48	-3419.88	-3584.187	164.3064	1.181071	1.749632	0.6985173	3.856862
54	-3432.856	-3596.872	164.0154	1.198013	1.749632	0.7468747	3.978648
60	-3442.883	-3606.762	163.8785	1.079776	1.749632	0.4661753	4.356122
66	-3440.236	-3604.433	164.1974	1.237997	2.263209	0.4661753	3.91314
72	-3448.641	-3612.326	163.6848	1.044883	2.265318	0.4479623	4.332316
78	-3441.935	-3605.757	163.8215	1.09482	2.265318	0.51591	4.16118
84	-3426.568	-3592.323	165.755	1.45734	1.986923	0.7643208	2.701352
90	-3423.897	-3590.508	166.6108	1.409033	1.732467	0.7152143	2.33444
96	-3424.433	-3590.554	166.1201	1.40377	1.732467	0.3877196	2.957804
102	-3425.179	-3591.48	166.3006	1.436358	1.915139	0.4505095	2.686928
108	-3425.291	-3591.759	166.4689	1.398632	1.915139	0.5713206	2.483696
114	-3438.798	-3604.328	165.5307	1.359859	2.116115	0.5098461	3.067235
120	-3441.763	-3607.723	165.96	1.359859	2.135677	0.5098461	2.801856
126	-3425.844	-3592.223	166.3784	1.393228	1.883382	0.445518	2.683016
132	-3425.944	-3591.923	165.9793	1.345626	1.883382	0.4761243	2.922339
138	-3423.608	-3590.232	166.6241	1.479747	1.883382	0.4761243	2.44335
144	-3424.792	-3591.36	166.568	1.425525	1.883382	0.458066	2.531986
150	-3424.018	-3589.692	165.6743	1.397989	2.75888	0.4494167	2.824787
156	-3434.466	-3599.897	165.4315	1.365661	2.75888	0.4494167	2.990928
162	-3439.541	-3605.26	165.7188	1.444752	2.904828	0.4494167	2.729531
168	-3439.152	-3605.568	166.4155	1.404685	2.904828	0.4494167	2.319889
174	-3434.871	-3601.608	166.7367	1.451016	2.297351	0.4074629	2.319889
180	-3429.117	-3595.878	166.7612	1.519278	2.198932	0.3867384	2.319889
186	-3429.905	-3596.538	166.6339	1.544835	2.568562	0.37517	2.278857
192	-3442.28	-3608.18	165.8999	1.592593	2.568562	0.7203616	2.368395
198	-3436.355	-3602.871	166.5163	1.63335	2.639974	0.5166358	2.111001
204	-3422.709	-3588.757	166.0486	1.418509	2.639974	0.4372674	2.630052
210	-3435.725	-3602.4	166.675	1.462183	2.633671	0.4209085	2.228752
216	-3443.238	-3609.34	166.1017	1.382791	2.633671	0.3855427	2.681495
222	-3436.774	-3602.309	165.5351	1.317253	2.290509	0.3855427	3.166098
228	-3430.635	-3596.082	165.4476	1.335626	1.801346	0.3855427	3.373843
234	-3430.201	-3593.374	163.1723	1.22824	2.31405	0.5785773	4.383593
240	-3429.538	-3592.703	163.1648	1.172216	1.768594	0.5785773	4.59723
246	-3432.399	-3595.386	162.9871	1.05596	2.141156	0.6710078	4.563733
252	-3429.661	-3594.368	164.7075	1.27162	1.943267	0.528815	3.64396
258	-3438.828	-3601.445	162.6171	1.232996	2.5316	0.7464052	4.503472
264	-3433.449	-3596.163	162.7136	1.204519	2.394961	0.7464052	4.503472
270	-3438.066	-3600.997	162.9309	1.146638	2.394961	0.6269274	4.502619
276	-3433.294	-3596.832	163.5384	1.226511	2.524025	0.6269274	4.077108
282	-3429.431	-3594.533	165.1022	1.374056	2.524025	0.6269274	3.081489
288	-3439.36	-3604.989	165.6289	1.422979	2.043936	0.6269274	2.888403
294	-3439.312	-3605.486	166.174	1.296982	1.71012	0.4139582	2.968146
300	-3441.466	-3606.063	164.5965	1.274842	2.255459	0.405898	3.727766
306	-3419.012	-3583.699	164.6875	1.213664	1.993697	0.4702581	3.727766
312	-3424.42	-3589.511	165.0912	1.213664	2.453525	0.4702581	3.347811
318	-3428.974	-3594.836	165.8621	1.335911	2.383426	0.4702581	2.835995
324	-3422.301	-3588.129	165.8275	1.301299	2.121839	0.5160873	2.916179
330	-3434.323	-3601.273	166.9505	1.646632	2.215194	0.486373	1.989703
336	-3427.14	-3594.262	167.1221	1.583551	2.215194	0.486373	1.916776
342	-3423.296	-3590.426	167.1296	1.576068	2.215194	0.486373	1.916776
348	-3441.325	-3608.121	166.7962	1.609368	2.122983	0.486373	2.149489
354	-3450.079	-3616.961	166.8824	1.446319	1.492101	0.5026683	2.439278
360	-3443.92	-3610.84	166.9209	1.488547	1.492101	0.4553222	2.439278
366	-3423.269	-3590.409	167.1404	1.567227	2.142613	0.3829301	2.068114
372	-3426.21	-3592.514	166.3045	1.454081	2.168752	0.3829301	2.661551
378	-3429.551	-3596.077	166.5258	1.414324	1.493788	0.3829301	2.812074
384	-3434.069	-3600.296	166.227	1.33142	1.688861	0.5128186	2.819498
390	-3446.944	-3613.072	166.1281	1.427385	2.220932	0.5128186	2.625798
396	-3445.536	-3612.213	166.6772	1.384495	2.075719	0.5128186	2.359453
402	-3434.717	-3601.438	166.7211	1.414579	1.990863	0.4976907	2.359453
408	-3442.526	-3609.084	166.5584	1.485853	2.489123	0.4976907	2.246653
414	-3427.706	-3595.033	167.3267	1.59238	2.162186	0.4976907	1.777304
420	-3429.85	-3597.347	167.4974	1.540923	1.936293	0.3215345	2.013516
426	-3441.07	-3607.656	166.585	1.443092	2.011141	0.3215345	2.62997
432	-3423.389	-3589.206	165.8167	1.317774	1.876524	0.5590701	2.95883
438	-3430.215	-3595.987	165.7721	1.386726	2.663008	0.4309217	2.819324
444	-3415.826	-3582.392	166.5657	1.489061	2.663008	0.4309217	2.261014
450	-3430.07	-3596.309	166.2388	1.340237	2.155808	0.5014152	2.644723
456	-3423.753	-3590.25	166.4974	1.447826	1.56892	0.5014152	2.644723
462	-3435.571	-3601.353	165.7819	1.333096	1.996339	0.4464485	3.038863
468	-3438.353	-3604.101	165.7479	1.411884	1.996339	0.4464485	3.011998
474	-3436.35	-3603.221	166.8712	1.403064	1.828026	0.5056419	2.326027
480	-3433.742	-3600.537	166.795	1.504301	2.434565	0.4912453	2.105721
486	-3437.514	-3604.789	167.2752	1.630355	1.740736	0.4567167	2.005948
492	-3432.483	-3599.015	166.5315	1.534962	2.287117	0.463644	2.335378
498	-3434.303	-3600.878	166.5745	1.371314	2.140119	0.463644	2.461879
504	-3433.447	-3599.256	165.8091	1.382271	1.931107	0.6151902	2.854358
510	-3431.23	-3597.035	165.8051	1.316409	2.208329	0.6151902	2.800545
516	-3429.932	-3596.997	167.065	1.545505	2.208329	0.3176274	2.197955
522	-3434.95	-3602.176	167.2265	1.600781	2.291301	0.3176274	2.026888
528	-3433.938	-3601.275	167.3365	1.6976	2.296017	0.3176274	1.886278
534	-3439.783	-3607.243	167.46	1.66951	2.59798	0.3141535	1.721072
540	-3435.922	-3603.291	167.3688	1.659797	2.59798	0.3313167	1.76506
546	-3439.08	-3606.348	167.2685	1.566868	2.59798	0.4600292	1.724584
552	-3436.837	-3604.369	167.5325	1.680256	2.379197	0.4600292	1.53004
558	-3430.991	-3598.815	167.8246	1.680256	1.687198	0.4600292	1.611656
564	-3454.705	-3619.958	165.253	1.481119	2.534979	0.3632151	3.189522
570	-3449.388	-3616.907	167.5184	1.62637	1.723538	0.4600292	1.84809
576	-3450.176	-3617.415	167.2389	1.661082	2.164201	0.4600292	1.834089
582	-3445.644	-3612.8	167.1554	1.397707	1.759179	0.3778116	2.323675
588	-3434.966	-3601.174	166.208	1.385442	2.383129	0.391472	2.682915
594	-3442.487	-3608.436	165.9491	1.368692	1.996968	0.5063918	2.854715
600	-3442.978	-3608.551	165.5733	1.235161	2.221949	0.4507943	3.141292
606	-3434.619	-3600.296	165.6775	1.384722	1.857967	0.4507943	3.115648
612	-3429.096	-3594.097	165.0007	1.23724	2.341364	0.6303876	3.274488
618	-3435.223	-3599.76	164.5367	1.142968	2.157162	0.4638379	3.808184
624	-3456.099	-3620.698	164.5997	1.110308	2.178985	0.4399845	3.808184
630	-3444.949	-3610.514	165.5651	1.197251	2.178985	0.4755164	3.157015
636	-3433.231	-3596.278	163.0464	1.160722	2.178985	0.4755164	4.625592
642	-3436.243	-3600.32	164.0777	1.173822	2.304887	0.4755164	3.99657
648	-3442.857	-3608.444	165.5869	1.356225	1.999985	0.4552393	3.130796
654	-3435.573	-3601.509	165.9359	1.232527	2.045962	0.4608685	2.974203
660	-3438.703	-3602.768	164.0647	1.325814	2.08846	0.6889507	3.801531
666	-3437.014	-3601.009	163.9948	1.301266	2.387883	0.6397939	3.801531
672	-3438.269	-3603.146	164.8769	1.452454	2.418866	0.7043502	3.137782
678	-3449.646	-3614.365	164.7193	1.345043	2.505793	0.7043502	3.269198
684	-3441.397	-3605.244	163.8473	1.140716	1.917436	0.5291619	4.220467
690	-3430.746	-3595.538	164.7913	1.233415	2.003387	0.5729986	3.557144
696	-3425.97	-3590.686	164.715	1.37995	1.993498	0.5803792	3.513167
702	-3424.976	-3590.76	165.7836	1.402866	1.993498	0.461016	2.981542
708	-3438.943	-3604.482	165.5388	1.311679	1.993498	0.517263	3.12594
714	-3451.711	-3616.491	164.7803	1.265289	2.490426	0.517263	3.443126
720	-3439.845	-3605.787	165.9418	1.39696	1.983984	0.6200414	2.741174
726	-3434.112	-3600.331	166.2191	1.606795	1.931236	0.5213389	2.552083
732	-3428.075	-3595.078	167.0028	1.593788	2.023522	0.5213389	2.023339
738	-3441.348	-3608.218	166.8702	1.419639	1.926761	0.7082966	2.086648
744	-3436.088	-3603.063	166.9747	1.639661	2.059987	0.7193298	1.805841
750	-3436.128	-3603.807	167.6788	1.725923	2.059987	0.4261798	1.560803
756	-3438.089	-3606.001	167.9122	1.765971	1.569371	0.4261798	1.588977
762	-3429.731	-3597.655	167.9244	1.685103	1.741998	0.462996	1.504083
768	-3429.957	-3597.731	167.7746	1.697734	2.019616	0.3809108	1.59192
774	-3420.141	-3587.779	167.6375	1.728414	2.05642	0.3809108	1.653389
780	-3425.018	-3592.756	167.7385	1.670337	2.05642	0.3803741	1.623288
786	-3426.769	-3594.269	167.4999	1.679059	2.05642	0.4353928	1.712686
792	-3418.83	-3585.705	166.8746	1.609017	2.05642	0.5194917	2.087377
798	-3435.329	-3602.141	166.8122	1.431753	2.029232	0.5194917	2.253265
804	-3431.89	-3599.058	167.1685	1.600834	2.029232	0.5338338	1.891683
810	-3431.316	-3598.04	166.7246	1.506013	1.997318	0.5452051	2.24771
816	-3422.982	-3590.06	167.0782	1.629591	1.997318	0.5701327	1.908084
822	-3430.066	-3597.527	167.461	1.68895	1.900407	0.4353689	1.797578
828	-3427.389	-3594.823	167.4335	1.692413	1.825657	0.5750421	1.685547
834	-3421.577	-3588.939	167.3619	1.630704	1.983626	0.4382305	1.867842
840	-3435.057	-3602.545	167.4879	1.504642	1.983626	0.4382305	1.867842
846	-3429.389	-3595.781	166.3917	1.409223	1.983626	0.4382305	2.635913
852	-3430.441	-3597.117	166.6764	1.409223	1.738934	0.4382305	2.55371
858	-3430.781	-3596.712	165.9314	1.396022	2.278841	0.483127	2.776942
864	-3422.693	-3587.697	165.0035	1.356663	2.234333	0.4508818	3.401885
870	-3423.899	-3589.116	165.2168	1.330886	2.020657	0.4782108	3.334002
876	-3429.059	-3594.428	165.3685	1.390473	1.787906	0.7157116	3.086184
882	-3422.804	-3588.241	165.4379	1.250927	1.844033	0.5277516	3.265519
888	-3420.688	-3586.118	165.4302	1.292424	1.64528	0.5173442	3.331973
894	-3422.975	-3588.635	165.6602	1.297153	1.560147	0.6177287	3.138319
900	-3424.429	-3590.39	165.9612	1.418904	1.984998	0.5498611	2.779073
906	-3419.471	-3585.59	166.1198	1.401394	2.290448	0.5498611	2.587732
912	-3429.468	-3595.088	165.6197	1.390101	2.290448	0.6744476	2.791942
918	-3428.371	-3593.855	165.4837	1.32378	2.290448	0.4182585	3.155419
924	-3435.353	-3600.828	165.4758	1.201374	1.896438	0.4454742	3.335084
930	-3433.814	-3599.495	165.6803	1.435264	1.748014	0.7071012	2.894149
936	-3437.54	-3602.913	165.3735	1.154108	2.249883	0.467114	3.281808
942	-3447.057	-3611.328	164.2704	1.074554	2.009904	0.467114	4.044659
948	-3441.536	-3605.237	163.701	1.127362	1.903444	0.6382611	4.223955
954	-3446.203	-3610.361	164.158	1.201106	1.854909	0.3728969	4.190008
960	-3438.001	-3603.191	165.1907	1.20321	2.322016	0.3728969	3.441342
966	-3430.768	-3595.308	164.5396	1.168921	2.625037	0.3728969	3.752097
972	-3425.534	-3590.059	164.5248	1.265792	2.437032	0.3728969	3.757589
978	-3432.987	-3598.713	165.7259	1.36639	2.210742	0.3728969	3.063594
984	-3428.241	-3593.929	165.6882	1.303514	2.210742	0.4951908	2.989852
990	-3443.166	-3609.722	166.556	1.494395	1.899675	0.6489373	2.303522
996	-3424.035	-3590.902	166.8666	1.550252	1.755755	0.5135042	2.256202
1002	-3420.211	-3587.261	167.0508	1.64746	2.300848	0.5135042	1.860219
1008	-3415.156	-3582.511	167.355	1.695895	2.300848	0.5206598	1.604065
1014	-3426.16	-3593.348	167.1886	1.780458	2.538023	0.5206598	1.576359
1020	-3442.964	-3609.956	166.9927	1.788609	2.948802	0.5206598	1.576359
1026	-3436.564	-3604.071	167.5066	1.685865	1.911739	0.5070983	1.675997
1032	-3428.154	-3595.29	167.1361	1.422405	1.80124	0.5042879	2.155451
1038	-3430.686	-3597.709	167.0232	1.525692	1.980947	0.4070356	2.201623
1044	-3454.629	-3622.084	167.4544	1.586243	1.358172	0.4070356	2.157764
1050	-3449.314	-3616.17	166.8558	1.60168	1.910224	0.4070356	2.287722
1056	-3435.355	-3602.06	166.7053	1.446995	2.077076	0.4192126	2.404678
1062	-3436.858	-3603.3	166.4427	1.446995	2.077076	0.3777991	2.618653
1068	-3428.022	-3594.039	166.017	1.494029	1.520084	0.3426688	3.108571
1074	-3435.002	-3598.67	163.6682	1.116283	2.198581	0.5822635	4.19807
1080	-3438.615	-3603.357	164.7425	1.299803	1.597753	0.6782136	3.611094
1086	-3440.144	-3605.279	165.1356	1.222038	2.051967	0.5385683	3.377039
1092	-3424.302	-3588.735	164.4334	1.172795	2.051967	0.5385683	3.813554
1098	-3433.788	-3598.802	165.0136	1.370993	2.047947	0.4344776	3.465549
1104	-3440.388	-3605.898	165.5103	1.420622	2.047748	0.5559994	3.02263
1110	-3437.069	-3603.585	166.5164	1.494154	2.047748	0.5836492	2.332354
1116	-3440.547	-3606.549	166.002	1.606338	2.047748	0.6560359	2.520882
1122	-3435.835	-3601.96	166.1246	1.483953	1.931895	0.7073366	2.520882
1128	-3438.007	-3604.531	166.5236	1.525041	2.456154	0.5896226	2.161582
1134	-3419.234	-3585.97	166.7366	1.544522	2.538657	0.5642331	2.006893
1140	-3426.546	-3593.9	167.3541	1.573934	1.95353	0.373383	2.006893
1146	-3430.302	-3596.78	166.4784	1.410828	1.95353	0.5494688	2.476531
1152	-3434.879	-3600.377	165.4977	1.410828	2.217097	0.5787697	2.958685
1158	-3438.017	-3603.714	165.6973	1.298125	2.209553	0.5086362	2.974672
1164	-3427.787	-3593.185	165.398	1.380334	2.209553	0.5086362	3.104619
1170	-3436.151	-3602.754	166.6035	1.511645	2.586051	0.3931303	2.291409
1176	-3436.372	-3602.559	166.187	1.411445	2.168898	0.3931303	2.747429
1182	-3424.359	-3590.239	165.8802	1.318677	2.071632	0.3931303	3.022124
1188	-3436.39	-3601.811	165.4207	1.307262	2.071632	0.5044126	3.184265
1194	-3429.421	-3594.802	165.381	1.260851	2.071632	0.5587873	3.184265
1200	-3428.831	-3594.29	165.4597	1.383471	2.139168	0.4900968	3.107291
1206	-3442.163	-3607.279	165.1156	1.243555	1.871084	0.7529848	3.264577
1212	-3442.886	-3606.95	164.0641	1.272862	1.993444	0.7889035	3.791883
1218	-3430.155	-3594.876	164.7214	1.328277	1.993444	0.7729967	3.388872
1224	-3436.017	-3600.784	164.767	1.352259	2.221809	0.931574	3.166322
1230	-3428.036	-3592.727	164.6915	1.359854	2.023947	0.931574	3.272153
1236	-3420.57	-3585.858	165.2877	1.359854	2.023947	0.4810108	3.271231
1242	-3428.277	-3594.264	165.9874	1.390614	1.956616	0.4810108	2.858385
1248	-3432.543	-3597.252	164.709	1.134465	1.713201	0.5559991	3.781538
1254	-3441.349	-3605.509	164.1602	1.135506	2.134376	0.4850181	4.014722
1260	-3443.551	-3607.871	164.3203	1.136689	1.725487	0.5130153	4.037392
1266	-3431.081	-3594.332	163.2506	1.114391	2.076103	0.5058526	4.540743
1272	-3440.452	-3606.183	165.7313	1.324265	1.651986	0.5487131	3.102782
1278	-3426.502	-3592.168	165.6658	1.302967	2.224301	0.3984853	3.102782
1284	-3434.729	-3600.214	165.4852	1.31243	1.608768	0.40522	3.418083
1290	-3431.61	-3594.89	163.28	1.090215	2.192206	0.4097293	4.596517
1296	-3426.922	-3590.505	163.583	1.064946	1.559224	0.4097293	4.661155
1302	-3433.678	-3597.343	163.665	0.9829174	1.559224	0.4097293	4.661155
1308	-3430.231	-3595.431	165.1997	1.252522	1.559224	0.4897035	3.55189
1314	-3439.846	-3603.614	163.7682	1.088944	1.76476	0.3829153	4.49465
1320	-3445.669	-3607.533	161.8636	1.09959	2.436454	0.7490112	5.023472
1326	-3430.839	-3595.854	165.0152	1.311546	2.436454	0.6049756	3.214687
1332	-3437.596	-3603.138	165.5423	1.351364	2.02424	0.3543947	3.266298
1338	-3427.141	-3593.135	165.9942	1.420084	1.809207	0.4980017	2.874036
1344	-3434.949	-3600.509	165.5594	1.353582	1.999182	0.4980017	3.105502
1350	-3444.737	-3611.845	167.1079	1.715253	2.125057	0.6901432	1.659753
1356	-3440.241	-3607.003	166.7626	1.74552	2.207383	0.6395612	1.895036
1362	-3446.454	-3613.71	167.2561	1.703553	2.373951	0.4782962	1.692674
1368	-3434.479	-3601.22	166.7409	1.671612	2.735735	0.5348088	1.886606
1374	-3437.873	-3604.556	166.6834	1.572308	2.451155	0.6184236	1.999484
1380	-3437.011	-3603.563	166.552	1.619436	2.182888	0.5059857	2.25838
1386	-3431.584	-3598.42	166.8364	1.485372	1.753255	0.4587989	2.376741
1392	-3430.699	-3597.504	166.8053	1.580858	1.620206	0.5614042	2.285828
1398	-3429.261	-3595.764	166.5029	1.550316	1.965657	0.4105284	2.517816
1404	-3427.13	-3593.609	166.4783	1.418983	2.114881	0.4506239	2.51545
1410	-3426.023	-3592.201	166.1771	1.418983	1.591287	0.4735248	2.877
1416	-3424.487	-3589.889	165.4022	1.339668	2.562505	0.6214008	2.915557
1422	-3444.024	-3609.425	165.4008	1.281229	1.807021	0.5001763	3.309637
1428	-3437.26	-3602.818	165.5578	1.377904	2.660829	0.5001763	2.88221
1434	-3435.414	-3601.031	165.6168	1.318856	2.660829	0.5001763	2.88221
1440	-3428.679	-3595.098	166.4194	1.363307	1.875878	0.4742373	2.648101
1446	-3431.017	-3596.945	165.9278	1.385265	1.875878	0.4742373	2.934224
1452	-3431.449	-3597.284	165.8346	1.373614	1.875878	0.5337096	2.938447
1458	-3435.924	-3602.209	166.2853	1.291975	1.875878	0.5092673	2.738262
1464	-3438.04	-3604.029	165.989	1.358812	1.875878	0.4673398	2.920405
1470	-3440.081	-3605.167	165.0867	1.231457	1.875878	0.6442772	3.370457
1476	-3440.033	-3606.627	166.5949	1.263392	1.875878	0.4284611	2.651626
1482	-3435.516	-3601.296	165.7798	1.331789	1.875878	0.3795644	3.159363
1488	-3432.348	-3597.354	165.0059	1.359609	1.339607	0.5443265	3.647226
1494	-3430.863	-3597.564	166.7007	1.404171	1.71093	0.5443265	2.441943
1500	-3423.408	-3589.741	166.3326	1.425877	1.828905	0.3746702	2.794057
1506	-3431.736	-3597.969	166.2327	1.519145	2.682016	0.4960744	2.376016
1512	-3438.21	-3604.827	166.6176	1.505437	1.747902	0.5851788	2.376016
1518	-3428.495	-3595.053	166.5582	1.505437	1.977296	0.5309513	2.376016
1524	-3434.853	-3601.291	166.4382	1.592946	1.977296	0.5517694	2.376016
1530	-3432.194	-3598.86	166.6657	1.572073	1.765566	0.6682832	2.220445
1536	-3428.672	-3594.602	165.9298	1.513329	2.038029	0.6960511	2.593835
1542	-3427.709	-3594.513	166.804	1.525501	2.038029	0.5645158	2.149118
1548	-3425.021	-3592.768	167.7469	1.694452	2.063244	0.5252475	1.403422
1554	-3441.192	-3608.503	167.3109	1.825176	2.063244	0.5252475	1.63135
1560	-3436.725	-3604.017	167.2922	1.700949	2.203307	0.5627266	1.635922
1566	-3425.835	-3593.682	167.8478	1.744935	1.861585	0.5627266	1.332768
1572	-3434.384	-3601.922	167.5381	1.740654	1.745986	0.5627266	1.625996
1578	-3438.429	-3606.167	167.7375	1.729501	1.745986	0.4458258	1.629127
1584	-3442.406	-3609.984	167.5784	1.74671	2.581802	0.4558136	1.373477
1590	-3443.91	-3611.77	167.8606	1.864436	2.023737	0.4558136	1.288538
1596	-3434.821	-3601.92	167.0993	1.718582	2.799943	0.6575449	1.446876
1602	-3441.828	-3609.196	167.3675	1.684615	2.057457	0.6610115	1.549479
1608	-3439.108	-3606.117	167.0088	1.665197	2.678434	0.646158	1.60682
1614	-3435.224	-3601.836	166.6115	1.586667	2.693219	0.577304	2.000223
1620	-3433.818	-3600.385	166.5669	1.396482	1.88393	0.4309265	2.580762
1626	-3433.315	-3599.609	166.2943	1.475997	2.187845	0.6278611	2.394398
1632	-3450.819	-3617.759	166.9402	1.475997	2.206067	0.4095319	2.201956
1638	-3435.955	-3603.471	167.5156	1.688769	2.206067	0.4496112	1.616504
1644	-3425.393	-3589.636	164.2425	1.282268	2.04862	0.5241235	3.874571
1650	-3439.07	-3604.377	165.3074	1.190943	1.909636	0.5205276	3.360624
1656	-3443.087	-3607.919	164.8324	1.345944	2.276904	0.5205276	3.42621
1662	-3430.845	-3595.515	164.67	1.227362	2.276904	0.5302901	3.581005
1668	-3432.958	-3598.236	165.2779	1.377633	2.449839	0.5849333	3.032436
1674	-3445.354	-3611.511	166.1561	1.360864	2.012655	0.3880079	2.856974
1680	-3451.777	-3617.529	165.752	1.368962	2.690891	0.4914925	2.769945
1686	-3437.885	-3603.346	165.4602	1.245384	2.690891	0.3810231	3.141131
1692	-3436.601	-3602.402	165.8006	1.385691	2.247446	0.407683	2.954491
1698	-3440.282	-3605.987	165.7047	1.384122	1.90994	0.466996	3.063717
1704	-3435.386	-3600.571	165.1854	1.338474	1.680333	0.5381749	3.415227
1710	-3432.514	-3596.46	163.9468	1.105404	1.888737	0.5989929	4.133657
1716	-3436.802	-3600.376	163.5742	1.139004	2.319172	0.6048614	4.183249
1722	-3435.754	-3599.704	163.9502	1.239879	2.319172	0.496096	4.007563
1728	-3423.378	-3588.201	164.8231	1.3614	2.008537	0.4205024	3.610348
1734	-3425.905	-3591.09	165.185	1.235541	2.031717	0.4375636	3.446689
1740	-3444.545	-3609.729	165.1841	1.32019	2.143196	0.5621906	3.238743
1746	-3438.065	-3602.852	164.7863	1.28624	1.931375	0.5397457	3.583881
1752	-3435.037	-3600.97	165.9325	1.333301	1.852477	0.4216613	3.027735
1758	-3427.959	-3594.342	166.3827	1.345015	2.400588	0.4939946	2.479439
1764	-3432.671	-3597.992	165.3215	1.188534	1.955727	0.4939946	3.363006
1770	-3428.57	-3592.361	163.7905	1.3052	1.955727	0.6472308	4.0469
1776	-3429.029	-3595.276	166.2474	1.344124	1.955727	0.6472308	2.572421
1782	-3425.452	-3592.431	166.9789	1.496774	1.96988	0.4061906	2.25413
1788	-3427.373	-3594.007	166.634	1.415764	2.285108	0.4061906	2.412926
1794	-3438.601	-3605.409	166.8087	1.381843	2.285108	0.4061906	2.323697
1800	-3440.233	-3606.251	166.018	1.451044	2.122202	0.299238	2.962747
1806	-3428.049	-3594.068	166.0188	1.45634	2.278724	0.299238	2.90772
1812	-3441.886	-3607.86	165.9738	1.451511	1.8525	0.299238	3.0843
1818	-3434.79	-3601.467	166.6776	1.509823	2.112412	0.299238	2.526698
1824	-3433.38	-3599.275	165.8944	1.458974	2.112412	0.4922338	2.807066
1830	-3436.453	-3602.561	166.1088	1.465854	2.112412	0.4035603	2.768843
1836	-3430.83	-3596.965	166.1347	1.267718	2.112412	0.4709134	2.799224
1842	-3437.513	-3601.947	164.4343	1.126937	2.564312	0.4709134	3.748458
1848	-3446.043	-3612.979	166.9354	1.473586	1.786656	0.5142612	2.247632
1854	-3430.973	-3595.524	164.5516	1.169516	2.148358	0.4999928	3.751784
1860	-3433.884	-3599.594	165.7095	1.294994	2.148358	0.5890181	2.91437
1866	-3437.621	-3602.875	165.2532	1.238079	2.052388	0.5890181	3.253028
1872	-3442.089	-3607.128	165.0383	1.283272	2.052388	0.7125691	3.253028
1878	-3439.664	-3604.947	165.2825	1.268425	1.734011	0.6939906	3.24714
1884	-3449.05	-3614.761	165.7111	1.290746	1.734011	0.6026056	3.05388
1890	-3444.694	-3610.542	165.8478	1.247546	1.859794	0.4336937	3.113579
1896	-3439.528	-3605.388	165.8606	1.389558	1.859794	0.3542867	3.113579
1902	-3436.832	-3601.999	165.1663	1.17371	1.859794	0.3966984	3.598361
1908	-3431.914	-3595.893	163.9786	1.199452	1.883866	0.4459731	4.203766
1914	-3427.432	-3591.8	164.3688	1.199452	1.916881	0.4091519	4.008768
1920	-3431.636	-3596.092	164.4558	1.124777	1.916881	0.4027269	4.008768
1926	-3436.678	-3600.629	163.9509	1.09196	2.190137	0.3722869	4.259332
1932	-3444.081	-3609.219	165.138	1.161139	1.984288	0.3722869	3.606366
1938	-3437.075	-3602.262	165.1869	1.180093	1.984288	0.6085525	3.332898
1944	-3434.251	-3599.249	164.9978	1.295469	1.797757	0.5644171	3.481422
1950	-3450.907	-3616.444	165.5369	1.323443	2.304954	0.5644171	2.972483
1956	-3440.721	-3606.091	165.37	1.290403	2.588443	0.5116981	3.056958
1962	-3439.872	-3604.815	164.9424	1.275065	2.588443	0.5640532	3.271133
1968	-3431.958	-3597.325	165.3672	1.277273	2.588443	0.5640532	3.017245
1974	-3430.541	-3597.492	166.9514	1.51711	1.731157	0.5428456	2.203191
1980	-3440.078	-3604.752	164.6731	1.14635	1.823784	0.5219035	3.785043
1986	-3455.835	-3620.321	164.4858	1.279031	1.823784	0.5567074	3.785043
1992	-3447.762	-3613.427	165.6645	1.379978	2.5756	0.5846953	2.760322
1998	-3441.408	-3607.85	166.4419	1.465291	1.863146	0.4869353	2.562587
2004	-3436.817	-3603.247	166.4295	1.465291	2.271006	0.5642318	2.346014
2010	-3439.379	-3605.113	165.7341	1.331373	2.271006	0.5344802	2.887541
2016	-3436.404	-3602.665	166.2611	1.462357	2.271006	0.5344802	2.483121
2022	-3424.624	-3590.844	166.2193	1.435197	2.078536	0.4689161	2.658765
2028	-3431.171	-3597.411	166.2393	1.47379	2.313091	0.3692654	2.658765
2034	-3435.329	-3601.296	165.967	1.522227	2.205115	0.48654	2.698595
2040	-3438.99	-3605.756	166.7662	1.424992	1.820395	0.5754365	2.312365
2046	-3439.499	-3606.066	166.5677	1.509715	2.184477	0.5754365	2.248333
2052	-3442.436	-3608.765	166.3289	1.517215	1.633435	0.5754365	2.606308
2058	-3440.037	-3605.934	165.897	1.445185	2.066046	0.6487818	2.685264
2064	-3432.419	-3598.483	166.0639	1.347823	1.996088	0.4744425	2.830563
2070	-3436.324	-3602.384	166.0599	1.331152	2.031452	0.4744425	2.830563
2076	-3438.508	-3604.401	165.8935	1.413987	2.428534	0.4744425	2.751012
2082	-3441.09	-3607.617	166.5263	1.420206	2.428534	0.6112074	2.21644
2088	-3440.674	-3606.348	165.6744	1.476874	2.428534	0.6014799	2.724166
2094	-3442.12	-3607.763	165.6423	1.608615	2.414658	0.6014799	2.66729
2100	-3440.343	-3605.097	164.7539	1.502631	2.032126	1.038511	3.083361
2106	-3440.479	-3606.129	165.6505	1.59246	2.032126	0.745613	2.680485
2112	-3436.709	-3601.997	165.2881	1.330615	2.206558	0.3487214	3.374902
2118	-3446.354	-3613.133	166.7791	1.444551	1.994596	0.4171317	2.392235
2124	-3431.201	-3597.166	165.9649	1.374616	2.657914	0.4164758	2.726888
2130	-3422.314	-3588.326	166.0119	1.463584	2.134892	0.5809245	2.639008
2136	-3432.372	-3597.904	165.5321	1.463584	2.134892	0.6583361	2.864923
2142	-3419.986	-3585.805	165.8195	1.443039	2.788846	0.5941156	2.55643
2148	-3426.894	-3593.737	166.8429	1.574041	1.762215	0.5941156	2.173243
2154	-3432.352	-3599.991	167.6388	1.666149	1.936675	0.4789315	1.618165
2160	-3436.058	-3603.624	167.5661	1.605624	1.936675	0.4015468	1.811029
2166	-3425.537	-3593.249	167.7117	1.546095	1.916329	0.4015468	1.759801
2172	-3431.033	-3598.396	167.3625	1.656269	1.607399	0.4015468	2.05781
2178	-3430.962	-3597.03	166.0675	1.326455	1.451188	0.4131224	3.124545
2184	-3421.125	-3588.593	167.4682	1.575303	1.732945	0.4131224	1.970229
2190	-3424.157	-3591.601	167.4438	1.575303	1.631373	0.4131224	2.032002
2196	-3418.43	-3585.614	167.184	1.611652	1.631373	0.4131224	2.178544
2202	-3426.391	-3592.763	166.3716	1.476401	1.981785	0.5322712	2.508657
2208	-3426.03	-3592.234	166.2038	1.39821	2.014472	0.5766573	2.607182
2214	-3449.135	-3613.389	164.254	1.276103	2.096971	0.9065097	3.568518
2220	-3452.399	-3615.726	163.3273	1.270086	2.216597	0.8020686	4.134157
2226	-3424.827	-3589.461	164.6348	1.230543	2.758548	0.8020686	3.244965
2232	-3425.812	-3591.229	165.4174	1.382129	2.139735	0.8601267	2.831606
2238	-3435.207	-3601.496	166.2889	1.438661	2.115716	0.6335794	2.441471
2244	-3445.984	-3611.876	165.8921	1.613009	2.333738	0.7251512	2.430686
2250	-3438.38	-3604.719	166.3392	1.447761	2.333738	0.488933	2.469167
2256	-3429.341	-3596.231	166.8902	1.620887	2.170387	0.488933	2.06018
2262	-3432.542	-3599.65	167.1083	1.584766	2.20747	0.3784177	2.06018
2268	-3437.861	-3604.923	167.0614	1.584766	2.203818	0.3784177	2.092329
2274	-3439.969	-3606.987	167.0182	1.692941	2.660693	0.4075918	1.856629
2280	-3430.546	-3597.72	167.1734	1.626938	2.03715	0.4075918	2.014546
2286	-3423.327	-3590.215	166.8888	1.597514	2.03715	0.4889611	2.125826
2292	-3418.521	-3585.47	166.9488	1.469451	2.03715	0.4680633	2.193247
2298	-3431.054	-3597.152	166.0978	1.413809	2.351392	0.4680633	2.656641
2304	-3427.622	-3592.778	165.1555	1.386235	1.947944	0.5884392	3.259951
2310	-3432.38	-3598.219	165.839	1.339912	1.947944	0.5884392	2.87926
2316	-3436.196	-3602.044	165.8488	1.392957	1.947944	0.5884392	2.841164
2322	-3428.724	-3593.789	165.0644	1.333036	1.947944	0.5245745	3.402468
2328	-3438.206	-3603.419	165.2134	1.278763	1.947944	0.5245745	3.346877
2334	-3431.828	-3597.785	165.957	1.352763	2.134999	0.3769416	2.953253
2340	-3428.452	-3595.17	166.7181	1.511702	1.944311	0.3769416	2.456235
2346	-3435.342	-3601.349	166.0071	1.439385	1.846724	0.6150073	2.73064
2352	-3433.668	-3599.713	166.0454	1.439385	2.137802	0.6150073	2.601529
2358	-3442.824	-3610.254	167.4294	1.427248	1.757702	0.4607479	2.026369
2364	-3433.566	-3598.273	164.7073	1.229599	2.095615	0.4607479	3.682741
2370	-3444.14	-3608.52	164.38	1.208372	1.889228	0.7890898	3.682741
2376	-3432.797	-3597.558	164.7611	1.313882	2.408989	0.5110828	3.455579
2382	-3435.523	-3601.058	165.5359	1.362716	2.029811	0.6618322	2.956741
2388	-3441.738	-3606.583	164.8457	1.223958	2.003185	0.6315582	3.481505
2394	-3428.678	-3593.163	164.4855	1.371358	2.003185	0.6315582	3.605399
2400	-3430.585	-3595.267	164.6816	1.171192	2.003185	0.5457423	3.681093
2406	-3422.53	-3587.369	164.8392	1.242585	2.003185	0.4118478	3.681093
2412	-3434.739	-3600.79	166.0503	1.371583	1.759386	0.4118478	2.98063
2418	-3461.476	-3627.662	166.1858	1.418985	2.148505	0.4118478	2.728485
2424	-3439.773	-3606.48	166.7072	1.472386	1.707246	0.4118478	2.538609
2430	-3431.718	-3597.915	166.1972	1.460411	2.412629	0.5389752	2.473978
2436	-3437.685	-3603.708	166.0231	1.45133	2.412629	0.5389752	2.588146
2442	-3446.574	-3612.976	166.402	1.45412	1.810056	0.4359749	2.669843
2448	-3429.72	-3595.999	166.2791	1.322388	1.618363	0.4359749	2.90241
2454	-3431.157	-3596.227	165.0696	1.277572	1.758796	0.7545808	3.312426
2460	-3424.925	-3590.056	165.1313	1.359753	1.758796	0.6712586	3.290709
2466	-3429.79	-3594.779	164.9887	1.220636	2.365909	0.6221922	3.290709
2472	-3445.827	-3611.815	165.9874	1.321143	2.650032	0.3531496	2.824537
2478	-3435.896	-3601.418	165.5218	1.365263	2.650032	0.4659949	2.949554
2484	-3441.275	-3605.43	164.1555	1.217869	2.254884	0.5435997	3.878238
2490	-3430.883	-3596.549	165.666	1.328067	2.073228	0.6546749	2.889976
2496	-3431.079	-3596.277	165.1979	1.328067	2.073228	0.4342057	3.374521
2502	-3432.614	-3596.937	164.3227	1.167479	2.224001	0.4342057	3.926341
2508	-3437.712	-3601.996	164.2847	1.274643	2.439815	0.4342057	3.822266
2514	-3422.607	-3587.668	165.0616	1.466426	2.439815	0.4342057	3.258045
2520	-3427.966	-3594.251	166.2843	1.521038	2.439815	0.4251205	2.494114
2526	-3434.771	-3601.276	166.5055	1.466864	2.439815	0.4039371	2.414281
2532	-3446.825	-3613.017	166.1915	1.407198	2.569279	0.6489515	2.360773
2538	-3442.104	-3607.128	165.0241	1.468648	2.569279	0.6489515	3.040207
2544	-3444.331	-3610.588	166.2575	1.447448	2.097235	0.4823519	2.606905
2550	-3439.688	-3606.343	166.6547	1.49862	1.895948	0.5096906	2.371898
2556	-3443.574	-3609.752	166.1781	1.503458	1.950116	0.5096906	2.646071
2562	-3434.886	-3601.984	167.0986	1.475727	1.818534	0.5096906	2.132161
2568	-3428.267	-3595.54	167.2737	1.544204	1.419618	0.5660228	2.096094
2574	-3432.621	-3598.719	166.0988	1.568907	2.055564	0.5660228	2.561637
2580	-3436.659	-3602.807	166.1478	1.360878	2.197557	0.5660228	2.611002
2586	-3434.625	-3599.886	165.2609	1.290005	2.616316	0.5660228	3.063529
2592	-3442.909	-3608.455	165.5458	1.378777	2.424535	0.6695192	2.805792
2598	-3436.487	-3599.894	163.4065	1.186393	2.461664	0.6086525	4.207213
2604	-3427.824	-3592.712	164.8877	1.206964	2.265166	0.5136774	3.4852
2610	-3431.711	-3597.807	166.0962	1.291093	1.949999	0.5136774	2.822236
2616	-3430.046	-3595.63	165.5839	1.204615	1.906991	0.5136774	3.196954
2622	-3423.808	-3590.035	166.2271	1.312007	2.217598	0.4209656	2.735055
2628	-3416.865	-3582.389	165.5242	1.388633	2.144701	0.601186	2.960129
2634	-3431.007	-3596.552	165.5454	1.430608	3.118014	0.601186	2.639697
2640	-3429.986	-3596.552	166.5656	1.526037	2.369516	0.5801558	2.171235
2646	-3423.4	-3589.955	166.5554	1.587817	2.382469	0.5801558	2.133333
2652	-3429.687	-3596.172	166.4847	1.587817	2.103462	0.6855489	2.180579
2658	-3427.994	-3595.152	167.1574	1.431447	2.034443	0.3924116	2.173754
2664	-3432.437	-3598.712	166.2753	1.452393	2.161683	0.3924116	2.671465
2670	-3425.16	-3591.528	166.3678	1.401989	2.161683	0.3712518	2.671465
2676	-3428.131	-3593.612	165.4816	1.313615	2.161683	0.3712518	3.257995
2682	-3431.344	-3597.254	165.9102	1.341462	1.566289	0.5897673	2.984027
2688	-3426.74	-3593.021	166.2812	1.36055	1.541783	0.5602599	2.78542
2694	-3436.909	-3602.449	165.5401	1.210671	1.541783	0.5602599	3.318422
2700	-3437.388	-3602.573	165.1853	1.322953	1.662956	0.5725176	3.400313
2706	-3440.484	-3605.267	164.7835	1.212894	1.622254	0.8253921	3.521994
2712	-3450.34	-3613.148	162.8078	1.068673	1.792759	0.8253921	4.665921
2718	-3440.376	-3604.555	164.1788	1.103627	1.950401	0.4707472	4.096753
2724	-3440.844	-3604.709	163.8646	1.204752	2.232525	0.6058745	4.005729
2730	-3439.307	-3604.229	164.9217	1.415675	2.000917	0.420856	3.523658
2736	-3436.284	-3601.765	165.4811	1.353753	2.223068	0.4803289	3.094664
2742	-3439.69	-3604.921	165.2307	1.409414	2.369537	0.4692402	3.176004
2748	-3435.265	-3601.358	166.0928	1.419511	2.877754	0.4692402	2.499661
2754	-3434.7	-3601.443	166.7427	1.506138	2.433298	0.4834517	2.147641
2760	-3430.498	-3596.461	165.963	1.420498	2.464572	0.4834517	2.683987
2766	-3430.188	-3596.697	166.5094	1.435514	2.001425	0.4401031	2.538021
2772	-3432.15	-3598.373	166.2229	1.463651	2.001425	0.7226014	2.433848
2778	-3439.188	-3605.959	166.7715	1.414673	2.001425	0.5238554	2.296233
2784	-3426.527	-3593.399	166.8725	1.444267	2.001425	0.5238554	2.212341
2790	-3439.687	-3606.382	166.6957	1.451552	2.001425	0.4998164	2.34596
2796	-3444.716	-3611.191	166.4748	1.451552	2.239789	0.4962448	2.405002
2802	-3444.169	-3611.046	166.8766	1.476135	1.885847	0.4068955	2.3641
2808	-3443.176	-3610.043	166.8677	1.553942	2.115217	0.3682384	2.282936
2814	-3436.528	-3602.454	165.9258	1.425274	2.319208	0.4534614	2.780869
2820	-3436.892	-3602.352	165.4602	1.293719	2.018116	0.3770013	3.323455
2826	-3435.267	-3600.992	165.7255	1.414824	2.197064	0.3836633	3.026435
2832	-3448.54	-3613.898	165.3582	1.255813	2.773915	0.5185802	3.026435
2838	-3441.655	-3607.531	165.8751	1.411943	2.897954	0.4992333	2.602747
2844	-3440.284	-3606.345	166.0613	1.411943	2.207544	0.6305868	2.571237
2850	-3436.42	-3603.71	167.2905	1.711301	2.138786	0.5493915	1.66983
2856	-3449.168	-3616.713	167.5451	1.727525	2.21407	0.5493915	1.439586
2862	-3452.145	-3619.312	167.1671	1.710283	2.141825	0.5493915	1.756515
2868	-3433.425	-3600.385	166.9591	1.757361	2.40892	0.5493915	1.76992
2874	-3443.815	-3609.46	165.6454	1.346329	2.559307	0.5800076	2.801535
2880	-3433.362	-3598.811	165.4489	1.295428	2.039851	0.5324015	3.158616
2886	-3442.635	-3608.588	165.9531	1.315518	2.039851	0.5324015	2.844013
2892	-3438.342	-3605.135	166.7927	1.409854	2.039851	0.4462627	2.355102
2898	-3441.358	-3608.562	167.2043	1.595063	2.039851	0.4390256	1.975276
2904	-3429.964	-3597.06	167.0963	1.603402	2.149607	0.4390256	2.000376
2910	-3441.856	-3608.738	166.8819	1.603402	2.148766	0.4593049	2.11844
2916	-3440.812	-3608.03	167.2177	1.550792	2.148766	0.5137049	1.868092
2922	-3443.303	-3610.992	167.689	1.816863	1.928133	0.4864609	1.463745
2928	-3421.507	-3589.232	167.725	1.914686	2.173675	0.4864609	1.245386
2934	-3426.371	-3594.152	167.7811	1.914686	2.173675	0.4864609	1.197933
2940	-3427.077	-3594.793	167.7157	1.802626	2.314034	0.4400786	1.348805
2946	-3427.091	-3594.97	167.8789	1.87914	1.824193	0.4400786	1.381123
2952	-3427.16	-3595.048	167.8878	1.850344	1.824193	0.3566313	1.519663
2958	-3437.847	-3605.452	167.6057	1.588114	1.824193	0.4636151	1.765001
2964	-3437.957	-3605.315	167.3572	1.664579	1.824193	0.5404292	1.796413
2970	-3422.305	-3589.97	167.6655	1.746731	1.849376	0.4360957	1.633715
2976	-3433.419	-3600.536	167.1174	1.568965	2.004686	0.3869223	2.128553
2982	-3422.791	-3590.613	167.8222	1.766608	1.611849	0.3869223	1.685718
2988	-3426.025	-3593.767	167.7418	1.80068	2.255791	0.30196	1.56831
2994	-3425.232	-3592.648	167.4164	1.664539	2.3248	0.4764989	1.626239
3000	-3432.069	-3599.561	167.492	1.650569	2.3248	0.4764989	1.58145
3006	-3438.388	-3605.488	167.1003	1.702992	2.3248	0.5876615	1.698653
3012	-3430.207	-3597.66	167.4522	1.597168	2.3248	0.4095753	1.734417
3018	-3426.784	-3594.463	167.679	1.597168	1.589322	0.4095753	1.883492
3024	-3430.435	-3597.558	167.1228	1.601251	2.122683	0.4428776	1.989518
3030	-3417.716	-3584.53	166.8137	1.485284	2.122683	0.5478865	2.154225
3036	-3421.197	-3588.272	167.0751	1.542467	2.048178	0.4027038	2.136901
3042	-3425.814	-3592.832	167.0174	1.590315	2.065432	0.4027038	2.136901
3048	-3440.486	-3607.699	167.2123	1.593242	1.654951	0.5353177	2.023459
3054	-3443.584	-3607.371	163.7874	1.074762	1.776829	0.4819956	4.385149
3060	-3431.273	-3595.928	164.6546	1.113637	2.205131	0.5807603	3.633258
3066	-3432.935	-3596.984	164.0496	1.095705	2.213958	0.6859921	3.904669
3072	-3442.377	-3606.428	164.0513	1.218884	2.111842	0.4374622	4.083921
3078	-3436.836	-3601.963	165.1268	1.228239	1.750383	0.6606763	3.382301
3084	-3424.023	-3588.327	164.3041	1.141017	2.052435	0.5329552	3.910946
3090	-3431.912	-3596.751	164.839	1.214742	2.052435	0.5329552	3.559616
3096	-3434.929	-3599.175	164.2468	1.189264	2.052435	0.6174243	3.843423
3102	-3429.502	-3593.643	164.1405	1.218077	2.144966	0.5450618	3.919708
3108	-3432.085	-3596.479	164.3942	1.178494	2.02084	0.4762326	3.901754
3114	-3428.429	-3593.718	165.2888	1.185166	2.02084	0.4369085	3.419845
3120	-3444.827	-3610.089	165.2625	1.139949	1.900018	0.5210388	3.419845
3126	-3429.674	-3594.094	164.4204	1.219167	2.028014	0.5673929	3.776709
3132	-3433.75	-3598.19	164.4403	1.287594	2.223086	0.8731968	3.433727
3138	-3426.55	-3589.306	162.7561	1.289269	2.223086	0.8731968	4.398869
3144	-3442.078	-3605.868	163.7902	1.125367	2.056703	0.5531217	4.193687
3150	-3448.018	-3612.675	164.6562	1.202486	1.882761	0.6336721	3.64454
3156	-3434.984	-3599.7	164.7157	1.202486	1.925199	0.3945167	3.821419
3162	-3455.276	-3621.137	165.8606	1.342492	2.137395	0.4845664	2.897506
3168	-3457.815	-3623.997	166.1821	1.440342	1.988656	0.6505584	2.538235
3174	-3449.115	-3614.094	164.9796	1.316317	1.568242	0.6904778	3.466101
3180	-3450.096	-3616.276	166.1801	1.541916	1.568242	0.8033026	2.524456
3186	-3446.402	-3614.137	167.7341	1.47291	1.41538	0.3237476	2.131639
3192	-3454.761	-3621.186	166.4245	1.563097	2.290098	0.3649811	2.501433
3198	-3438.088	-3604.859	166.7712	1.466108	2.36223	0.5352425	2.123543
3204	-3435.17	-3601.131	165.9608	1.384123	2.166506	0.5687752	2.71966
3210	-3445.551	-3611.467	165.9155	1.406481	2.208517	0.5687752	2.71966
3216	-3442.475	-3608.716	166.241	1.398052	2.577207	0.3686264	2.623716
3222	-3442.424	-3608.979	166.5548	1.452361	2.095564	0.4895684	2.41116
3228	-3433.037	-3599.668	166.6317	1.356801	1.850133	0.4895684	2.51421
3234	-3431.22	-3597.373	166.1531	1.308236	2.008886	0.3412929	2.949858
3240	-3437.621	-3603.679	166.0587	1.509006	2.019126	0.5760719	2.627238
3246	-3430.363	-3597.558	167.1944	1.549943	1.942946	0.4341125	2.055723
3252	-3424.802	-3591.434	166.6317	1.484905	1.942946	0.5055242	2.381424
3258	-3436.465	-3602.5	166.0353	1.388332	2.282791	0.5055242	2.693968
3264	-3435.374	-3600.199	164.8244	1.399653	2.282791	0.6298579	3.301178
3270	-3444.171	-3608.371	164.1999	1.235895	3.02005	0.4232203	3.751488
3276	-3445.361	-3610.995	165.6347	1.293526	1.838139	0.533816	3.120055
3282	-3446.189	-3611.863	165.6746	1.359062	1.838139	0.533816	3.057165
3288	-3438.353	-3604.347	165.9949	1.425907	2.173133	0.5023987	2.735074
3294	-3440.716	-3606.24	165.5239	1.260621	1.852981	0.4649274	3.267375
3300	-3447.796	-3612.017	164.2206	1.299443	2.236109	0.6284338	3.727317
3306	-3428.445	-3593.137	164.6913	1.19241	1.89754	0.5105436	3.732179
3312	-3418.889	-3584.781	165.8915	1.353019	1.89754	0.4549336	2.987625
3318	-3424.335	-3590.139	165.8042	1.410709	2.011813	0.4540415	2.965363
3324	-3422.639	-3589.115	166.4756	1.451572	2.011813	0.5982989	2.384815
3330	-3424.171	-3591.254	167.0837	1.487853	2.011813	0.3990047	2.185211
3336	-3427.251	-3594.109	166.8586	1.459725	1.580339	0.3990047	2.521582
3342	-3427.344	-3593.816	166.4725	1.506273	2.122329	0.3990047	2.521582
3348	-3430.048	-3596.428	166.3797	1.331087	1.685204	0.5534054	2.688666
3354	-3429.266	-3593.351	164.085	1.185929	2.372407	0.5534054	3.893062
3360	-3427.341	-3591.49	164.149	1.191031	1.656865	0.6165736	4.040527
3366	-3428.206	-3592.194	163.9881	1.054338	1.795009	0.4691713	4.289065
3372	-3429.351	-3594.628	165.2763	1.108249	1.861274	0.4691713	3.494755
3378	-3420.488	-3584.645	164.1577	1.133321	1.91851	0.4882976	4.085795
3384	-3421.055	-3586.364	165.3084	1.240317	1.940071	0.4882976	3.351367
3390	-3424.006	-3589.035	165.029	1.210973	2.045549	0.6512285	3.351367
3396	-3421.673	-3586.635	164.9617	1.360799	1.906225	0.6512285	3.351367
3402	-3422.332	-3588.09	165.7587	1.222355	1.906225	0.4883578	3.107657
3408	-3423.763	-3589	165.2371	1.224458	2.006022	0.4883578	3.379503
3414	-3435.713	-3600.761	165.0481	1.342888	2.086137	0.6911508	3.217017
3420	-3434.535	-3600.558	166.0221	1.579897	2.012963	0.6911508	2.508079
3426	-3438.488	-3604.657	166.1688	1.317712	2.012963	0.6911508	2.579943
3432	-3442.811	-3607.703	164.8912	1.267417	2.021304	0.6911508	3.375944
3438	-3433.797	-3598.758	164.9608	1.381906	2.014277	0.6911508	3.26998
3444	-3429.224	-3595.277	166.0528	1.386104	2.014277	0.6911508	2.608951
3450	-3440.525	-3605.9	165.3746	1.283706	1.702885	0.6911508	3.197973
3456	-3434.254	-3601.375	167.1214	1.67569	1.843928	0.4463188	2.04636
3462	-3430.086	-3596.531	166.445	1.392684	1.866338	0.5608589	2.530916
3468	-3426.218	-3591.791	165.5731	1.360954	2.487252	0.5608589	2.875413
3474	-3439.986	-3605.678	165.6921	1.401317	2.326797	0.5608589	2.82805
3480	-3431.293	-3597.595	166.3023	1.351809	1.949614	0.5128934	2.659949
3486	-3429.276	-3596.162	166.8853	1.467266	1.949614	0.3465645	2.416378
3492	-3444.575	-3611.473	166.8978	1.468181	1.759981	0.4261441	2.383153
3498	-3444.148	-3610.892	166.7443	1.617871	2.137318	0.4263052	2.240986
3504	-3433.011	-3599.951	166.94	1.469893	2.137318	0.4009301	2.240986
3510	-3428.576	-3595.161	166.5848	1.45778	2.137318	0.472318	2.392515
3516	-3440.051	-3606.641	166.5902	1.277431	1.730079	0.472318	2.654974
3522	-3443.461	-3609.663	166.2029	1.300753	1.890904	0.605239	2.68745
3528	-3448.106	-3615.811	167.7048	1.58693	1.524087	0.3525069	1.981152
3534	-3446.157	-3612.64	166.4826	1.369971	1.428878	0.5756182	2.693365
3540	-3450.187	-3616.173	165.9867	1.402783	1.428878	0.5756182	2.974566
3546	-3431.489	-3597.007	165.5185	1.226641	1.654328	0.4898582	3.341646
3552	-3430.808	-3596.423	165.6149	1.335013	1.71195	0.4445345	3.244478
3558	-3432.732	-3596.257	163.525	1.173947	2.204918	0.4969933	4.320395
3564	-3431.566	-3596.012	164.446	1.182449	1.913349	0.4655832	3.916971
3570	-3431.752	-3596.189	164.4374	1.122138	2.046324	0.4783892	3.898709
3576	-3432.397	-3596.653	164.2566	1.192752	2.214563	0.487984	3.898709
3582	-3433.275	-3595.916	162.6401	1.014205	2.214563	0.6881114	4.746205
3588	-3431.96	-3596.767	164.8071	1.273962	1.83568	0.4460686	3.703874
3594	-3429.447	-3594.176	164.7294	1.214048	2.06546	0.4460686	3.703874
3600	-3433.589	-3597.652	164.0627	1.107915	2.06546	0.7142014	3.916515
3606	-3449.297	-3613.617	164.3202	1.132313	2.022739	0.7142014	3.768634
3612	-3448.584	-3614.249	165.665	1.271525	1.933511	0.3965594	3.222514
3618	-3446.678	-3611.599	164.9212	1.121793	2.050903	0.3854382	3.717
3624	-3450.573	-3614.714	164.1411	1.334918	2.050903	0.7536866	3.717
3630	-3434.903	-3600.318	165.4159	1.293184	1.988581	0.5919751	3.143403
3636	-3438.895	-3603.893	164.9974	1.350393	1.998068	0.5919751	3.353586
3642	-3425.021	-3590.731	165.7101	1.462428	1.998068	0.4339186	3.01733
3648	-3438.664	-3604.586	165.9212	1.462428	2.00363	0.6144361	2.711561
3654	-3444.089	-3609.505	165.416	1.422274	2.364773	0.6144361	2.92271
3660	-3443.332	-3608.67	165.3372	1.506784	2.364773	0.6144361	2.919321
3666	-3428.341	-3594.957	166.6159	1.623834	2.001467	0.6144361	2.173503
3672	-3443.083	-3610.882	167.7996	1.839187	2.359123	0.3356834	1.3977
3678	-3439.943	-3607.751	167.8078	1.744699	2.173948	0.3356834	1.537825
3684	-3434.873	-3602.261	167.3884	1.732528	2.277814	0.3356834	1.806034
3690	-3432.287	-3599.445	167.1579	1.556104	2.318371	0.4943035	1.864744
3696	-3423.665	-3590.517	166.8517	1.527072	1.918663	0.4943035	2.235287
3702	-3428.912	-3595.492	166.5797	1.590509	2.386334	0.4943035	2.2023
3708	-3433.929	-3600.904	166.9752	1.573711	2.254676	0.4943035	1.99884
3714	-3433.625	-3600.227	166.6022	1.515841	2.254676	0.4943035	2.28008
3720	-3424.586	-3590.982	166.3961	1.530537	2.47487	0.373255	2.469955
3726	-3425.215	-3591.908	166.6929	1.618341	2.277777	0.373255	2.2904
3732	-3435.078	-3601.964	166.886	1.395087	1.973315	0.373255	2.417726
3738	-3423.963	-3590.887	166.9245	1.563702	2.158018	0.373255	2.218276
3744	-3432.39	-3598.8	166.4099	1.453215	2.877216	0.373255	2.391846
3750	-3432.146	-3599.291	167.1453	1.501622	2.116121	0.3277276	2.192755
3756	-3437.613	-3604.159	166.5452	1.47747	1.963617	0.3277276	2.64219
3762	-3437.439	-3604.298	166.8595	1.444547	1.894858	0.4301015	2.363963
3768	-3424.835	-3591.833	166.998	1.54114	1.862854	0.4513001	2.201602
3774	-3418.399	-3585.434	167.0343	1.472341	1.862854	0.4513001	2.222575
3780	-3417.369	-3583.578	166.2089	1.409271	1.945221	0.4486964	2.750593
3786	-3425.578	-3592.64	167.0616	1.479591	1.653574	0.4514509	2.287511
3792	-3429.785	-3596.438	166.6535	1.521528	1.745555	0.4867845	2.442089
3798	-3433.429	-3600.289	166.8601	1.47396	2.000334	0.4867845	2.240793
3804	-3431.927	-3599.037	167.1095	1.476932	1.604923	0.4867845	2.240793
3810	-3418.049	-3585.749	167.7006	1.695927	1.664595	0.5346674	1.611382
3816	-3426.84	-3594.526	167.6861	1.73709	2.016587	0.3923835	1.612456
3822	-3420.658	-3588.748	168.09	1.777293	1.378426	0.3923835	1.601563
3828	-3422.49	-3590.557	168.0672	1.634132	1.378426	0.4403042	1.656374
3834	-3420.722	-3588.971	168.2493	1.841918	1.56006	0.4358379	1.2615
3840	-3428.342	-3596.704	168.3617	2.054918	1.56006	0.4358379	0.9647107
3846	-3435.215	-3603.745	168.5306	2.021845	1.56006	0.3683517	0.9583213
3852	-3432.618	-3600.893	168.2751	1.902195	1.914937	0.3683517	1.09695
3858	-3429.729	-3598.038	168.3082	1.902195	1.762079	0.3683517	1.153408
3864	-3434.991	-3603.247	168.2554	1.859853	1.762079	0.3683517	1.235326
3870	-3436.658	-3603.376	166.7177	1.307522	1.634642	0.4193536	2.655811
3876	-3428.497	-3593.691	165.1943	1.33105	1.768752	0.4777875	3.438045
3882	-3435.743	-3603.861	168.1183	1.715571	1.567386	0.4321986	1.466053
3888	-3421.89	-3589.653	167.7634	1.657727	1.567386	0.4321986	1.765274
3894	-3420.685	-3588.093	167.408	1.550288	1.783435	0.4106932	2.008313
3900	-3417.471	-3584.687	167.2154	1.46539	1.783435	0.4520492	2.141261
3906	-3422.954	-3589.693	166.7388	1.489556	2.31384	0.4520492	2.235807
3912	-3435.768	-3602.919	167.1513	1.51627	2.160854	0.3823114	2.088664
3918	-3434.514	-3601.365	166.8511	1.464919	2.160854	0.4600149	2.223231
3924	-3436.257	-3603.059	166.8021	1.527423	2.160854	0.4600149	2.214545
3930	-3423.983	-3590.645	166.662	1.517766	2.160854	0.4600149	2.310661
3936	-3429.671	-3596.395	166.724	1.517766	2.160854	0.4600149	2.270999
3942	-3418.319	-3585.53	167.2107	1.495438	2.160854	0.4638843	1.962384
3948	-3430.824	-3598.423	167.5997	1.586267	1.784268	0.3462485	1.941924
3954	-3427.049	-3594.6	167.5509	1.594437	2.267101	0.3342827	1.795145
3960	-3431.274	-3598.706	167.4314	1.517877	1.691221	0.3651232	2.113408
3966	-3423.268	-3589.687	166.4193	1.398669	1.740944	0.3651232	2.803992
3972	-3426.886	-3592.929	166.0437	1.372428	2.114625	0.4675024	2.79374
3978	-3422.939	-3589.302	166.3629	1.409276	2.114625	0.3230086	2.7488
3984	-3426.742	-3592.76	166.0187	1.370288	2.460962	0.4430585	2.72494
3990	-3430.027	-3596.668	166.641	1.412327	1.843766	0.3966831	2.580421
3996	-3439.678	-3606.058	166.3804	1.428264	1.889944	0.519258	2.580421
4002	-3445.39	-3610.674	165.2835	1.348092	1.889944	0.6833048	3.149079
4008	-3437.391	-3603.521	166.1293	1.348358	2.462399	0.4270915	2.687931
4014	-3440.454	-3605.674	165.22	1.20691	2.118387	0.6970934	3.180332
4020	-3447.385	-3609.499	162.1137	1.106518	2.118387	0.4990997	5.171783
4026	-3454.366	-3619.154	164.7876	1.154927	2.035237	0.4990997	3.661687
4032	-3434.591	-3599.289	164.6979	1.166128	2.174016	0.5012726	3.659781
4038	-3431.215	-3596.387	165.1715	1.215572	2.174016	0.5143186	3.342166
4044	-3436.42	-3602.519	166.0987	1.387442	2.4806	0.5143186	2.584158
4050	-3425.108	-3591.819	166.7114	1.393929	2.095146	0.447976	2.394758
4056	-3440.335	-3606.85	166.5154	1.484068	2.410701	0.447976	2.354944
4062	-3438.237	-3605.343	167.1062	1.646213	2.308631	0.447976	1.896476
4068	-3431.984	-3599.489	167.5051	1.686829	2.308631	0.447976	1.587923
4074	-3425.765	-3592.852	167.0863	1.674435	2.146167	0.55919	1.825283
4080	-3434.258	-3601.309	167.0513	1.539649	1.951578	0.447381	2.137312
4086	-3434.423	-3601.636	167.2131	1.461593	1.951578	0.4407627	2.090275
4092	-3443.314	-3610.166	166.8518	1.493746	1.951578	0.4407627	2.303375
4098	-3422.097	-3588.424	166.3271	1.394298	1.993142	0.3664686	2.765873
4104	-3440.447	-3604.826	164.3788	1.269614	2.559576	0.5746722	3.602911
4110	-3443.195	-3607.395	164.1999	1.123392	2.559576	0.5746722	3.790878
4116	-3424.196	-3589.337	165.1411	1.250837	2.375592	0.429499	3.362455
4122	-3431.31	-3596.351	165.0411	1.289349	2.046567	0.429499	3.502905
4128	-3422.326	-3586.494	164.1681	1.159296	2.450881	0.5371775	3.852351
4134	-3422.066	-3585.828	163.7624	1.030199	2.450881	0.5371775	4.157863
4140	-3433.615	-3596.328	162.7126	1.229108	2.450881	0.5371775	4.637965
4146	-3443.252	-3608.267	165.0146	1.276159	1.821995	0.4180881	3.617032
4152	-3440.991	-3606.858	165.8668	1.324646	1.821995	0.5962441	2.911578
4158	-3436.411	-3602.445	166.0342	1.332413	2.369283	0.5180389	2.688804
4164	-3421.279	-3587.509	166.2297	1.483417	1.95342	0.5678827	2.568789
4170	-3438.496	-3604.822	166.326	1.581806	1.95342	0.6498724	2.372723
4176	-3434.607	-3600.343	165.7366	1.373354	1.591013	0.4417403	3.201542
4182	-3440.12	-3604.673	164.5521	1.229966	2.169142	0.394682	3.818644
4188	-3438.79	-3604.361	165.5714	1.294507	2.169142	0.6740989	2.919081
4194	-3444.913	-3610.819	165.9058	1.167099	1.792968	0.6859398	2.919081
4200	-3430.446	-3595.337	164.8908	1.247217	2.048509	0.6348887	3.423408
4206	-3432.447	-3597.161	164.7144	1.238658	2.048509	0.4702768	3.679327
4212	-3447.483	-3614.218	166.7348	1.439717	2.068815	0.4071478	2.40798
4218	-3444.684	-3610.99	166.3057	1.306787	2.094541	0.4742552	2.673396
4224	-3435.751	-3601.49	165.7389	1.224585	1.879318	0.460863	3.155942
4230	-3437.072	-3602.558	165.4862	1.285571	2.07304	0.460863	3.201566
4236	-3447.457	-3614.149	166.6925	1.572573	2.07304	0.460863	2.286674
4242	-3439.795	-3606.643	166.8475	1.572573	2.07304	0.460863	2.186864
4248	-3444.288	-3610.936	166.6476	1.605396	1.895675	0.4931694	2.325988
4254	-3443.166	-3609.626	166.4607	1.599138	2.112916	0.4281031	2.439775
4260	-3438.823	-3605.353	166.5295	1.570601	2.295413	0.6086451	2.163642
4266	-3437.713	-3604.876	167.1625	1.478788	2.237345	0.3558069	2.113933
4272	-3422.933	-3590.05	167.1171	1.612376	1.795854	0.3558069	2.224339
4278	-3430.751	-3596.922	166.1711	1.446629	1.887111	0.3558069	2.880953
4284	-3430.034	-3595.695	165.6606	1.529651	2.207436	0.6904516	2.69581
4290	-3437.467	-3603.706	166.2396	1.576756	2.322655	0.3859559	2.571196
4296	-3442.923	-3609.824	166.9003	1.486029	2.322655	0.3859559	2.210636
4302	-3425.058	-3591.487	166.4293	1.397595	2.322655	0.3838542	2.567232
4308	-3434.879	-3600.799	165.9198	1.434354	1.989086	0.3893675	2.962007
4314	-3428.467	-3595.507	167.0394	1.473014	1.927296	0.4973051	2.142045
4320	-3428.594	-3594.561	165.9662	1.427038	2.306353	0.4209222	2.795274
4326	-3429.344	-3595.512	166.1674	1.518833	2.306353	0.3423642	2.711907
4332	-3440.932	-3606.087	165.1548	1.376779	3.370597	0.5776044	2.870826
4338	-3434.421	-3600.158	165.7371	1.352382	2.794839	0.5612767	2.691953
4344	-3439.229	-3605.229	166	1.454316	2.03113	0.5768276	2.692043
4350	-3439.597	-3605.079	165.4824	1.287665	2.301697	0.5768276	3.016522
4356	-3444.054	-3609.158	165.1041	1.343215	1.875958	0.6681319	3.275284
4362	-3459.876	-3623.849	163.9729	1.138512	1.86672	0.6090079	4.099435
4368	-3449.012	-3611.722	162.7104	1.106888	2.349729	0.6648209	4.632408
4374	-3442.435	-3605.397	162.9611	1.005672	2.48651	0.5444654	4.607621
4380	-3442.23	-3607.113	164.8822	1.232927	2.287751	0.5143723	3.465632
4386	-3428.699	-3594.039	165.3399	1.165384	2.287751	0.5143723	3.236322
4392	-3428.096	-3592.861	164.7641	1.232802	2.377615	0.5534684	3.471343
4398	-3441.211	-3606.534	165.3235	1.208871	2.032455	0.5776759	3.245502
4404	-3434.427	-3599.055	164.6275	1.208871	2.32156	0.5776759	3.560415
4410	-3427.961	-3593.043	165.0818	1.270332	2.063083	0.5776759	3.341364
4416	-3424.884	-3590.11	165.2257	1.292247	2.277361	0.682281	3.086252
4422	-3437.388	-3603.223	165.8349	1.340557	2.277361	0.682281	2.688503
4428	-3428.18	-3594.044	165.8642	1.361159	2.009278	0.4263968	2.989963
4434	-3437.982	-3604.138	166.1555	1.242398	1.784105	0.4263968	2.969127
4440	-3429.774	-3595.804	166.0299	1.33365	2.002729	0.4726371	2.859246
4446	-3437.144	-3602.725	165.5805	1.232885	2.241761	0.4746761	3.107218
4452	-3437.515	-3602.432	164.9169	1.177935	1.923442	0.4467903	3.663855
4458	-3432.85	-3599.195	166.3456	1.507762	2.232094	0.5430079	2.406149
4464	-3432.272	-3598.748	166.4765	1.411948	2.194987	0.5430079	2.396635
4470	-3432.691	-3599.212	166.5208	1.413563	2.194987	0.5430079	2.367635
4476	-3425.485	-3591.87	166.3851	1.532779	2.021144	0.4296229	2.55958
4482	-3427.271	-3594.063	166.7921	1.580328	2.021144	0.4296229	2.272927
4488	-3421.345	-3588.293	166.9477	1.386738	2.021144	0.3829755	2.353909
4494	-3427.115	-3592.818	165.7034	1.395122	2.021144	0.3900499	3.103023
4500	-3438.223	-3605.717	167.4945	1.569363	2.025232	0.521348	1.70302
4506	-3430.59	-3596.589	165.9997	1.617837	2.025232	0.6487764	2.529486
4512	-3426.531	-3593.58	167.0493	1.555553	1.792312	0.523986	2.107983
4518	-3438.089	-3604.787	166.6976	1.485537	2.525549	0.523986	2.117206
4524	-3431.374	-3598.236	166.862	1.532455	2.371629	0.523986	2.028647
4530	-3439.112	-3605.684	166.5716	1.508539	1.80012	0.523986	2.441261
4536	-3447.315	-3613.372	166.057	1.407292	2.118038	0.523986	2.705694
4542	-3438.946	-3604.639	165.6929	1.279768	2.15908	0.5562208	2.959713
4548	-3436.946	-3603.145	166.1993	1.371146	1.651605	0.3837564	2.967052
4554	-3451.793	-3618.618	166.8249	1.509577	1.651605	0.7959309	2.102012
4560	-3445.861	-3612.092	166.231	1.547768	1.89343	0.9493505	2.250996
4566	-3435.47	-3599.828	164.3586	1.28303	2.456433	0.7840573	3.473408
4572	-3437.077	-3602.534	165.4569	1.21851	2.077787	0.5074697	3.21035
4578	-3439.533	-3604.466	164.9332	1.280166	2.060596	0.8591325	3.21035
4584	-3438.804	-3605.081	166.2767	1.462969	1.733737	0.595831	2.611848
4590	-3428.11	-3594.185	166.0748	1.348358	2.458412	0.4639572	2.682033
4596	-3430.865	-3595.958	165.0921	1.348358	2.013081	0.7709926	3.152866
4602	-3436.928	-3601.107	164.1786	1.262614	2.186043	0.5594626	3.846581
4608	-3452.229	-3616.721	164.4917	1.191139	2.186043	0.5594626	3.707342
4614	-3453.286	-3618.093	164.8068	1.182402	2.186043	0.5685496	3.521554
4620	-3438.375	-3602.988	164.6132	1.146528	2.181667	0.5683272	3.656458
4626	-3452.832	-3616.866	164.0335	1.243956	2.53817	0.607788	3.79522
4632	-3440.327	-3606.014	165.6874	1.393072	2.53817	0.607788	2.728774
4638	-3438.108	-3604.716	166.6083	1.438131	2.507423	0.4059161	2.343806
4644	-3443.163	-3608.455	165.2917	1.23672	2.069824	0.4059161	3.40519
4650	-3440.484	-3605.938	165.4538	1.422269	1.961328	0.4059161	3.237794
4656	-3439.551	-3606.006	166.4553	1.345346	1.839724	0.4516092	2.675159
4662	-3442.517	-3608.739	166.2223	1.450992	1.956617	0.4138015	2.751793
4668	-3438.2	-3604.223	166.023	1.298213	1.65212	0.5376605	2.953914
4674	-3439.331	-3604.136	164.8055	1.260065	1.993763	0.4997668	3.603746
4680	-3437.354	-3602.155	164.801	1.258618	1.786439	0.4770255	3.703023
4686	-3428.305	-3592.949	164.6444	1.217851	2.238651	0.4770255	3.664022
4692	-3427.404	-3591.93	164.5265	1.211874	2.238651	0.5534805	3.664022
4698	-3429.557	-3594.801	165.2441	1.253059	1.846464	0.5534805	3.3538
4704	-3439.945	-3605.233	165.288	1.280277	1.846464	0.5086274	3.3538
4710	-3432.617	-3597.38	164.7628	1.252098	2.096041	0.4326937	3.666458
4716	-3430.523	-3595.221	164.6984	1.270845	2.450158	0.5606904	3.459629
4722	-3426.495	-3590.969	164.4735	1.184863	2.356916	0.4663867	3.75653
4728	-3441.129	-3606.881	165.7524	1.463389	1.718426	0.5668679	2.963485
4734	-3438.021	-3604.069	166.0479	1.443033	2.116421	0.4701762	2.744643
4740	-3431.034	-3596.127	165.0932	1.293985	1.879424	0.5964363	3.368551
4746	-3438.718	-3605.3	166.5824	1.42644	1.879424	0.5964363	2.385091
4752	-3427.679	-3591.863	164.1846	1.113583	2.380539	0.3942878	4.032124
4758	-3438.685	-3603.014	164.3288	1.130213	2.17237	0.596691	3.808652
4764	-3427.081	-3591.952	164.8703	1.252271	1.883575	0.6399097	3.485743
4770	-3421.135	-3585.498	164.3635	1.226085	2.045032	0.5191025	3.843177
4776	-3435.464	-3599.644	164.1793	1.132036	2.041377	0.5191025	4.003849
4782	-3428.359	-3592.882	164.5231	1.171305	2.118105	0.5191025	3.758889
4788	-3433.453	-3596.24	162.7874	1.171305	2.080283	0.743799	4.577526
4794	-3435.384	-3600.047	164.6632	1.082568	1.728595	0.5581054	3.830102
4800	-3434.27	-3599.828	165.5578	1.289313	1.905963	0.6535387	3.038549
4806	-3436.555	-3600.539	163.9844	1.18887	1.946985	0.6897531	3.972841
4812	-3433.133	-3596.964	163.8307	1.076805	1.90723	0.6897531	4.13816
4818	-3443.091	-3606.849	163.7576	1.171568	2.260756	0.6383691	4.050828
4824	-3430.388	-3594.256	163.8678	1.182091	2.260756	0.55569	4.050828
4830	-3432.956	-3597.423	164.467	1.125339	1.840611	0.5485512	3.885361
4836	-3438.145	-3602.201	164.0559	1.240978	2.029433	0.5343768	4.002138
4842	-3442.541	-3606.17	163.6294	1.184792	1.998788	0.7229852	4.13564
4848	-3452.598	-3615.906	163.3079	1.347476	2.14467	0.7842124	4.13564
4854	-3449.669	-3614.56	164.8909	1.141464	2.14467	0.5145753	3.558808
4860	-3437.337	-3601.31	163.9729	1.167428	2.543884	0.4543625	4.012303
4866	-3425.787	-3588.89	163.1028	1.087619	2.07243	0.6188121	4.543173
4872	-3433.59	-3599.736	166.1462	1.419242	2.505696	0.61483	2.43151
4878	-3433.94	-3600.135	166.1945	1.451505	2.302644	0.6182345	2.442582
4884	-3426.302	-3592.458	166.1563	1.40423	2.295312	0.4678445	2.644739
4890	-3430.251	-3595.98	165.7296	1.32442	1.819573	0.4744171	3.110303
4896	-3436.227	-3602.247	166.0196	1.343477	1.865864	0.4744171	2.907592
4902	-3427.926	-3593.562	165.6367	1.203311	1.793016	0.4744171	3.247303
4908	-3418.005	-3581.968	163.9635	1.194439	2.197852	0.6616651	3.921096
4914	-3430.697	-3595.696	164.9996	1.333908	2.668479	0.6616651	3.0969
4920	-3440.584	-3605.19	164.6053	1.385006	2.668479	0.6616651	3.300295
4926	-3429.105	-3594.111	165.0061	1.403256	2.668479	0.6616651	3.051601
4932	-3437.375	-3602.394	165.0194	1.291843	2.559337	0.6254051	3.170767
4938	-3442.498	-3608.032	165.5341	1.400587	2.559337	0.4675618	2.945243
4944	-3435.574	-3599.406	163.8316	1.068245	2.139098	0.4675618	4.255393
4950	-3434.474	-3599.212	164.7377	1.174557	1.880961	0.3978431	3.836618
4956	-3430.636	-3596.091	165.455	1.265577	2.432556	0.5695923	3.012416
4962	-3442.056	-3607.281	165.225	1.324287	2.432556	0.6281033	3.063877
4968	-3439.703	-3605.54	165.8367	1.26798	1.890548	0.5711188	2.960589
4974	-3436.919	-3602.667	165.7475	1.329072	1.890548	0.5711188	2.977493
4980	-3436.809	-3601.488	164.6789	1.248311	1.954477	0.5711188	3.632231
4986	-3438.414	-3602.5	164.0861	1.143286	1.954477	0.3200749	4.292667
4992	-3435.468	-3600.664	165.1963	1.316282	1.954477	0.3200749	3.557094
4998	-3440.047	-3605.643	165.5952	1.40382	2.449126	0.3200749	3.112213
5004	-3427.764	-3593.859	166.0958	1.351259	2.13648	0.5212901	2.71258
5010	-3440.039	-3606.883	166.844	1.426975	1.882852	0.4986422	2.313759
5016	-3441.051	-3607.126	166.0755	1.302683	2.20148	0.3471259	2.927054
5022	-3446.556	-3613.601	167.0448	1.488415	1.594702	0.3243647	2.477284
5028	-3436.814	-3603.33	166.5151	1.4209	1.859677	0.5554143	2.477284
5034	-3441.779	-3608.15	166.3704	1.427597	2.232246	0.4845503	2.500437
5040	-3432.53	-3599.533	167.0031	1.529486	2.410247	0.4845503	1.966668
5046	-3443.34	-3610.393	167.0538	1.467774	1.876353	0.5038231	2.149343
5052	-3426.909	-3592.263	165.3545	1.253999	1.879087	0.5964101	3.238299
5058	-3415.061	-3581.054	165.9936	1.321768	1.635108	0.6369163	2.875965
5064	-3434.595	-3600.541	165.9456	1.308163	1.635108	0.5621047	2.978764
5070	-3428.366	-3593.423	165.0571	1.271008	2.071388	0.6340936	3.304751
5076	-3438.497	-3602.778	164.2811	1.252285	2.071388	0.7569364	3.674745
5082	-3434.69	-3597.511	162.8204	1.18777	2.071388	0.7569364	4.54347
5088	-3431.999	-3595.05	163.0515	1.166867	2.112973	0.5194325	4.598981
5094	-3448.03	-3612.962	164.9321	1.21645	2.313131	0.6387756	3.328883
5100	-3429.92	-3595.444	165.5242	1.226598	2.089708	0.4484207	3.221384
5106	-3419.455	-3585.314	165.8586	1.559034	2.089708	0.5190163	2.748926
5112	-3424.036	-3591.432	167.396	1.5902	2.089708	0.4037984	1.874086
5118	-3414.31	-3581.587	167.2773	1.600973	1.745855	0.4665652	2.010407
5124	-3418.376	-3585.485	167.109	1.723474	1.914028	0.4665652	1.970328
5130	-3420.893	-3587.975	167.0827	1.640582	2.092761	0.4665652	1.973299
5136	-3423.21	-3589.968	166.7579	1.716706	1.945699	0.6888293	1.973299
5142	-3423.326	-3588.753	165.4267	1.498581	2.566864	0.7731877	2.681734
5148	-3433.541	-3599.131	165.59	1.697432	2.566864	0.7731877	2.456884
5154	-3426.094	-3591.185	165.0917	1.463494	1.780476	0.7934864	3.153246
5160	-3430.993	-3597.967	166.9741	1.593563	1.91642	0.4414267	2.173221
5166	-3424.262	-3589.869	165.607	1.303757	1.91642	0.3869943	3.254907
5172	-3433.261	-3599.6	166.339	1.38527	1.944291	0.4071652	2.732825
5178	-3438.528	-3604.787	166.2587	1.503484	2.324674	0.591208	2.386688
5184	-3432.142	-3598.823	166.6817	1.501337	1.831352	0.6560965	2.239332
5190	-3432.956	-3598.509	165.5534	1.447651	2.130348	0.6062742	2.907306
5196	-3422.717	-3589.251	166.5349	1.556766	1.860284	0.4468844	2.491981
5202	-3416.902	-3583.229	166.327	1.366844	1.679291	0.5432401	2.711145
5208	-3440.463	-3606.42	165.9571	1.511657	2.503454	0.4630047	2.641325
5214	-3430.889	-3598.691	167.802	1.772775	2.299124	0.4070529	1.358809
5220	-3419.725	-3587.528	167.8031	1.733703	1.821312	0.4070529	1.59537
5226	-3421.073	-3588.852	167.7786	1.75821	1.821312	0.4070529	1.59537
5232	-3423.849	-3591.334	167.4849	1.75821	1.860855	0.5160184	1.651707
5238	-3430.047	-3597.395	167.3486	1.624085	1.786506	0.4235483	1.981317
5244	-3435.829	-3602.187	166.3575	1.523065	2.561382	0.4841289	2.343297
5250	-3428.992	-3594.841	165.8485	1.389521	2.561382	0.4841289	2.743367
5256	-3434.999	-3600.275	165.2765	1.389521	2.231987	0.6598292	3.030233
5262	-3432.309	-3598.313	166.0039	1.473653	1.995166	0.5174945	2.747123
5268	-3428.293	-3594.495	166.2019	1.412466	1.97476	0.5174945	2.670602
5274	-3428.635	-3595.01	166.3754	1.39446	2.176027	0.5174945	2.503135
5280	-3425.56	-3591.834	166.2732	1.497434	2.176027	0.529472	2.490628
5286	-3426.732	-3592.178	165.446	1.295435	2.333442	0.3991299	3.202817
5292	-3414.619	-3579.335	164.7157	1.267795	2.189771	0.5399175	3.549325
5298	-3424.124	-3589.182	165.0579	1.276677	1.871617	0.440813	3.549325
5304	-3425.891	-3590.559	164.6685	1.201971	2.000718	0.6531371	3.580972
5310	-3426.281	-3592.257	165.9761	1.263395	1.609541	0.6167111	2.94959
5316	-3445.63	-3612.5	166.8696	1.401275	1.406796	0.6167111	2.406278
5322	-3435.88	-3601.268	165.388	1.355413	2.388083	0.6460673	2.945942
5328	-3440.238	-3606.253	166.0145	1.390457	1.533425	0.5870781	2.908237
5334	-3435.082	-3599.931	164.849	1.213905	2.404193	0.5209797	3.454725
5340	-3429.194	-3594.534	165.3399	1.271825	2.115712	0.5757432	3.172083
5346	-3433.948	-3599.94	165.992	1.365054	2.445242	0.4675331	2.722824
5352	-3430.15	-3597.033	166.8827	1.56597	2.330941	0.4675331	2.068841
5358	-3423.299	-3590.441	167.1418	1.52233	1.657657	0.354279	2.326585
5364	-3427.791	-3594.508	166.7171	1.52233	1.962056	0.6483579	2.157941
5370	-3439.861	-3606.082	166.2211	1.477304	2.122473	0.5357825	2.54797
5376	-3434.708	-3600.491	165.7832	1.485328	2.62644	0.5357825	2.653915
5382	-3431.307	-3597.159	165.8524	1.30694	2.467403	0.520032	2.783348
5388	-3428.428	-3593.497	165.0692	1.19677	1.658181	0.5329401	3.57922
5394	-3431.641	-3595.51	163.869	1.146039	1.714008	0.3876968	4.419104
5400	-3440.338	-3603.648	163.3098	1.033603	1.654894	0.5779921	4.6364
5406	-3436.397	-3601.635	165.2384	1.175629	1.921178	0.4341105	3.49245
5412	-3438.905	-3601.329	162.4249	1.115493	1.738446	0.6411575	5.002621
5418	-3441.395	-3606.298	164.9038	1.355153	1.738446	0.6268951	3.470504
5424	-3432.928	-3598.605	165.6771	1.335797	1.738446	0.6268951	3.024766
5430	-3421.914	-3587.489	165.5754	1.322255	1.683094	0.6268951	3.115523
5436	-3418.197	-3583.015	164.8179	1.357016	2.521521	0.5679049	3.311846
5442	-3412.961	-3577.921	164.9599	1.331342	2.292159	0.5679049	3.311846
5448	-3415.441	-3580.383	164.9423	1.348867	2.292159	0.5679049	3.311846
5454	-3412.697	-3577.757	165.0597	1.215392	2.515187	0.4151932	3.405577
5460	-3420.979	-3586.159	165.1796	1.241057	2.017043	0.633494	3.269119
5466	-3425.986	-3590.767	164.7812	1.407514	2.256132	0.633494	3.327306
5472	-3428.634	-3593.617	164.9833	1.36284	2.368723	0.633494	3.199588
5478	-3425.461	-3591.439	165.9774	1.368421	2.360397	0.3873364	2.846129
5484	-3430.013	-3595.134	165.1211	1.316737	2.360397	0.3873364	3.38711
5490	-3434.526	-3600.792	166.2656	1.397412	1.918856	0.4741545	2.70558
5496	-3427.609	-3593.707	166.0978	1.397798	2.299128	0.4473539	2.70558
5502	-3423.372	-3589.824	166.4524	1.410147	2.077976	0.4473539	2.553682
5508	-3424.013	-3589.737	165.7234	1.414379	2.40511	0.4295196	2.909661
5514	-3421.345	-3587.465	166.1204	1.389987	1.898127	0.381923	2.909661
5520	-3424.791	-3590.959	166.1681	1.505522	1.918928	0.4768348	2.696284
5526	-3431.456	-3597.718	166.2623	1.301943	2.199937	0.5075095	2.632752
5532	-3430.476	-3596.498	166.022	1.302012	2.199937	0.4135313	2.880202
5538	-3425.134	-3590.358	165.2246	1.25801	2.199937	0.5651276	3.230497
5544	-3426.812	-3591.321	164.5091	1.124215	1.820715	0.5691697	3.850954
5550	-3444.346	-3609.05	164.7045	1.337463	1.787701	0.5691697	3.627205
5556	-3439.088	-3604.653	165.5651	1.293367	1.559866	0.5289982	3.276012
5562	-3431.361	-3597.792	166.4311	1.391348	1.559866	0.5289982	2.696736
5568	-3434.956	-3601.736	166.7807	1.545465	2.085426	0.3159947	2.425291
5574	-3422.047	-3589.069	167.023	1.520565	1.839678	0.3652968	2.313241
5580	-3427.789	-3595.312	167.5225	1.686445	1.839678	0.3652968	1.875704
5586	-3428.919	-3596.409	167.4908	1.767413	2.16915	0.4076699	1.647876
5592	-3440.6	-3607.847	167.2476	1.868799	2.416182	0.4587292	1.58877
5598	-3427.561	-3594.795	167.2343	1.496889	1.847262	0.3974417	2.147949
5604	-3422.669	-3590.27	167.6009	1.768119	2.065602	0.3974417	1.624037
5610	-3419.603	-3587.531	167.9281	1.691601	1.464971	0.3974417	1.724197
5616	-3418.081	-3585.79	167.7097	1.691601	1.670649	0.3974417	1.774854
5622	-3431.445	-3598.741	167.2963	1.599689	1.670649	0.3974417	2.115242
5628	-3425.673	-3592.856	167.183	1.617439	2.166778	0.4812923	1.876159
5634	-3432.285	-3596.658	164.3735	1.224387	2.155678	0.6516361	3.689026
5640	-3431.673	-3596.801	165.1286	1.209783	1.814422	0.4283396	3.581114
5646	-3422.524	-3588.054	165.5301	1.225153	1.748948	0.5168992	3.272371
5652	-3434.081	-3599.297	165.2159	1.288296	2.068176	0.4299856	3.393516
5658	-3437.541	-3602.624	165.0834	1.209337	1.908356	0.6201322	3.393516
5664	-3421.941	-3587.38	165.4386	1.308605	1.974614	0.6884379	3.045663
5670	-3431.447	-3597.7	166.2531	1.364462	1.846862	0.6912659	2.560745
5676	-3434.397	-3600.569	166.1721	1.440166	2.053745	0.6051712	2.560745
5682	-3432.482	-3599.073	166.5915	1.483516	2.107578	0.5936256	2.25998
5688	-3435.815	-3602.847	167.0314	1.412891	1.698003	0.5163726	2.25998
5694	-3437.298	-3604.29	166.9921	1.41517	1.724124	0.378648	2.429486
5700	-3428.109	-3595.074	166.9648	1.410376	1.724124	0.3949078	2.429486
5706	-3426.582	-3591.805	165.2232	1.292539	1.820199	0.5223626	3.381265
5712	-3429.983	-3596.643	166.6597	1.527352	1.841306	0.5223626	2.358919
5718	-3445	-3611.412	166.4114	1.466493	1.841306	0.3914859	2.69589
5724	-3441.7	-3608.378	166.6774	1.486416	2.402874	0.3914859	2.32002
5730	-3449.429	-3615.903	166.4742	1.498724	2.428486	0.3730533	2.455686
5736	-3433.001	-3599.823	166.8225	1.514854	1.6018	0.3730533	2.53227
5742	-3439.045	-3604.533	165.488	1.240401	2.342392	0.3524854	3.263286
5748	-3429.363	-3595.115	165.7519	1.259817	2.004931	0.579288	2.967921
5754	-3437.283	-3601.812	164.5291	1.167238	2.004931	0.4361818	3.876658
5760	-3434.309	-3598.702	164.3929	1.251738	2.157793	1.031528	3.407052
5766	-3419.362	-3584.893	165.5314	1.399903	2.189895	0.5612927	2.969748
5772	-3421.387	-3587.716	166.3292	1.531676	2.019478	0.48502	2.534971
5778	-3429.23	-3595.23	165.9996	1.462786	2.094594	0.6178648	2.627845
5784	-3420.331	-3585.988	165.6566	1.495453	2.632322	0.6178648	2.64826
5790	-3444.928	-3609.654	164.7256	1.597982	2.319551	0.9096725	3.02745
5796	-3444.805	-3609.806	165.001	1.378943	2.716495	0.6974037	3.02745
5802	-3428.4	-3595.15	166.7493	1.46954	1.942909	0.4795686	2.344083
5808	-3423.152	-3589.644	166.4927	1.468709	1.710144	0.4795686	2.597505
5814	-3427.64	-3593.477	165.8364	1.405436	2.259092	0.5051074	2.81315
5820	-3438.177	-3603.946	165.7687	1.282907	2.38255	0.5258917	2.869049
5826	-3428.374	-3593.31	164.9362	1.263338	2.593075	0.5258917	3.315413
5832	-3432.451	-3598.014	165.5624	1.263338	2.332651	0.5258917	3.020583
5838	-3441.484	-3607.848	166.364	1.368661	2.463151	0.5181246	2.43177
5844	-3449.59	-3615.394	165.804	1.565398	2.759507	0.7749294	2.346887
5850	-3436.529	-3601.664	165.1349	1.435549	2.170679	0.5118811	3.237487
5856	-3442.002	-3608.064	166.0626	1.31121	1.572151	0.6393496	2.865055
5862	-3421.212	-3586.153	164.9413	1.267064	1.811874	0.5034563	3.581745
5868	-3426.767	-3590.954	164.1869	1.229414	1.811874	0.5034563	4.037684
5874	-3422.853	-3587.449	164.5961	1.216304	2.248829	0.5034563	3.664104
5880	-3430.703	-3596.901	166.1985	1.368332	1.695747	0.5192298	2.805219
5886	-3430.44	-3595.186	164.7463	1.225779	2.47027	0.6089277	3.410259
5892	-3440.973	-3604.454	163.4814	1.110873	2.47027	0.6195647	4.196297
5898	-3440.211	-3603.566	163.3553	1.236935	2.47027	0.6195647	4.196297
5904	-3447.538	-3614.246	166.7079	1.357628	1.705603	0.4664516	2.548788
5910	-3440.492	-3604.15	163.6574	1.067067	2.30869	0.6160069	4.170886
5916	-3450.061	-3610.556	160.495	0.9848873	2.30869	0.738227	5.883618
5922	-3448.602	-3611.703	163.101	1.090585	2.484416	0.4660046	4.554343
5928	-3453.439	-3618.051	164.6121	1.157398	1.786599	0.4508392	3.896247
5934	-3436.376	-3601.214	164.8374	1.243438	1.69617	0.4559342	3.745985
5940	-3442.85	-3607.176	164.3252	1.122367	1.83508	0.5885142	3.935772
5946	-3427.186	-3591.837	164.6505	1.301243	1.930854	0.5276273	3.66521
5952	-3430.888	-3595.043	164.1558	1.183603	1.460226	0.5606951	4.167621
5958	-3442.756	-3607.692	164.9364	1.221685	1.588299	0.7184655	3.517081
5964	-3431.21	-3595.575	164.3649	1.136181	1.588299	0.4663053	4.110083
5970	-3431.614	-3595.878	164.264	1.246594	2.073689	0.4663053	3.929731
5976	-3450.593	-3614.524	163.9307	0.9938586	1.82924	0.5478093	4.270685
5982	-3437.376	-3600.469	163.0928	1.083223	2.433037	0.5478093	4.502102
5988	-3445.026	-3608.972	163.9457	1.251413	2.433037	0.4972595	3.969076
5994	-3436.309	-3602.02	165.7115	1.310356	2.450335	0.5467448	2.846473
6000	-3437.075	-3603.305	166.2294	1.57832	2.450335	0.5719011	2.33534
6006	-3438.484	-3604.44	165.9561	1.365515	2.450335	0.4713506	2.738945
6012	-3435.797	-3601.979	166.1813	1.437321	2.313795	0.3515912	2.738945
6018	-3437.168	-3604.398	167.2297	1.494168	1.861246	0.4415659	2.093168
6024	-3430.676	-3597.692	167.0161	1.522842	2.123077	0.4415659	2.113292
6030	-3443.528	-3610.578	167.0493	1.522842	2.084676	0.4117956	2.141675
6036	-3434.077	-3601.022	166.9451	1.608	2.084676	0.432675	2.128745
6042	-3417.419	-3584.987	167.5681	1.620776	2.001448	0.449886	1.709812
6048	-3414.362	-3581.613	167.2518	1.663279	2.001448	0.4379471	1.913726
6054	-3414.158	-3581.642	167.4844	1.587645	2.001448	0.4379471	1.806415
6060	-3419.614	-3586.512	166.8982	1.654338	1.764516	0.4379471	2.248584
6066	-3417.244	-3584.437	167.193	1.581714	1.784645	0.4379471	2.09578
6072	-3425.291	-3592.423	167.1315	1.55785	1.784645	0.5243102	2.055292
6078	-3438.84	-3605.003	166.164	1.479142	2.119402	0.4392981	2.683786
6084	-3430.86	-3597.554	166.6941	1.491021	1.85162	0.4392981	2.445303
6090	-3424.582	-3591.335	166.7527	1.522811	2.016658	0.4392981	2.325209
6096	-3441.031	-3606.998	165.9668	1.445558	2.016658	0.4392981	2.860363
6102	-3428.46	-3595.162	166.7022	1.497208	1.840062	0.4392981	2.440871
6108	-3427.649	-3593.908	166.2591	1.51361	2.267013	0.547381	2.440871
6114	-3430.347	-3596.252	165.9048	1.373019	1.706644	0.5566076	2.940261
6120	-3432.661	-3598.126	165.4646	1.363789	1.706644	0.5142017	3.24824
6126	-3433.463	-3599.768	166.3045	1.368027	1.621062	0.4509056	2.842002
6132	-3433.801	-3599.655	165.8539	1.333223	2.214629	0.4567941	2.910525
6138	-3427.39	-3593.226	165.8361	1.439489	2.25729	0.490973	2.807464
6144	-3437.369	-3603.21	165.8402	1.482816	2.236341	0.5075879	2.768615
6150	-3423.575	-3589.305	165.7299	1.422839	1.974062	0.5637022	2.908036
6156	-3408.193	-3574.145	165.9516	1.394756	1.974062	0.4639953	2.888974
6162	-3416.041	-3581.443	165.402	1.418363	2.249152	0.5109669	3.064538
6168	-3418.371	-3584.777	166.4062	1.455585	1.557532	0.5109669	2.691448
6174	-3426.494	-3592.956	166.4621	1.498419	2.209329	0.3246197	2.598625
6180	-3431.112	-3597.589	166.4777	1.420593	1.810208	0.5978977	2.480575
6186	-3434.52	-3601.124	166.6048	1.543464	1.810208	0.4548578	2.467335
6192	-3432.083	-3598.279	166.1951	1.353717	1.810208	0.436809	2.856437
6198	-3419.059	-3585.032	165.9729	1.411812	1.810208	0.4561607	2.934698
6204	-3431.036	-3595.821	164.7849	1.256871	1.810208	0.4561607	3.725489
6210	-3435.432	-3600.037	164.6047	1.208744	2.199224	0.4561607	3.725489
6216	-3424.822	-3589.327	164.5044	1.158851	1.806292	0.5559384	3.850543
6222	-3435.295	-3599.196	163.9003	1.106708	2.075595	0.5405762	4.146635
6228	-3437.434	-3601.279	163.845	1.202179	2.414406	0.5790317	3.986699
6234	-3435.964	-3600.412	164.4478	1.108192	2.019755	0.5790317	3.817511
6240	-3442.101	-3606.051	163.9504	1.141163	2.234406	0.4355228	4.149302
6246	-3437.741	-3602.147	164.4064	1.140562	2.082116	0.4355228	3.937452
6252	-3440.918	-3605.54	164.6219	1.280755	2.082116	0.5452073	3.626314
6258	-3441.894	-3606.759	164.865	1.185892	1.932749	0.5452073	3.591027
6264	-3416.165	-3580.421	164.2557	1.173161	1.962678	0.4367995	4.043337
6270	-3418.805	-3584.814	166.0084	1.283511	1.98367	0.4367995	2.94757
6276	-3430.32	-3596.573	166.2526	1.413891	2.110083	0.3906761	2.728773
6282	-3419.481	-3584.115	164.6333	1.18327	2.110083	0.3906761	3.822193
6288	-3427.504	-3592.515	165.0115	1.26912	1.586772	0.4916263	3.638356
6294	-3429.213	-3593.629	164.4166	1.140376	2.279638	0.792741	3.569585
6300	-3426.532	-3591.8	165.2683	1.25418	2.279638	0.4581216	3.284722
6306	-3436.451	-3602.142	165.6908	1.309677	1.738978	0.4581216	3.189738
6312	-3437.465	-3602.627	165.1617	1.342129	1.562257	0.4899993	3.520276
6318	-3432.681	-3598.017	165.3356	1.253992	1.681086	0.4899993	3.422195
6324	-3421.27	-3586.481	165.2106	1.204591	1.918299	0.5039113	3.422195
6330	-3443.455	-3607.725	164.2704	1.180391	1.787076	0.473131	4.056101
6336	-3436.149	-3599.163	163.0136	1.045271	2.29961	0.473131	4.674658
6342	-3436.211	-3601.404	165.1928	1.220432	1.727081	0.473131	3.524048
6348	-3436.992	-3602.629	165.637	1.249595	1.906476	0.473131	3.179095
6354	-3421.476	-3586.554	165.0778	1.249595	2.586411	0.473131	3.293437
6360	-3431.246	-3595.977	164.7311	1.278293	2.748366	0.6295238	3.293437
6366	-3418.128	-3583.172	165.044	1.383165	1.652555	0.6295238	3.403428
6372	-3417.098	-3581.695	164.5976	1.19128	2.041172	0.4878172	3.759385
6378	-3425.292	-3589.986	164.6945	1.280743	1.775346	0.4878172	3.745284
6384	-3424.636	-3590.147	165.5109	1.245271	1.911432	0.7144009	3.042762
6390	-3443.149	-3607.917	164.7686	1.340004	2.029132	0.7144009	3.384914
6396	-3438.569	-3603.619	165.0505	1.542618	1.803903	0.7750042	3.134952
6402	-3431.92	-3598.767	166.8468	1.542618	1.803903	0.7750042	2.016076
6408	-3448.071	-3614.996	166.9253	1.571001	1.803903	0.9737588	1.794207
6414	-3440.471	-3606.87	166.3996	1.652003	2.054628	0.9737588	1.993471
6420	-3436.102	-3602.306	166.2036	1.71663	2.063155	0.9737588	2.077305
6426	-3432.603	-3599.036	166.4339	1.646497	2.170499	0.7749088	2.077305
6432	-3429.853	-3595.318	165.4655	1.646497	2.170499	0.9908279	2.544024
6438	-3424.614	-3589.718	165.1036	1.512188	2.170499	0.9908279	2.848691
6444	-3426.21	-3591.208	164.9978	1.426854	2.170499	0.7750943	3.106282
6450	-3419.975	-3587.205	167.2299	1.540349	1.698173	0.3646574	2.227321
6456	-3419.585	-3586.046	166.4608	1.557318	2.077224	0.4619902	2.440545
6462	-3430.685	-3597.666	166.9812	1.533132	2.077224	0.3931302	2.205187
6468	-3434.784	-3602.105	167.3206	1.597741	2.052429	0.3931302	1.948368
6474	-3431.259	-3598.111	166.8514	1.631591	2.055315	0.3496639	2.290092
6480	-3422.148	-3588.935	166.7871	1.425114	1.593334	0.4323556	2.54293
6486	-3428.82	-3595.08	166.2606	1.489626	2.031571	0.4286869	2.660575
6492	-3417.658	-3583.669	166.0105	1.427117	2.031571	0.5504524	2.726697
6498	-3425.65	-3590.946	165.2953	1.35472	2.605902	0.5504524	3.02143
6504	-3438.206	-3602.923	164.7165	1.26505	1.84831	0.5805415	3.630108
6510	-3430.949	-3596.335	165.386	1.122808	1.433367	0.43329	3.630108
6516	-3418.683	-3584.965	166.2818	1.262844	1.433367	0.4035735	3.053476
6522	-3412.88	-3579.227	166.3473	1.416402	1.844413	0.4804104	2.665331
6528	-3424.532	-3589.412	164.8797	1.065486	1.91749	0.4804104	3.718588
6534	-3436.13	-3598.483	162.3535	1.124402	1.91749	0.5238769	5.071578
6540	-3438.477	-3602.382	163.9047	1.18469	1.793386	0.4592932	4.272819
6546	-3445.005	-3609.322	164.3176	1.189296	1.793386	0.3446642	4.161348
6552	-3437.927	-3602.264	164.337	1.068457	1.841813	0.5848052	3.960592
6558	-3438.092	-3603.332	165.2407	1.16675	1.998838	0.4539935	3.448363
6564	-3435.432	-3599.394	163.9624	1.186211	1.817884	0.648044	4.06433
6570	-3428.599	-3592.976	164.3771	1.123079	1.817884	0.648044	3.863172
6576	-3434.411	-3600.024	165.6132	1.214315	1.894088	0.547306	3.146779
6582	-3445.078	-3610.392	165.3135	1.376288	2.015753	0.547306	3.18543
6588	-3453.516	-3618.524	165.0078	1.225213	1.719022	0.547306	3.561625
6594	-3444.655	-3609.881	165.2263	1.137388	1.768435	0.5244965	3.487609
6600	-3431.626	-3596.713	165.0876	1.336633	1.768435	0.5972825	3.387148
6606	-3438.127	-3602.917	164.7893	1.420228	2.47876	0.5972825	3.278101
6612	-3439.435	-3606.307	166.8726	1.421888	2.302908	0.414209	2.241443
6618	-3432.553	-3599.424	166.8711	1.481816	1.820028	0.405675	2.39144
6624	-3421.522	-3588.924	167.4016	1.633802	1.820028	0.3881111	1.970386
6630	-3416.193	-3583.38	167.1876	1.675313	1.98162	0.4310965	1.965144
6636	-3434.682	-3601.885	167.2039	1.581965	1.979199	0.4310965	2.017573
6642	-3432.558	-3600.452	167.8938	1.68012	1.893765	0.3955699	1.551323
6648	-3433.174	-3599.826	166.6513	1.567065	2.444096	0.4031859	2.257311
6654	-3429.232	-3595.957	166.7244	1.433302	2.082738	0.5507274	2.257311
6660	-3439.64	-3605.074	165.4333	1.509359	2.005362	0.7762222	2.850439
6666	-3433.241	-3598.41	165.1696	1.355102	2.089966	0.7412483	3.098192
6672	-3444.437	-3610.26	165.8234	1.422214	2.13366	0.5412769	2.817157
6678	-3447.86	-3614.065	166.2044	1.35189	2.13366	0.5960306	2.575634
6684	-3435.496	-3600.634	165.1383	1.402395	2.586679	0.5536392	3.089329
6690	-3437.119	-3602.529	165.4099	1.349455	2.33556	0.6763521	2.927861
6696	-3441.676	-3606.049	164.3729	1.325761	2.33556	0.6976022	3.538984
6702	-3441.752	-3606.713	164.9609	1.286005	2.367104	0.3857912	3.498573
6708	-3432.9	-3597.971	165.0705	1.188801	2.367104	0.3857912	3.49134
6714	-3442.848	-3608.817	165.9689	1.41714	2.275158	0.4816704	2.743853
6720	-3445.359	-3611.531	166.1724	1.413972	2.18329	0.5352744	2.59712
6726	-3442.11	-3608.955	166.8452	1.512925	2.130375	0.4101957	2.265384
6732	-3433.249	-3599.57	166.3206	1.4719	2.728011	0.4443931	2.393326
6738	-3429.498	-3595.036	165.5386	1.190463	1.924824	0.4443931	3.295506
6744	-3427.9	-3592.388	164.4882	1.172946	1.838891	0.4337267	3.95703
6750	-3429.296	-3592.953	163.6572	1.16637	1.780947	0.7050619	4.219301
6756	-3437.126	-3601.319	164.1936	1.109902	1.780947	0.6751299	3.968393
6762	-3431.687	-3596.691	165.0046	1.199783	2.277502	0.5430746	3.38982
6768	-3430.752	-3596.633	165.881	1.323186	1.930778	0.5430746	2.911779
6774	-3434.207	-3599.926	165.7193	1.381127	2.081737	0.3617337	3.115093
6780	-3419.42	-3585.684	166.2637	1.432715	1.666115	0.4296943	2.832077
6786	-3430.511	-3596.875	166.3638	1.390859	1.666115	0.4296943	2.796669
6792	-3430.722	-3595.69	164.9678	1.201754	1.860301	0.5463406	3.546772
6798	-3418.126	-3584.279	166.1523	1.380246	1.719176	0.4813594	2.85463
6804	-3426.638	-3594.538	167.8995	1.686244	1.688694	0.4776781	1.529201
6810	-3430.096	-3597.915	167.8195	1.759334	1.910211	0.4776781	1.427681
6816	-3436.61	-3604.801	168.1911	1.711861	1.827781	0.4101149	1.308058
6822	-3437.544	-3605.087	167.5438	1.510806	1.852012	0.4101149	1.915317
6828	-3428.171	-3594.163	165.9916	1.373436	2.057806	0.4708068	2.840917
6834	-3451.622	-3615.603	163.9809	1.34028	2.258934	0.5653934	3.887698
6840	-3429.948	-3595.638	165.6906	1.463941	2.258934	0.5653934	2.808471
6846	-3440.547	-3604.647	164.1003	1.31641	2.040783	0.4772648	3.983444
6852	-3441.185	-3606.62	165.4355	1.259781	1.582039	0.4798795	3.410227
6858	-3440.537	-3606.228	165.6907	1.29827	1.582039	0.4798795	3.23734
6864	-3432.603	-3598.178	165.5748	1.201989	1.906298	0.4798795	3.23734
6870	-3438.144	-3604.24	166.0962	1.257877	1.61917	0.5885621	2.901075
6876	-3441.002	-3606.793	165.7903	1.37728	2.012283	0.5885621	2.862959
6882	-3429.104	-3595.416	166.3122	1.351308	2.012283	0.5058931	2.638371
6888	-3426.817	-3592.999	166.1816	1.460876	1.926779	0.5510605	2.638371
6894	-3424.019	-3589.242	165.2227	1.303001	2.097438	0.3995541	3.404762
6900	-3438.925	-3603.398	164.4731	1.335147	2.239607	0.7432287	3.470728
6906	-3426.985	-3592.038	165.0526	1.414593	2.133656	0.8947153	3.011173
6912	-3423.331	-3589.175	165.8441	1.335988	1.612347	0.535582	3.056933
6918	-3425.243	-3590.556	165.3131	1.234614	1.529733	0.5585241	3.444243
6924	-3434.599	-3599.973	165.3747	1.272749	1.511999	0.5892622	3.36628
6930	-3428.159	-3593.606	165.4471	1.411636	2.072284	0.5318773	3.079904
6936	-3434.298	-3600.72	166.4222	1.348576	1.903028	0.5318773	2.586481
6942	-3426.869	-3592.623	165.7538	1.196852	1.903028	0.4040297	3.21658
6948	-3429.562	-3594.869	165.3064	1.314188	2.050384	0.5729303	3.191383
6954	-3438.316	-3603.42	165.1031	1.206168	2.050384	0.3948022	3.55217
6960	-3433.453	-3599.878	166.4246	1.389431	1.912477	0.4951676	2.593037
6966	-3452.233	-3618.137	165.904	1.348711	1.815247	0.3735211	3.105189
6972	-3456	-3620.983	164.9823	1.303256	2.40485	0.486402	3.357413
6978	-3446.822	-3611.071	164.2489	1.21697	2.92012	0.5068319	3.67468
6984	-3443.244	-3607.719	164.4754	1.209917	2.92012	0.5376117	3.518566
6990	-3447.891	-3612.523	164.6325	1.131945	2.117609	0.5376117	3.701648
6996	-3442.196	-3606.642	164.4464	1.161815	2.117609	0.5376117	3.79177
7002	-3434.765	-3599.442	164.677	1.141237	2.117609	0.4959365	3.709464
7008	-3431.925	-3596.808	164.8835	1.170771	2.080898	0.4649957	3.615246
7014	-3435.118	-3598.836	163.718	1.256735	2.471028	0.4086844	4.174579
7020	-3436.234	-3600.673	164.4388	1.169054	1.938216	0.7262412	3.698941
7026	-3431.515	-3596.144	164.6289	1.321111	1.938216	0.519604	3.671116
7032	-3420.341	-3584.922	164.5814	1.172845	1.887043	0.519604	3.802057
7038	-3428.108	-3592.653	164.5449	1.219591	1.870374	0.519604	3.802057
7044	-3433.058	-3597.809	164.751	1.184958	1.979412	0.5836092	3.60769
7050	-3434.84	-3599.824	164.9842	1.267122	1.979412	0.4098247	3.593145
7056	-3441.979	-3606.534	164.5549	1.185439	1.979412	0.7291676	3.605826
7062	-3439.365	-3604.221	164.8557	1.232035	1.660373	0.5463602	3.669527
7068	-3434.984	-3598.435	163.4507	1.162273	2.166619	0.5463602	4.33601
7074	-3432.317	-3596.774	164.4567	1.233304	1.925013	0.5463602	3.801358
7080	-3429.327	-3594.588	165.2611	1.271946	1.925013	0.4220971	3.434448
7086	-3426.747	-3591.687	164.9408	1.30551	1.893534	0.6100743	3.434448
7092	-3428.039	-3592.828	164.7888	1.322993	2.123476	0.6100743	3.434448
7098	-3430.666	-3595.91	165.2439	1.488785	2.098965	0.6100743	3.075707
7104	-3420.44	-3586.133	165.6928	1.367671	2.140918	0.3981749	3.075707
7110	-3426.658	-3591.924	165.2664	1.418932	2.159668	0.6195084	3.075707
7116	-3425.672	-3592.498	166.8258	1.365934	2.186948	0.3783286	2.390949
7122	-3434.066	-3599.707	165.6407	1.392247	2.058343	0.7391287	2.804635
7128	-3430.726	-3596.145	165.4195	1.354938	2.412299	0.766247	2.825623
7134	-3440.693	-3606.144	165.4511	1.322802	1.852294	0.766247	3.015146
7140	-3437.618	-3603.426	165.8082	1.389204	1.987605	0.6530312	2.798066
7146	-3439.866	-3605.543	165.6776	1.230777	1.742939	0.4123026	3.291995
7152	-3436.963	-3601.186	164.2238	1.112671	1.996811	0.5432442	3.982447
7158	-3444.31	-3607.938	163.6279	1.27936	1.982044	0.7748903	4.051593
7164	-3436.797	-3600.677	163.8796	1.131107	1.982044	0.4623348	4.248713
7170	-3443.68	-3607.738	164.0579	1.265967	2.452292	0.5437089	3.848045
7176	-3450.029	-3615.728	165.6985	1.31386	2.452292	0.5437089	2.854495
7182	-3434.461	-3599.018	164.5577	1.176663	2.588501	0.5329037	3.582237
7188	-3446.213	-3611.141	164.9284	1.344105	2.221261	0.426651	3.482954
7194	-3448.777	-3613.911	165.1336	1.21896	2.095377	0.4209554	3.482954
7200	-3444.55	-3609.265	164.7146	1.297214	2.348848	0.4209554	3.601647
7206	-3448.559	-3613.739	165.1792	1.288707	2.348848	0.4209554	3.335161
7212	-3446.928	-3612.669	165.7411	1.317887	1.906762	0.4503516	3.10012
7218	-3437.285	-3603.525	166.2399	1.385787	2.239161	0.6247148	2.470677
7224	-3436.786	-3602.649	165.8628	1.366968	2.040565	0.6247148	2.783538
7230	-3429.256	-3595.596	166.34	1.393987	2.164165	0.6247148	2.428292
7236	-3434.286	-3601.1	166.814	1.39181	2.277535	0.5182001	2.190544
7242	-3439.105	-3604.542	165.4372	1.281127	2.332643	0.6147229	3.00463
7248	-3436.899	-3601.552	164.6533	1.2975	2.106824	0.4397093	3.692643
7254	-3439.788	-3604.933	165.1453	1.200937	2.161852	0.406875	3.480464
7260	-3432.265	-3597.375	165.1092	1.285609	1.940379	0.6355681	3.309413
7266	-3428.027	-3593.122	165.0952	1.196705	1.803603	0.6355681	3.419494
7272	-3426.963	-3591.559	164.5954	1.228235	1.722721	0.5425624	3.801352
7278	-3438.615	-3603.557	164.9428	1.293229	1.930178	0.4347001	3.592241
7284	-3422.492	-3588.265	165.7733	1.319591	1.663015	0.5308846	3.092663
7290	-3428.18	-3593.101	164.9212	1.28485	2.088534	0.588852	3.408839
7296	-3427.406	-3593.114	165.7075	1.293171	2.088534	0.5582548	2.964693
7302	-3425.923	-3589.676	163.7531	1.161776	1.956621	0.4987113	4.276529
7308	-3434.75	-3598.723	163.9735	1.136696	2.456275	0.619135	3.905182
7314	-3427.463	-3591.718	164.2546	1.327958	2.456275	0.9155241	3.421101
7320	-3419.844	-3584.947	165.1038	1.264909	2.529664	0.3608308	3.409311
7326	-3432.566	-3595.846	163.2798	1.198301	2.111894	0.5958065	4.387299
7332	-3436.159	-3600.667	164.5074	1.175545	1.54109	0.5249106	3.969802
7338	-3437.11	-3602.423	165.3129	1.332819	2.035323	0.5321863	3.218831
7344	-3448.946	-3613.296	164.35	1.277883	2.78895	0.5321863	3.590727
7350	-3431.751	-3596.051	164.3007	1.195915	2.099175	0.535165	3.864113
7356	-3438.856	-3601.848	162.9924	1.186394	2.099175	0.535165	4.611461
7362	-3436.329	-3601.299	164.9698	1.294103	2.386539	0.5004824	3.361797
7368	-3438.382	-3604.364	165.9817	1.414616	2.151401	0.4193881	2.845881
7374	-3435.212	-3601.075	165.8627	1.378585	1.958057	0.4218863	3.003595
7380	-3445.443	-3610.995	165.552	1.325259	1.896068	0.5488134	3.11507
7386	-3444.853	-3610.225	165.3716	1.302848	2.510428	0.4678029	3.11507
7392	-3433.375	-3598.396	165.0205	1.220106	2.195381	0.5019713	3.433102
7398	-3429.524	-3594.407	164.8832	1.235373	2.195381	0.5019713	3.504352
7404	-3426.446	-3590.106	163.6598	1.162925	1.942108	0.5019713	4.330557
7410	-3433.197	-3596.985	163.7882	1.11393	1.984394	0.551555	4.226564
7416	-3448.736	-3612.237	163.5009	1.042898	1.801477	0.5596644	4.48525
7422	-3443.817	-3608.505	164.6875	1.214112	2.043666	0.5055925	3.676369
7428	-3449.738	-3614.41	164.672	1.149765	2.043666	0.5055925	3.722508
7434	-3450.883	-3616.86	165.9767	1.345789	1.782138	0.5006184	2.937339
7440	-3438.888	-3605.289	166.401	1.298207	1.782138	0.5006184	2.708405
7446	-3439.929	-3605.234	165.3056	1.270809	1.782138	0.4943188	3.386786
7452	-3444.782	-3608.411	163.6284	1.006954	1.950609	0.5353085	4.403136
7458	-3438.933	-3604.099	165.166	1.33592	2.470782	0.5353085	3.162984
7464	-3443.424	-3607.804	164.3806	1.224362	2.410164	0.5624209	3.6816
7470	-3448.138	-3612.761	164.6239	1.186252	2.410164	0.489869	3.629862
7476	-3442.962	-3607.455	164.4936	1.316524	2.410164	0.489869	3.629862
7482	-3435.774	-3600.567	164.7932	1.169477	2.410164	0.489869	3.541241
7488	-3431.515	-3595.179	163.6637	1.158063	2.370631	0.7351078	4.006457
7494	-3429.836	-3594.604	164.7685	1.23801	2.014211	0.6575061	3.493707
7500	-3439.975	-3604.703	164.7279	1.298969	2.014211	0.5193222	3.600683
7506	-3441.3	-3606.167	164.8677	1.114471	2.014211	0.5193222	3.626671
7512	-3434.791	-3599.2	164.4091	1.072063	2.014211	0.3991482	4.036401
7518	-3440.055	-3604.97	164.9151	1.208241	2.014211	0.6821086	3.406062
7524	-3440.502	-3604.468	163.9663	1.157025	2.110393	0.8257047	3.851262
7530	-3430.876	-3594.792	163.9159	1.276816	1.964971	0.839333	3.850722
7536	-3433.419	-3597.099	163.6803	1.134298	2.353749	0.6384299	4.088326
7542	-3426.104	-3589.576	163.4723	1.141327	2.280743	0.5690532	4.281134
7548	-3429.669	-3594.766	165.0973	1.161024	2.280743	0.470072	3.427371
7554	-3438.073	-3602.216	164.1437	1.161344	2.30743	0.5087765	3.933323
7560	-3431.801	-3595.908	164.1074	1.197644	2.30743	0.5087765	3.933323
7566	-3423.376	-3587.031	163.6548	1.132024	2.068302	0.4386677	4.370807
7572	-3430.761	-3591.917	161.1562	1.103402	2.415318	0.5895508	5.536687
7578	-3428.779	-3592.733	163.9537	1.035729	1.830831	0.4419543	4.333379
7584	-3433.55	-3597.761	164.2109	1.074387	1.830831	0.43315	4.174808
7590	-3434.342	-3598.101	163.7584	1.173918	2.213929	0.6692381	4.039274
7596	-3437.257	-3601.899	164.642	1.147769	2.273861	0.5932591	3.588645
7602	-3441.972	-3606.166	164.1943	1.198317	2.366182	0.6676606	3.730281
7608	-3448.504	-3612.782	164.2781	1.247445	2.343716	0.6195809	3.698577
7614	-3444.952	-3609.561	164.6086	1.330889	1.914239	0.6298383	3.58961
7620	-3446.697	-3611.588	164.8911	1.226369	2.099997	0.4480756	3.58961
7626	-3434.541	-3600.795	166.2542	1.521212	2.099997	0.5034358	2.540361
7632	-3425.913	-3592.815	166.9022	1.528571	1.896344	0.5034358	2.200742
7638	-3436.837	-3603.31	166.4725	1.485181	1.896344	0.390504	2.626963
7644	-3449.732	-3615.938	166.2059	1.462096	2.512288	0.45017	2.529079
7650	-3433.734	-3599.13	165.3959	1.306547	2.333917	0.4378373	3.182869
7656	-3444.323	-3610.603	166.2799	1.293311	2.09831	0.4378373	2.73557
7662	-3458.413	-3623.474	165.0603	1.285659	2.393961	0.5315936	3.281641
7668	-3450.492	-3616.631	166.1389	1.402283	2.393961	0.4210118	2.677001
7674	-3424.401	-3591.588	167.1863	1.499801	2.160918	0.582294	1.847029
7680	-3419.569	-3586.561	166.9923	1.509537	2.143973	0.5544382	2.006221
7686	-3433.24	-3600.279	167.0392	1.484549	2.079324	0.5638946	2.006221
7692	-3440.708	-3606.715	166.0073	1.292938	1.93534	0.5664933	2.830189
7698	-3436.945	-3603.434	166.4884	1.510955	1.806148	0.5413072	2.472381
7704	-3432.959	-3599.958	166.9984	1.447381	1.806148	0.5046503	2.226024
7710	-3434.284	-3601.253	166.9682	1.357666	1.333673	0.5050433	2.514978
7716	-3449.221	-3614.719	165.4983	1.314203	1.715231	0.5218862	3.246913
7722	-3438.751	-3604.676	165.9252	1.373806	1.844689	0.4673869	2.961466
7728	-3442.151	-3607.796	165.6448	1.341196	1.46383	0.774576	3.040638
7734	-3436.209	-3600.509	164.2993	1.20012	1.965304	0.4245612	4.014988
7740	-3443.239	-3606.286	163.0474	1.085121	1.965304	0.6365643	4.596709
7746	-3438.07	-3601.794	163.7233	1.095386	1.566932	0.7075589	4.302065
7752	-3425.78	-3593.526	167.746	1.622197	1.233524	0.497503	1.901784
7758	-3431.568	-3598.38	166.8114	1.593072	1.813657	0.4470563	2.312753
7764	-3436.453	-3603.604	167.1509	1.539679	2.002252	0.4491118	2.050128
7770	-3450.161	-3617.388	167.227	1.54392	1.568121	0.4334773	2.198758
7776	-3443.789	-3610.534	166.7447	1.437339	1.526405	0.4334773	2.590023
7782	-3432.794	-3598.845	166.051	1.42477	2.176354	0.4721089	2.731552
7788	-3443.703	-3609.313	165.6094	1.345493	2.434681	0.4721089	2.965288
7794	-3429.201	-3593.849	164.6484	1.253198	1.995701	0.5236502	3.675602
7800	-3434.679	-3599.404	164.7247	1.203843	1.941969	0.5236502	3.678485
7806	-3428.73	-3593.593	164.8631	1.146099	1.881795	0.5236502	3.652959
7812	-3431.977	-3596.616	164.6385	1.047518	2.170841	0.5236502	3.742671
7818	-3433.586	-3598.836	165.2502	1.260749	1.801962	0.4916719	3.420326
7824	-3443.046	-3609.084	166.0379	1.213294	1.957236	0.4821293	2.933647
7830	-3433.599	-3599.473	165.8744	1.306537	1.957236	0.5342466	2.924574
7836	-3438.279	-3602.836	164.557	1.181597	1.718504	0.5342466	3.859365
7842	-3437.724	-3602.434	164.7098	1.164932	1.813412	0.5706922	3.713161
7848	-3435.088	-3599.794	164.7059	1.274131	2.320449	0.4832609	3.564427
7854	-3427.235	-3591.687	164.4522	1.299649	2.233381	0.4832609	3.723392
7860	-3430.465	-3595.133	164.6688	1.226635	2.592382	0.4807935	3.537156
7866	-3437.449	-3602.015	164.566	1.323879	2.339021	0.7705775	3.37254
7872	-3436.753	-3600.655	163.9027	1.157615	2.107728	0.4409145	4.201063
7878	-3434.359	-3599.237	164.8778	1.290504	2.657027	0.4409145	3.400664
7884	-3434.166	-3600.446	166.2796	1.527787	1.814338	0.4486682	2.684053
7890	-3425.248	-3592.408	167.1603	1.576074	1.902908	0.4409145	2.068813
7896	-3431.946	-3598.619	166.6736	1.36572	1.455391	0.4409145	2.702004
7902	-3426.669	-3592.23	165.5603	1.407186	2.476949	0.4409145	2.97804
7908	-3425.275	-3590.149	164.8732	1.328137	2.204248	0.5274486	3.429061
7914	-3428.999	-3593.922	164.9235	1.239995	1.878025	0.6837611	3.429061
7920	-3434.838	-3599.972	165.1341	1.19165	1.878025	0.5688921	3.429061
7926	-3430.701	-3596.113	165.4116	1.2059	1.996178	0.3619307	3.429061
7932	-3418.31	-3583.351	165.0418	1.224186	2.330866	0.3677597	3.519475
7938	-3423.017	-3588.364	165.3473	1.188365	1.855708	0.3677597	3.519475
7944	-3425.113	-3591.17	166.0566	1.429244	1.791499	0.4969306	2.838581
7950	-3435.67	-3601.249	165.5789	1.236125	1.63492	0.4785826	3.319598
7956	-3425.596	-3590.623	165.0269	1.287673	2.180035	0.6737778	3.244863
7962	-3429.312	-3594.377	165.0648	1.322945	2.063992	0.4540022	3.437818
7968	-3423.56	-3587.959	164.3991	1.224999	2.063992	0.4794313	3.854837
7974	-3439.467	-3603.777	164.3103	1.086455	2.319814	0.4313608	3.953731
7980	-3438.65	-3603.384	164.7336	1.274075	2.221368	0.6280181	3.448973
7986	-3424.46	-3590.083	165.6224	1.276136	2.221368	0.6280181	2.920316
7992	-3429.947	-3595.717	165.7706	1.30486	2.03837	0.4798812	3.012949
7998	-3425.848	-3591.434	165.5858	1.269215	2.448926	0.4798812	3.012949
8004	-3432.913	-3598.209	165.2966	1.223487	2.448926	0.38245	3.318095
8010	-3432.365	-3598.33	165.9649	1.344216	1.724424	0.4678294	3.00126
8016	-3430.99	-3596.804	165.8137	1.343475	1.856771	0.4678294	3.041572
8022	-3433.799	-3599.419	165.6198	1.311471	1.856771	0.4678294	3.176172
8028	-3423.746	-3589.309	165.5625	1.360527	2.011722	0.4204105	3.176172
8034	-3424.768	-3588.855	164.0873	1.108507	2.381591	0.4613408	4.019689
8040	-3429.372	-3593.862	164.4895	1.203822	1.906553	0.5065072	3.842489
8046	-3437.96	-3602.322	164.3627	1.186329	2.155283	0.5065072	3.842489
8052	-3434.073	-3599.185	165.1122	1.23053	2.155283	0.524052	3.365079
8058	-3427.298	-3592.23	164.9326	1.197247	2.468974	0.524052	3.393629
8064	-3424.21	-3588.783	164.5737	1.197247	2.468974	0.5067644	3.619261
8070	-3443.056	-3609.676	166.6196	1.402516	1.970363	0.5067644	2.429468
8076	-3441.606	-3607.958	166.3524	1.433325	1.970363	0.426449	2.663358
8082	-3439.314	-3604.825	165.5107	1.284123	2.38254	0.426449	3.125498
8088	-3444.029	-3609.646	165.6168	1.257706	2.38254	0.426449	3.077994
8094	-3426.592	-3591.295	164.7023	1.171333	2.38254	0.5503148	3.544591
8100	-3434.808	-3600.159	165.3513	1.366337	2.38254	0.5156595	3.079701
8106	-3429.136	-3595.996	166.8604	1.5553	2.38254	0.4666125	2.074108
8112	-3433.495	-3599.837	166.342	1.5553	2.29514	0.4666125	2.436483
8118	-3433.966	-3600.865	166.8988	1.4256	1.869919	0.3797584	2.421691
8124	-3441.181	-3608.328	167.1475	1.538071	2.03254	0.3797584	2.127746
8130	-3437.435	-3604.896	167.461	1.773221	2.03254	0.4204725	1.702755
8136	-3430.492	-3598.931	168.4393	2.02344	1.545029	0.4204725	0.957234
8142	-3432.977	-3601.207	168.2308	2.068317	1.725852	0.4204725	0.9976436
8148	-3441.118	-3609.237	168.119	1.916183	1.725852	0.4418725	1.204009
8154	-3438.874	-3607.059	168.1849	1.954478	1.696176	0.4418725	1.129983
8160	-3446.63	-3612.749	166.1191	1.326281	1.917645	0.5812178	2.734728
8166	-3447.163	-3613.424	166.261	1.562961	2.395978	0.3660234	2.567918
8172	-3441.739	-3608.648	166.9096	1.402681	2.302016	0.5341526	2.096069
8178	-3431.662	-3598.003	166.3408	1.40462	2.015678	0.5034612	2.58896
8184	-3442.691	-3608.987	166.2959	1.385728	2.015678	0.5432785	2.58896
8190	-3438.309	-3604.51	166.201	1.274679	1.761321	0.5193926	2.834259
8196	-3433.201	-3597.091	163.8903	1.146666	2.068348	0.5119221	4.157952
8202	-3418.117	-3582.782	164.6649	1.114302	1.85943	0.5119221	3.804642
8208	-3430.441	-3594.781	164.3397	1.271988	1.945351	0.5861767	3.804642
8214	-3431.641	-3596.292	164.6509	1.173874	1.614517	0.5861767	3.804642
8220	-3451.006	-3616.318	165.3111	1.217118	1.614517	0.6215947	3.366075
8226	-3437.683	-3603.299	165.6162	1.293521	2.18535	0.5565283	2.988544
8232	-3426.328	-3592.252	165.9244	1.425398	2.030688	0.4104043	2.925589
8238	-3423.362	-3588.902	165.5401	1.313334	2.214643	0.4104043	3.160959
8244	-3432.909	-3598.098	165.1892	1.330203	2.214643	0.5890509	3.182768
8250	-3434.544	-3602.328	167.7838	1.783891	1.682296	0.353615	1.714536
8256	-3428.541	-3596.422	167.8814	1.765435	1.682296	0.437985	1.53888
8262	-3428.146	-3595.882	167.7361	1.680868	1.709876	0.6035701	1.497205
8268	-3434.704	-3602.04	167.3355	1.63292	1.709876	0.7134324	1.714375
8274	-3424.86	-3592.533	167.6732	1.718053	1.958971	0.5117554	1.504675
8280	-3432.935	-3600.457	167.522	1.707146	1.997138	0.5117554	1.60746
8286	-3439.916	-3607.925	168.0087	1.723547	1.51061	0.4735101	1.51816
8292	-3442.744	-3610.329	167.5842	1.721479	1.946234	0.4468199	1.653824
8298	-3440.397	-3608.313	167.9159	1.801908	1.827783	0.3738848	1.506756
8304	-3444.966	-3612.61	167.6436	1.757309	1.61531	0.4895681	1.685125
8310	-3426.018	-3593.319	167.3007	1.686608	1.74851	0.4895681	1.90973
8316	-3435.681	-3602.484	166.8028	1.579404	2.039096	0.3934473	2.303734
8322	-3427.933	-3595.288	167.3555	1.758965	1.930649	0.4925717	1.740034
8328	-3443.49	-3610.653	167.1629	1.662766	2.292793	0.5011632	1.789279
8334	-3448.437	-3616.343	167.9064	1.734165	1.811466	0.381644	1.560198
8340	-3445.637	-3613.065	167.4284	1.736957	2.087406	0.4228678	1.726001
8346	-3426.449	-3593.426	166.9765	1.621188	2.087406	0.6250966	1.893138
8352	-3441.966	-3608.774	166.8083	1.764645	2.131399	0.6250966	1.893138
8358	-3435.722	-3602.873	167.1503	1.610603	2.146641	0.5761454	1.807301
8364	-3438.761	-3606.117	167.3552	1.731171	2.143792	0.5761454	1.577259
8370	-3437.955	-3605.968	168.0135	1.865969	1.802243	0.3945777	1.363582
8376	-3447.736	-3615.474	167.7384	1.834722	2.071839	0.416107	1.443523
8382	-3444.391	-3612.239	167.8477	1.876885	2.071839	0.4680261	1.248369
8388	-3421.246	-3589.373	168.1266	1.8257	1.508886	0.4680261	1.357604
8394	-3423.594	-3591.293	167.699	1.850707	2.143557	0.4680261	1.357604
8400	-3433.069	-3600.844	167.7749	1.850707	2.143557	0.4680261	1.296711
8406	-3445.182	-3612.967	167.7848	1.889211	1.999382	0.4878846	1.296711
8412	-3450.782	-3618.559	167.7768	1.869345	1.999382	0.476248	1.335037
8418	-3446.527	-3614.331	167.8037	1.887959	2.276734	0.476248	1.168382
8424	-3432.428	-3600.179	167.7508	1.915987	2.411736	0.4504523	1.168382
8430	-3432.659	-3600.944	168.2848	1.862272	1.636741	0.4504523	1.145391
8436	-3438.731	-3606.975	168.2446	2.053597	1.630446	0.4504523	1.008155
8442	-3446.086	-3613.96	167.8741	1.878832	2.237311	0.4504523	1.172503
8448	-3440.007	-3607.803	167.7964	1.878832	2.237311	0.4036552	1.309894
8454	-3436.221	-3604.098	167.8768	1.89655	2.09549	0.4036552	1.293661
8460	-3430.207	-3598.003	167.7957	1.854464	2.207272	0.4294652	1.304129
8466	-3427.461	-3595.667	168.2068	1.918857	1.545067	0.4294652	1.251473
8472	-3428.834	-3596.872	168.0383	1.901511	1.78735	0.4149444	1.291621
8478	-3430.283	-3598.092	167.8091	1.913097	2.078802	0.4479932	1.276247
8484	-3424.752	-3592.734	167.9813	1.833604	2.078802	0.4083244	1.260015
8490	-3441.854	-3609.728	167.8735	1.970477	2.078802	0.4507369	1.169042
8496	-3432.219	-3600.244	168.0246	1.819419	2.078802	0.4507369	1.169042
8502	-3424.435	-3592.006	167.5706	1.926987	2.396892	0.4099216	1.375532
8508	-3426.751	-3594.36	167.6095	1.726615	2.396892	0.4099216	1.499339
8514	-3425.751	-3592.801	167.0503	1.689103	2.311856	0.4152712	1.944625
8520	-3429.545	-3597.458	167.9131	1.689103	1.704664	0.4152712	1.591432
8526	-3431.523	-3599.445	167.9214	1.688829	1.704664	0.4664057	1.517506
8532	-3422.321	-3589.992	167.6712	1.730772	1.80637	0.4664057	1.621793
8538	-3437.435	-3604.987	167.5521	1.654789	1.80637	0.417405	1.821573
8544	-3442.97	-3610.125	167.1557	1.471182	1.765424	0.6444007	1.986608
8550	-3430.633	-3598.623	167.9895	1.681352	1.823003	0.4350584	1.456026
8556	-3431.578	-3599.433	167.8549	1.742398	1.823003	0.400279	1.559809
8562	-3431.866	-3599.582	167.7161	1.626762	1.823003	0.4603687	1.66428
8568	-3429.921	-3597.894	167.9728	1.705958	1.823003	0.4760281	1.394296
8574	-3433.851	-3601.577	167.7259	1.705958	2.077081	0.4760281	1.467129
8580	-3429.192	-3596.902	167.7099	1.761194	2.022992	0.4760281	1.460972
8586	-3427.375	-3594.917	167.542	1.748976	2.022992	0.4760281	1.594819
8592	-3422.796	-3590.6	167.8038	1.72091	2.116994	0.4636433	1.394847
8598	-3424.554	-3592.265	167.7115	1.753855	2.116994	0.4636433	1.440705
8604	-3429.937	-3598.067	168.1302	1.794438	1.812672	0.3485974	1.396026
8610	-3429.893	-3597.774	167.8813	1.884409	1.991814	0.3485974	1.434408
8616	-3415.202	-3583.09	167.8872	1.843873	1.991814	0.3485974	1.460865
8622	-3433.192	-3601.382	168.1897	2.101523	1.730472	0.3485974	1.136354
8628	-3423.877	-3591.945	168.0676	2.101523	1.730472	0.5410762	0.9152
8634	-3424.607	-3593.055	168.4479	2.101523	1.546957	0.4366271	0.8225397
8640	-3430.928	-3598.984	168.0562	2.101523	1.955108	0.4366271	0.9649307
8646	-3432.731	-3600.869	168.1381	2.018497	2.016274	0.4353458	0.9303826
8652	-3443.311	-3611.319	168.0076	2.018497	2.269878	0.4232956	0.9428809
8658	-3444.459	-3612.736	168.2764	2.010268	1.819165	0.4232956	0.9428809
8664	-3436.571	-3604.886	168.315	2.013016	1.819165	0.3626238	1.021515
8670	-3429.759	-3597.899	168.1404	1.978433	1.844958	0.4642404	1.022439
8676	-3431.366	-3599.364	167.9979	1.915175	1.508834	0.548618	1.283037
8682	-3433.85	-3601.693	167.8435	1.915175	2.089209	0.548618	1.094869
8688	-3435.661	-3603.344	167.683	1.915175	2.196585	0.4398033	1.335537
8694	-3423.447	-3591.167	167.7199	1.775645	1.805913	0.4398033	1.588289
8700	-3419.406	-3586.528	167.1224	1.515182	1.805913	0.4730044	2.136176
8706	-3427.605	-3594.385	166.7801	1.511037	2.048495	0.5339829	2.200822
8712	-3425.827	-3592.424	166.5967	1.538986	1.836055	0.41718	2.507925
8718	-3440.487	-3607.867	167.3799	1.732314	1.836055	0.3658675	1.941976
8724	-3443.32	-3610.264	166.9438	1.594479	2.363033	0.5332899	1.925442
8730	-3435.091	-3601.551	166.4603	1.524534	2.506978	0.3972949	2.393441
8736	-3433.623	-3598.716	165.0931	1.190977	2.275013	0.5200895	3.36519
8742	-3437.099	-3602.053	164.9549	1.262214	2.314292	0.5503509	3.364357
8748	-3434.523	-3600.737	166.2138	1.287507	2.076572	0.457166	2.765943
8754	-3429.439	-3593.885	164.4461	1.208836	2.076572	0.6446354	3.687267
8760	-3421.124	-3586.381	165.2573	1.323165	2.382551	0.6569464	3.036549
8766	-3431.027	-3595.585	164.5584	1.449854	2.444394	0.6569464	3.357218
8772	-3431.921	-3599.777	167.8562	1.793582	1.641205	0.5312311	1.438775
8778	-3429.415	-3597.208	167.7927	1.845758	1.655576	0.5312311	1.43994
8784	-3431.46	-3599.649	168.1892	1.894053	1.655576	0.4788279	1.146771
8790	-3439.732	-3607.49	167.7579	1.81508	1.655576	0.4788279	1.553764
8796	-3435.214	-3602.333	167.1188	1.701968	2.070248	0.4788279	1.902
8802	-3447.067	-3614.566	167.4987	1.580324	2.070248	0.4788279	1.723621
8808	-3444.433	-3612.066	167.632	1.613112	1.592123	0.4788279	1.81815
8814	-3451.506	-3617.273	165.7664	1.339658	2.313817	0.3747864	3.020253
8820	-3429.218	-3595.22	166.0016	1.444919	2.313817	0.5565979	2.619963
8826	-3431.304	-3598.175	166.8713	1.423645	1.641484	0.5279025	2.367845
8832	-3435.084	-3602.092	167.0073	1.437843	2.090997	0.5465593	2.071525
8838	-3432.235	-3598.459	166.2237	1.369556	2.386678	0.5354605	2.525913
8844	-3432.175	-3598.783	166.6083	1.549517	2.211356	0.4560163	2.311493
8850	-3433.422	-3599.323	165.9002	1.514363	2.24802	0.5083655	2.708041
8856	-3433.341	-3600.216	166.8747	1.46997	2.055775	0.4997394	2.19928
8862	-3457.751	-3623.082	165.3316	1.418922	2.055775	0.724629	2.987222
8868	-3460.32	-3626.69	166.3697	1.375784	1.635727	0.4364899	2.80731
8874	-3452.88	-3619.266	166.3865	1.463789	2.21407	0.4214187	2.543709
8880	-3444.936	-3611.639	166.7034	1.469196	1.664719	0.4171058	2.554544
8886	-3444.647	-3611.275	166.628	1.518118	2.139617	0.4803918	2.317208
8892	-3443.415	-3609.544	166.1286	1.518118	2.584153	0.5417409	2.425081
8898	-3445.182	-3611.357	166.1752	1.531078	2.584153	0.5258647	2.403343
8904	-3441.01	-3606.796	165.7859	1.418343	2.578656	0.5258647	2.716996
8910	-3441.126	-3606.307	165.1809	1.350197	2.149828	0.5258647	3.254231
8916	-3453.2	-3618.543	165.3426	1.314504	1.694597	0.5868079	3.287763
8922	-3445.056	-3609.739	164.6828	1.275742	1.929866	0.5868079	3.609015
8928	-3431.799	-3596.638	164.839	1.267963	1.929866	0.492285	3.609015
8934	-3439.983	-3605.144	165.1608	1.300713	1.929866	0.4342042	3.461543
8940	-3441.367	-3607.261	165.8947	1.344965	2.384608	0.5145285	2.765208
8946	-3455.986	-3621.317	165.3309	1.354424	2.427622	0.49233	3.108237
8952	-3450.46	-3618.125	167.6648	1.661744	1.798247	0.2804633	1.94183
8958	-3439.045	-3606.338	167.2926	1.619839	2.045134	0.4033813	1.94183
8964	-3431.807	-3597.147	165.3397	1.367685	2.344413	0.5311454	3.082707
8970	-3432.083	-3597.138	165.055	1.193831	2.644427	0.5311454	3.26708
8976	-3426.659	-3591.586	164.927	1.232989	2.838982	0.5311454	3.26708
8982	-3434.392	-3598.289	163.8977	1.157184	1.831663	0.5685366	4.177908
8988	-3428.397	-3591.967	163.5697	1.203637	2.324796	0.5685366	4.177908
8994	-3431.254	-3595.961	164.7069	1.216229	1.971202	0.3233608	3.887638
9000	-3443.938	-3608.056	164.1188	1.216229	1.971202	0.6691124	3.887638
9006	-3425.316	-3590.515	165.1985	1.253876	2.527728	0.4394632	3.271412
9012	-3417.166	-3582.503	165.3374	1.319769	1.980311	0.4903006	3.271412
9018	-3432.215	-3597.942	165.7267	1.382819	2.278824	0.4903006	2.90183
9024	-3426.503	-3592.012	165.5094	1.372836	2.317478	0.4903006	3.02634
9030	-3424.564	-3591.088	166.5245	1.536404	1.982533	0.4903006	2.417662
9036	-3431.481	-3597.357	165.8755	1.409918	2.170321	0.565545	2.75778
9042	-3430.878	-3596.649	165.7709	1.353934	2.756577	0.5343358	2.706524
9048	-3433.236	-3598.92	165.6837	1.296613	2.339317	0.5343358	2.917531
9054	-3439.371	-3606.17	166.7989	1.428974	1.688062	0.4480445	2.474959
9060	-3441.39	-3605.308	163.918	1.231042	1.602109	0.6801426	4.121002
9066	-3436.863	-3603.448	166.5852	1.281026	1.602109	0.4276856	2.757711
9072	-3436.658	-3602.667	166.0088	1.396987	2.874384	0.4948773	2.539916
9078	-3435.57	-3601.538	165.9677	1.305465	1.931894	0.5432796	2.869507
9084	-3425.382	-3591.083	165.7008	1.342407	1.707781	0.5432796	3.092771
9090	-3425.927	-3590.751	164.8246	1.38491	1.881635	0.5845858	3.481973
9096	-3425.604	-3590.762	165.1583	1.493493	2.219679	0.5845858	3.106395
9102	-3424.524	-3589.777	165.2535	1.396935	2.219679	0.4516379	3.234885
9108	-3431.71	-3595.447	163.7371	1.317843	2.376389	0.54037	4.027083
9114	-3431.233	-3596.254	165.0204	1.310521	2.120038	0.54037	3.368361
9120	-3423.305	-3586.916	163.6118	1.154188	2.0438	0.6637731	4.19226
9126	-3443.547	-3606.77	163.2227	1.228442	2.763262	0.6876775	4.144585
9132	-3438.232	-3604.391	166.1591	1.564351	2.388709	0.7087408	2.287511
9138	-3437.934	-3603.424	165.4901	1.517035	2.128573	0.8656519	2.704948
9144	-3438.334	-3602.809	164.4749	1.304741	2.422676	0.779631	3.405652
9150	-3448.236	-3613.08	164.8446	1.211524	2.306432	0.5682614	3.445107
9156	-3438.455	-3604.294	165.839	1.286305	2.575364	0.5682614	2.726018
9162	-3429.857	-3595.088	165.2314	1.29752	2.081052	0.779631	3.070616
9168	-3437.444	-3603.794	166.3497	1.340635	2.081052	0.4915079	2.612085
9174	-3428.922	-3596.366	167.4436	1.618638	1.588076	0.5485396	1.8679
9180	-3424.328	-3591.706	167.3785	1.574543	1.694076	0.4554593	1.996351
9186	-3427.615	-3594.255	166.6397	1.544804	2.419209	0.5923555	2.082173
9192	-3423.738	-3589.533	165.7949	1.560421	2.340654	0.6218743	2.608245
9198	-3430.563	-3595.863	165.2996	1.243121	2.340654	0.426219	3.287853
9204	-3434.472	-3598.893	164.4213	1.247105	2.328503	0.5122871	3.714736
9210	-3432.749	-3597.482	164.7328	1.300485	2.328503	0.6499042	3.382879
9216	-3425.393	-3590.533	165.1397	1.377251	1.720437	0.523966	3.416818
9222	-3421.301	-3587.221	165.9204	1.381137	2.051167	0.523966	2.828229
9228	-3418.823	-3585.095	166.2715	1.315561	1.933402	0.523966	2.696194
9234	-3425.536	-3592.075	166.5392	1.403449	1.933402	0.3690701	2.648733
9240	-3428.943	-3595.316	166.373	1.365614	1.933402	0.6353054	2.49945
9246	-3441.338	-3607.591	166.2529	1.440901	2.064779	0.5581144	2.549586
9252	-3444.24	-3610.654	166.4145	1.493438	2.359824	0.4498804	2.427052
9258	-3438.155	-3603.78	165.6253	1.199272	2.359824	0.4498804	3.089404
9264	-3429.906	-3593.992	164.0856	1.225362	1.758282	0.4988011	4.121651
9270	-3433.091	-3598.859	165.7675	1.230019	1.758282	0.4102086	3.235802
9276	-3434.347	-3600.335	165.9884	1.406997	2.198798	0.4793688	2.765605
9282	-3451.341	-3615.913	164.5711	1.230988	1.928633	0.4676725	3.809857
9288	-3446.945	-3612.932	165.987	1.307441	1.928633	0.4951252	2.904699
9294	-3433.748	-3600.123	166.3748	1.445465	1.769371	0.4951252	2.644628
9300	-3435.181	-3601.719	166.5379	1.587676	1.747144	0.4216303	2.544464
9306	-3434.832	-3601.103	166.2711	1.574861	2.025797	0.4826607	2.544464
9312	-3444.676	-3610.515	165.8394	1.572254	1.631485	1.021216	2.544464
9318	-3442.309	-3607.96	165.6509	1.529407	2.031326	1.021216	2.531539
9324	-3430.233	-3595.734	165.5008	1.656031	2.426058	0.6189163	2.706195
9330	-3430.097	-3595.783	165.6863	1.386225	2.598149	0.6189163	2.706195
9336	-3441.514	-3606.863	165.3493	1.582142	2.981774	0.6701274	2.643064
9342	-3429.648	-3594.863	165.2149	1.4704	2.981774	0.6701274	2.793912
9348	-3434.319	-3599.412	165.0921	1.371739	2.074791	0.6258	3.230307
9354	-3438.799	-3603.351	164.5513	1.225279	2.03065	0.7298254	3.56687
9360	-3440.236	-3604.004	163.7681	1.356185	2.254168	0.8237396	3.806744
9366	-3438.153	-3603.552	165.3991	1.185285	2.254168	0.5023638	3.211683
9372	-3439.828	-3605.814	165.9859	1.409519	2.129943	0.352099	2.93411
9378	-3440.271	-3606.099	165.8282	1.322792	2.129943	0.352099	3.080667
9384	-3443.871	-3610.194	166.3226	1.432843	2.296414	0.352099	2.659909
9390	-3445.536	-3611.323	165.7872	1.413009	2.109952	0.5491461	2.845366
9396	-3444.272	-3610.508	166.236	1.422514	2.36982	0.413481	2.62096
9402	-3445.465	-3610.096	164.6319	1.229069	2.36982	0.392811	3.713799
9408	-3442.639	-3607.271	164.6313	1.230874	2.218947	0.3942521	3.757359
9414	-3428.767	-3593.877	165.1102	1.255716	1.815599	0.4313681	3.561472
9420	-3423.281	-3589.398	166.1162	1.363445	2.274108	0.3602183	2.825456
9426	-3427.842	-3593.831	165.9888	1.378641	2.532059	0.3800807	2.789481
9432	-3431.762	-3597.221	165.4584	1.473354	2.064811	0.4489893	3.121839
9438	-3431.62	-3597.463	165.8434	1.367328	2.556051	0.4489893	2.798811
9444	-3429.369	-3594.836	165.4675	1.319418	2.776316	0.5313658	2.909503
9450	-3422.087	-3587.195	165.1075	1.294388	2.883071	0.5908929	3.057681
9456	-3423.722	-3589.007	165.2848	1.31259	2.551185	0.5623726	3.057681
9462	-3429.887	-3594.838	164.9511	1.40665	2.583324	0.9045074	2.931112
9468	-3426.443	-3591.365	164.9218	1.363011	2.455552	0.7785046	3.09824
9474	-3435.341	-3600.254	164.9129	1.230292	2.839666	0.485585	3.320729
9480	-3424.449	-3589.741	165.2921	1.325022	2.77479	0.7144587	2.855244
9486	-3431.755	-3595.929	164.1737	1.189187	2.09775	0.7144587	3.795304
9492	-3430.01	-3592.911	162.9016	1.124667	1.864893	0.5634547	4.749892
9498	-3432.071	-3596.108	164.0369	1.033765	2.179826	0.5634547	4.057142
9504	-3444.668	-3608.584	163.916	1.131473	2.179826	0.6443346	4.003538
9510	-3440.049	-3604.255	164.206	1.240869	2.075419	0.4291832	4.003538
9516	-3436.297	-3600.746	164.4486	1.312656	2.011523	0.603799	3.680888
9522	-3423.59	-3589.459	165.8693	1.396075	2.011523	0.603799	2.790306
9528	-3419.681	-3585.62	165.9381	1.383778	2.155697	0.5394096	2.765016
9534	-3425.24	-3590.77	165.5302	1.253181	2.155697	0.5394096	3.089821
9540	-3437.193	-3602.309	165.1156	1.183606	2.155697	0.6934052	3.246521
9546	-3436.534	-3599.907	163.3734	1.131634	2.227523	0.7603076	4.21179
9552	-3446.82	-3611.717	164.8968	1.313725	2.065363	0.7603076	3.278832
9558	-3436.534	-3601.106	164.5723	1.230084	2.065363	0.7205949	3.547022
9564	-3438.027	-3601.947	163.9195	1.096262	2.163899	0.6671534	4.008885
9570	-3431.105	-3596.513	165.4085	1.354913	1.957056	0.6671534	3.059151
9576	-3422.991	-3588.269	165.2777	1.341677	2.478515	0.597895	3.034133
9582	-3430.438	-3595.13	164.6924	1.303633	2.576693	0.6229703	3.353979
9588	-3429.496	-3595.42	165.924	1.32204	2.403265	0.3889293	2.891357
9594	-3440.873	-3606.144	165.2703	1.25466	2.403265	0.3889293	3.321242
9600	-3443.631	-3609.411	165.7804	1.28159	2.403265	0.3889293	3.00221
9606	-3426.008	-3592.454	166.446	1.373379	1.638078	0.4381646	2.759387
9612	-3439.954	-3605.378	165.4242	1.466189	2.289474	0.4381646	3.084539
9618	-3436.616	-3602.714	166.0979	1.455706	2.289474	0.4209903	2.702605
9624	-3422.227	-3587.344	165.1161	1.351311	2.089983	0.6126006	3.234235
9630	-3430.462	-3595.692	165.2306	1.280707	1.754787	0.7312629	3.234235
9636	-3440.044	-3605.236	165.1924	1.350489	2.163585	0.7513644	3.055247
9642	-3439.232	-3603.513	164.2819	1.196567	2.562553	0.6884042	3.608044
9648	-3432.559	-3596.873	164.3137	1.315923	2.249482	0.6942678	3.608044
9654	-3430.4	-3595.477	165.0766	1.303964	2.328541	0.6942678	3.142639
9660	-3427.273	-3593.987	166.7133	1.563683	2.005427	0.4175313	2.353955
9666	-3430.746	-3598.168	167.4223	1.596862	1.871704	0.5068369	1.814928
9672	-3434.79	-3602.396	167.606	1.692472	1.819914	0.4403993	1.722341
9678	-3434.969	-3602.349	167.3797	1.724279	2.085238	0.4403993	1.747478
9684	-3436.369	-3603.949	167.58	1.703558	1.734654	0.4595276	1.747478
9690	-3434.957	-3602.15	167.1929	1.669943	2.476247	0.4595276	1.747478
9696	-3427.596	-3594.946	167.3502	1.793199	1.98596	0.4504392	1.747478
9702	-3431.039	-3598.695	167.6556	1.751778	1.98596	0.4328194	1.581427
9708	-3434.73	-3602.421	167.6913	1.662359	1.857647	0.4121206	1.703545
9714	-3434.952	-3601.946	166.994	1.602796	2.007836	0.5345162	2.01532
9720	-3437.133	-3604.465	167.3322	1.541863	1.997303	0.5113862	1.857557
9726	-3432.756	-3599.802	167.0466	1.412763	2.164768	0.3725371	2.235439
9732	-3435.331	-3602.124	166.7926	1.422553	2.26508	0.4747428	2.235439
9738	-3434.923	-3601.238	166.3148	1.393262	1.837158	0.409855	2.779733
9744	-3434.548	-3600.946	166.3978	1.393262	2.363274	0.4431049	2.506833
9750	-3438.117	-3605.588	167.4717	1.651238	1.732559	0.4832594	1.831561
9756	-3440.108	-3607.633	167.5243	1.716795	1.732559	0.4832594	1.749585
9762	-3425.802	-3593.237	167.4351	1.657516	2.003021	0.3800949	1.867118
9768	-3432.64	-3600.204	167.5637	1.564597	1.942954	0.3800949	1.867118
9774	-3431.748	-3599.447	167.6993	1.690712	1.937307	0.3800949	1.68734
9780	-3428.329	-3595.897	167.5684	1.772552	1.937307	0.6920426	1.351189
9786	-3429.18	-3596.432	167.2519	1.772552	2.055371	0.6920426	1.540209
9792	-3426.271	-3593.289	167.0181	1.66139	1.943471	0.6920426	1.83239
9798	-3421.199	-3588.638	167.4388	1.671841	1.841161	0.4483506	1.833809
9804	-3425.354	-3592.632	167.2786	1.589565	1.98517	0.4034212	1.994948
9810	-3429.824	-3597.206	167.3821	1.602709	1.889291	0.3734339	1.994948
9816	-3439.213	-3606.912	167.6989	1.645851	1.663756	0.3414327	1.895278
9822	-3434.571	-3602.257	167.6863	1.645851	1.696488	0.6460875	1.522379
9828	-3431.792	-3599.613	167.8212	1.736345	1.696488	0.4298096	1.608295
9834	-3442.769	-3610.659	167.8907	1.625395	1.696488	0.4527566	1.608295
9840	-3446.605	-3612.839	166.2343	1.516466	2.063989	0.5726201	2.50067
9846	-3439.663	-3606.135	166.4723	1.46031	1.874769	0.5276909	2.50067
9852	-3442.789	-3608.909	166.1198	1.46031	1.664607	0.3976676	2.939511
9858	-3428.875	-3595.243	166.368	1.409885	1.664607	0.422312	2.791414
9864	-3430.597	-3597.436	166.8387	1.409885	1.648005	0.422312	2.50825
9870	-3436.204	-3603.164	166.9603	1.409885	1.595003	0.422312	2.455028
9876	-3426.592	-3593.342	166.7502	1.435172	1.595003	0.3591643	2.646962
9882	-3434.694	-3601.282	166.5879	1.403427	1.396004	0.5440388	2.653219
9888	-3433.748	-3600.353	166.6051	1.447347	1.854302	0.5440388	2.417292
9894	-3424.568	-3591.673	167.1049	1.447347	1.668631	0.4021322	2.33206
9900	-3430.57	-3597.569	166.9987	1.564352	1.915628	0.4373456	2.181359
9906	-3435.76	-3602.894	167.1334	1.526616	2.006663	0.4373456	2.082589
9912	-3436.004	-3603.415	167.4109	1.532395	1.771934	0.4373456	1.99034
9918	-3443.563	-3610.627	167.0647	1.540224	2.206869	0.4373456	2.044495
9924	-3445.264	-3612.486	167.2221	1.55457	2.206869	0.3494128	2.044495
9930	-3439.759	-3606.297	166.5387	1.55457	2.244582	0.7012438	2.103106
9936	-3421.473	-3588.563	167.0899	1.41621	1.83924	0.4791127	2.201192
9942	-3419.547	-3586.464	166.9163	1.501781	2.153876	0.4791127	2.138109
9948	-3421.152	-3588.121	166.9694	1.538108	1.925825	0.3849833	2.277055
9954	-3431.587	-3598.477	166.89	1.45552	2.415296	0.3849833	2.207532
9960	-3425.879	-3592.516	166.6371	1.450162	2.35781	0.4282935	2.338968
9966	-3437.498	-3604.999	167.5006	1.70444	2.232576	0.4432256	1.613956
9972	-3429.266	-3596.187	166.9211	1.644304	2.242597	0.4685466	2.021262
9978	-3428.133	-3595.004	166.8713	1.6315	2.242597	0.4432872	2.092033
9984	-3437.665	-3604.984	167.3191	1.652172	2.083137	0.5618471	1.700147
9990	-3428.138	-3595.586	167.4476	1.688322	1.808872	0.5618471	1.700147
9996	-3426.443	-3594.035	167.5915	1.789871	1.738848	0.5618471	1.555558
10002	-3434.888	-3602.558	167.6701	1.766013	2.097309	0.3833598	1.582276
10008	-3438.513	-3605.57	167.0574	1.633341	1.915394	0.3833598	2.164991
10014	-3439.302	-3606.388	167.0863	1.511547	1.922047	0.3732565	2.235548
10020	-3433.864	-3600.336	166.4721	1.497535	1.922047	0.4054476	2.592024
10026	-3425.992	-3591.835	165.8426	1.306844	2.256337	0.4694239	2.90639
10032	-3441.932	-3610.273	168.3409	1.934884	1.731662	0.347619	1.151274
10038	-3433.067	-3601.406	168.3389	1.88072	1.731662	0.4793774	0.9678716
10044	-3425.607	-3593.769	168.1626	2.017148	1.941789	0.4793774	0.866665
10050	-3436.351	-3604.333	167.9821	1.994792	2.105718	0.4945095	0.9574758
10056	-3432.26	-3600.345	168.0851	2.02984	1.88808	0.4884805	0.9574758
10062	-3439.001	-3607.338	168.3371	2.050901	1.445176	0.5052281	0.9574758
10068	-3444.757	-3612.745	167.9877	1.907597	1.946494	0.5052281	1.109266
10074	-3431.021	-3599.246	168.2256	1.907597	1.769767	0.4563129	1.067778
10080	-3426.418	-3594.623	168.2046	1.907597	1.776758	0.4563129	1.083134
10086	-3425.595	-3593.809	168.2142	1.908741	1.776758	0.3997029	1.167367
10092	-3427.188	-3595.086	167.8984	1.894329	2.10356	0.3997029	1.280316
10098	-3426.653	-3594.626	167.9722	1.8766	1.838537	0.3997029	1.361904
10104	-3428.402	-3596.348	167.9452	1.975581	1.937975	0.4829991	1.124357
10110	-3440.585	-3608.665	168.0798	1.887029	1.79901	0.4829991	1.15993
10116	-3434.536	-3602.538	168.0026	1.961364	2.129693	0.3841447	1.1481
10122	-3445.069	-3611.762	166.6927	1.614176	2.484201	0.5193753	2.054007
10128	-3447.392	-3614.022	166.6298	1.41812	2.809048	0.4441676	2.206881
10134	-3432.365	-3600.626	168.2616	2.098851	1.660386	0.4125502	0.9948218
10140	-3432.733	-3601.07	168.337	2.098851	1.660386	0.4125502	0.9157067
10146	-3443.709	-3612.034	168.3246	2.04377	1.762253	0.4125502	0.9157067
10152	-3455.271	-3622.821	167.5493	1.583802	1.822819	0.4725835	1.796994
10158	-3436.387	-3603.394	167.007	1.454264	2.08835	0.4565621	2.159332
10164	-3435.937	-3604.025	168.0883	1.868935	1.819769	0.4388768	1.223383
10170	-3435.192	-3603.087	167.8953	1.886108	1.955363	0.4388768	1.300043
10176	-3446.193	-3614.014	167.8216	1.779103	1.955363	0.4388768	1.442287
10182	-3443.106	-3608.32	165.214	1.300988	2.406375	0.3785928	3.338203
10188	-3434.926	-3601.131	166.2051	1.410118	2.317735	0.3785928	2.705912
10194	-3437.789	-3604.976	167.1872	1.392642	1.672719	0.4067823	2.30704
10200	-3430.568	-3597.077	166.5087	1.469723	1.684719	0.5168149	2.559191
10206	-3421.67	-3588.402	166.7318	1.351985	1.684719	0.4544329	2.559191
10212	-3431.405	-3598.368	166.9628	1.555581	2.21442	0.5611346	1.962537
10218	-3446.51	-3613.059	166.5488	1.650632	2.21442	0.6283733	2.108684
10224	-3432.497	-3600.067	167.5703	1.650155	1.609695	0.3268902	2.024803
10230	-3427.2	-3594.752	167.5518	1.691909	1.786365	0.3490871	1.897955
10236	-3425.559	-3592.372	166.8136	1.675684	1.914401	0.5098036	2.148783
10242	-3433.182	-3599.986	166.8044	1.656932	1.960876	0.5098036	2.148783
10248	-3433.791	-3601.114	167.322	1.719109	1.954764	0.5098036	1.761285
10254	-3417.646	-3585.004	167.3583	1.580664	1.877434	0.4811055	1.89679
10260	-3417.303	-3584.723	167.4201	1.59718	1.517031	0.4811055	2.006185
10266	-3426.49	-3594.153	167.6634	1.724196	2.306034	0.4811055	1.398427
10272	-3425.298	-3592.869	167.5716	1.858031	2.306034	0.4811055	1.365432
10278	-3428.923	-3596.501	167.5778	1.874708	2.262895	0.4811055	1.365432
10284	-3437.028	-3604.857	167.8294	1.941553	2.262895	0.4811055	1.096487
10290	-3437.076	-3604.8	167.7238	1.906351	2.262895	0.4478886	1.268791
10296	-3422.593	-3590.343	167.7497	1.899243	2.262895	0.4478886	1.253255
10302	-3426.818	-3594.87	168.0522	1.75861	1.816245	0.4478886	1.332244
10308	-3430.425	-3598.484	168.0586	1.829689	1.816245	0.4043681	1.334526
10314	-3434.434	-3601.882	167.4477	1.797881	2.121966	0.4043681	1.680099
10320	-3429.778	-3597.329	167.551	1.774319	2.121966	0.3641543	1.680099
10326	-3420.265	-3587.687	167.4222	1.618518	2.121966	0.3557436	1.889926
10332	-3438.785	-3605.744	166.959	1.670524	2.121966	0.5927075	1.889926
10338	-3441.569	-3609.331	167.7619	1.691272	1.682758	0.5441114	1.550141
10344	-3432.222	-3599.967	167.7448	1.749961	2.264351	0.3321123	1.550141
10350	-3429.488	-3594.722	165.2335	1.283209	2.121574	0.5077741	3.289255
10356	-3432.376	-3598.398	166.0221	1.527657	1.971935	0.5077741	2.721035
10362	-3426.167	-3592.781	166.614	1.478309	1.987266	0.4494693	2.440554
10368	-3438.009	-3604.517	166.5078	1.447275	2.291042	0.4494693	2.420423
10374	-3432.688	-3599.363	166.6746	1.500249	1.902825	0.4494693	2.420423
10380	-3438.982	-3605.324	166.3414	1.457667	1.826847	0.4494693	2.683488
10386	-3433.71	-3600.592	166.8822	1.457667	1.701523	0.4494693	2.397235
10392	-3427.305	-3594.122	166.8171	1.383648	1.795385	0.6144846	2.279882
10398	-3439.29	-3605.888	166.5982	1.584661	1.985257	0.5364277	2.291658
10404	-3429.007	-3595.269	166.2618	1.539336	2.345445	0.6618633	2.291658
10410	-3428.089	-3594.113	166.0245	1.391081	2.115824	0.6038224	2.661763
10416	-3442.831	-3607.346	164.5147	1.294535	2.115824	0.4841833	3.726607
10422	-3435.118	-3600.838	165.7199	1.292147	1.757067	0.4841833	3.149196
10428	-3450.018	-3612.914	162.8958	1.276651	1.843373	0.7533942	4.530123
10434	-3433.723	-3596.384	162.6611	1.082118	2.186577	0.7533942	4.658438
10440	-3436.702	-3599.364	162.6614	1.090205	2.095333	0.6366927	4.767631
10446	-3442.89	-3606.976	164.0854	1.287078	2.020514	0.5972049	3.907296
10452	-3442.964	-3607.836	164.8715	1.204795	2.020514	0.3960034	3.695969
10458	-3430.608	-3595.593	164.9853	1.341199	2.465037	0.3960034	3.411434
10464	-3433.311	-3598.721	165.4101	1.329307	2.441633	0.3960034	3.174858
10470	-3441.654	-3607.963	166.3097	1.511104	1.961375	0.3960034	2.680484
10476	-3442.869	-3608.532	165.6628	1.473193	2.759703	0.5534534	2.680484
10482	-3446.907	-3614.544	167.6364	1.704809	2.388514	0.4571519	1.433295
10488	-3444.547	-3612.293	167.7464	1.750516	2.074828	0.4279622	1.483327
10494	-3445.044	-3611.435	166.3904	1.449989	1.983271	0.5094715	2.535689
10500	-3438.925	-3606.235	167.31	1.511167	1.667914	0.3411556	2.239343
10506	-3442.622	-3608.9	166.2782	1.395641	2.374826	0.4431322	2.576121
10512	-3435.862	-3602.066	166.2037	1.307527	2.315339	0.4786643	2.657193
10518	-3436.144	-3601.102	164.9584	1.132049	2.315339	0.5111165	3.474695
10524	-3436.472	-3601.974	165.5017	1.230621	2.06554	0.4973235	3.190677
10530	-3425.724	-3590.754	165.0304	1.204517	1.933129	0.5435593	3.485233
10536	-3427.282	-3593.47	166.1879	1.323443	1.800246	0.4278355	2.892918
10542	-3417	-3583.693	166.6929	1.428414	1.800246	0.3425247	2.623561
10548	-3417.21	-3583.927	166.7175	1.436636	1.663328	0.4551479	2.523553
10554	-3449.709	-3616.535	166.8264	1.577107	1.663328	0.4912348	2.327428
10560	-3432.794	-3599.937	167.1435	1.588386	1.663328	0.4227836	2.194038
10566	-3426.666	-3594.411	167.7454	1.679188	1.663328	0.4227836	1.728425
10572	-3431.61	-3598.771	167.1615	1.679188	2.015113	0.4227836	1.977141
10578	-3427.456	-3594.975	167.5186	1.665266	1.753372	0.4678285	1.79836
10584	-3435.024	-3600.611	165.586	1.358468	2.086068	0.5361655	3.019846
10590	-3426.275	-3592.217	165.9425	1.358468	2.061556	0.5361655	2.813154
10596	-3439.305	-3604.34	165.0354	1.208067	2.061556	0.5361655	3.442925
10602	-3438.65	-3605.457	166.8065	1.49498	2.15556	0.4225528	2.277884
10608	-3433.17	-3599.511	166.3411	1.606962	2.113349	0.6616307	2.277884
10614	-3440.093	-3605.944	165.8515	1.565386	1.927835	0.5578762	2.76992
10620	-3436.876	-3602.918	166.0425	1.507401	1.837277	0.4009975	2.886007
10626	-3442.07	-3607.429	165.3583	1.292346	1.805744	0.4297055	3.400645
10632	-3437.224	-3602.043	164.8194	1.328241	1.921062	0.4278472	3.654032
10638	-3446.658	-3611.63	164.9716	1.195688	1.571917	0.5518957	3.654032
10644	-3438.407	-3604.092	165.6851	1.283943	1.564172	0.5707072	3.170602
10650	-3420.493	-3585.359	164.8658	1.272095	1.861346	0.392933	3.719106
10656	-3416.525	-3581.439	164.9142	1.200836	1.919454	0.4723562	3.627575
10662	-3435.753	-3600.918	165.1654	1.278042	1.800539	0.6262186	3.339418
10668	-3434.805	-3600.896	166.0902	1.266365	1.93096	0.4220508	2.943843
10674	-3435.211	-3599.338	164.1272	1.227063	2.194855	0.419646	4.028464
10680	-3433.066	-3598.326	165.2608	1.397491	1.567694	0.7151235	3.23455
10686	-3423.473	-3587.673	164.2001	1.166576	2.099058	0.5502671	3.925181
10692	-3435.714	-3600.717	165.0029	1.418618	2.430257	0.4663905	3.289931
10698	-3426.576	-3591.122	164.5465	1.303719	2.254357	0.4922681	3.651246
10704	-3432.476	-3598.18	165.7041	1.32664	2.256949	0.5580898	2.890909
10710	-3446.585	-3610.792	164.2067	1.232978	1.853581	0.5580898	3.959793
10716	-3438.696	-3603.292	164.5962	1.12006	1.853581	0.4608661	3.892396
10722	-3434.799	-3598.983	164.1846	1.181077	1.853581	0.4608661	4.09279
10728	-3438.703	-3602.277	163.5741	1.273824	1.853581	0.3182747	4.544711
10734	-3447.88	-3611.076	163.1956	1.063618	2.137897	0.6123519	4.488942
10740	-3439.929	-3603.689	163.7598	1.122428	1.907397	0.5109738	4.300405
10746	-3437.587	-3601.246	163.6595	1.24489	2.183532	0.4077185	4.300405
10752	-3436.858	-3601.321	164.4624	1.148001	2.001926	0.4077185	3.95722
10758	-3435.134	-3600.037	164.9031	1.225845	2.571795	0.6924626	3.221185
10764	-3434.922	-3600.535	165.6127	1.325587	1.929775	0.6121206	3.010007
10770	-3452.38	-3617.412	165.0325	1.128631	2.100333	0.4576424	3.554227
10776	-3440.994	-3604.949	163.955	1.187047	2.564765	0.4520529	4.00786
10782	-3437.602	-3601.758	164.1554	1.189035	1.871911	0.7266148	3.873707
10788	-3434.783	-3597.422	162.64	1.045242	2.386344	0.5864458	4.757704
10794	-3445.086	-3607.618	162.5315	1.067488	1.920098	0.7262915	4.843613
10800	-3452.535	-3616.659	164.124	1.171951	1.90973	0.6902394	3.915155
10806	-3447.602	-3612.169	164.5673	1.231613	2.061367	0.7326404	3.541488
10812	-3444.132	-3609.113	164.9811	1.184652	1.639134	0.4267952	3.749579
10818	-3424.006	-3588.071	164.065	1.215189	2.200275	0.592632	3.906055
10824	-3438.165	-3603.783	165.6181	1.449571	2.271055	0.8633415	2.621562
10830	-3442.418	-3607.873	165.4553	1.486838	2.432644	0.592255	2.858518
10836	-3436.433	-3601.668	165.2356	1.348422	1.865796	0.4318215	3.415315
10842	-3428.176	-3593.97	165.7936	1.240393	2.19308	0.4293149	3.039268
10848	-3427.618	-3593.564	165.9459	1.369175	1.630927	0.4293149	3.076464
10854	-3428.293	-3593.949	165.6561	1.385004	2.028837	0.4293149	3.090224
10860	-3432.607	-3598.271	165.6638	1.334096	2.028837	0.5523659	2.992359
10866	-3428.047	-3592.873	164.8262	1.199819	2.380218	0.4063592	3.599997
10872	-3439.985	-3602.681	162.6956	1.188846	2.547498	0.6358747	4.56149
10878	-3446.518	-3610.133	163.6151	1.177072	1.989729	0.4212952	4.4115
10884	-3435.981	-3602.371	166.3905	1.3735	1.687244	0.4853087	2.722487
10890	-3441.047	-3606.697	165.6507	1.332071	1.989729	0.4212952	3.147385
10896	-3437.051	-3603.041	165.9904	1.25913	1.505846	0.4212952	3.177119
10902	-3456.076	-3622.434	166.3576	1.34593	1.893776	0.286512	2.920186
10908	-3441.958	-3607.472	165.5142	1.418254	1.666772	0.6952352	3.045991
10914	-3429.546	-3594.83	165.2839	1.389373	1.666772	0.741827	3.16499
10920	-3438.28	-3604.305	166.025	1.437742	2.140213	0.7081403	2.535942
10926	-3429.234	-3594.872	165.6383	1.449121	2.140213	0.4715705	2.979641
10932	-3423.163	-3590.25	167.0877	1.492299	2.006941	0.3614687	2.230003
10938	-3418.298	-3585.383	167.0848	1.496893	1.69322	0.4233533	2.277127
10944	-3424.45	-3590.946	166.4962	1.293152	1.738892	0.4233533	2.753074
10950	-3418.192	-3584.586	166.3938	1.309411	1.513802	0.4233533	2.8998
10956	-3422.857	-3588.24	165.3829	1.274534	1.898521	0.4233533	3.369597
10962	-3429.314	-3595.759	166.4442	1.289059	1.679461	0.3627116	2.883101
10968	-3421.869	-3588.141	166.2721	1.350322	2.170294	0.4769979	2.63833
10974	-3424.637	-3591.017	166.3798	1.451288	1.907356	0.6199061	2.464985
10980	-3438.823	-3607.104	168.2812	1.779723	1.582451	0.3204911	1.456453
10986	-3426.452	-3594.626	168.1746	1.701246	1.499658	0.3793316	1.546779
10992	-3422.083	-3589.975	167.8921	1.701246	1.499658	0.4954262	1.599043
10998	-3428.086	-3596.228	168.1412	1.819318	1.684348	0.4954262	1.212129
11004	-3432.758	-3600.717	167.9594	1.846265	1.798438	0.4765885	1.305106
11010	-3440.723	-3609.079	168.356	1.930615	1.753684	0.4135657	1.004862
11016	-3446.354	-3614.672	168.3175	1.969076	1.753684	0.4135657	1.004862
11022	-3436.774	-3603.959	167.185	1.589792	2.130517	0.6092212	1.77021
11028	-3434.161	-3600.618	166.4571	1.556617	2.130517	0.6092212	2.276523
11034	-3439.229	-3606.147	166.9181	1.468712	2.130517	0.3863329	2.276523
11040	-3438.217	-3605.189	166.9715	1.442456	2.079964	0.4628381	2.186043
11046	-3445.174	-3609.649	164.4749	1.246929	2.079964	0.610774	3.675052
11052	-3454.857	-3621.513	166.6562	1.407155	1.971554	0.4466598	2.467668
11058	-3446.062	-3613.161	167.0981	1.462915	1.436749	0.3729129	2.467668
11064	-3455.024	-3621.373	166.3492	1.419655	1.854555	0.3729129	2.780098
11070	-3452.606	-3616.256	163.6501	1.05607	1.964045	0.5014319	4.389449
11076	-3452.166	-3616.016	163.8506	1.078306	1.888684	0.5014319	4.28931
11082	-3454.991	-3618.403	163.412	1.069726	2.036577	0.7546498	4.28931
11088	-3450.087	-3614.448	164.3605	0.9930664	2.128061	0.5487758	3.924696
11094	-3433.162	-3597.125	163.9634	1.115942	2.070764	0.5487758	4.099789
11100	-3426.929	-3592	165.0706	1.261509	2.070764	0.5487758	3.376353
11106	-3432.125	-3597.83	165.705	1.326258	1.993884	0.4114341	3.128078
11112	-3439.13	-3603.748	164.618	1.225769	2.095607	0.605364	3.603733
11118	-3446.194	-3609.445	163.2515	1.240336	2.307948	0.637597	4.285766
11124	-3445.081	-3608.588	163.5065	1.1894	1.954843	0.585679	4.324069
11130	-3432.751	-3596.582	163.8313	1.135032	1.614204	0.5516015	4.324069
11136	-3427.565	-3592.536	164.9702	1.199988	1.67254	0.7168733	3.477408
11142	-3423.811	-3589.871	166.0596	1.315146	1.638589	0.4466303	3.018866
11148	-3445.873	-3611.271	165.398	1.177555	1.656311	0.4925436	3.437708
11154	-3449.476	-3616.907	167.4306	1.774109	1.973808	0.4880377	1.663225
11160	-3440.94	-3608.027	167.087	1.544691	1.535431	0.3642939	2.388293
11166	-3446.757	-3613.163	166.4058	1.528326	1.535431	0.4703236	2.698576
11172	-3439.28	-3605.883	166.6031	1.431993	1.735744	0.3789518	2.656043
11178	-3448.445	-3615.325	166.8804	1.551478	1.858832	0.3967268	2.336838
11184	-3440.713	-3608.44	167.7269	1.766485	1.82721	0.5575384	1.433677
11190	-3436.815	-3603.44	166.6257	1.567607	1.661622	0.4879455	2.464502
11196	-3434.613	-3601.207	166.5947	1.437042	1.546682	0.5654567	2.538244
11202	-3443.065	-3611.146	168.0819	1.871711	1.64906	0.4882671	1.248187
11208	-3431.377	-3599.546	168.1694	1.837128	1.64906	0.3773364	1.369852
11214	-3432.907	-3600.602	167.6951	1.767626	1.693982	0.5210123	1.564471
11220	-3433.259	-3600.816	167.5575	1.621218	1.36959	0.5210123	1.928547
11226	-3433.958	-3601.205	167.2468	1.575665	1.897577	0.5199573	1.923812
11232	-3424.4	-3591.905	167.5049	1.633904	1.897577	0.427082	1.816948
11238	-3442.321	-3609.706	167.3856	1.666527	1.833947	0.3791882	1.965151
11244	-3426.047	-3593.39	167.3436	1.584994	1.833947	0.3462016	2.092196
11250	-3425.521	-3592.392	166.871	1.57295	1.833947	0.5231849	2.196485
11256	-3439.671	-3605.979	166.3078	1.30337	1.882307	0.5231849	2.701287
11262	-3440.798	-3607.552	166.7537	1.494616	1.808621	0.5231849	2.332251
11268	-3432.771	-3599.825	167.0542	1.494616	1.808621	0.4113649	2.264423
11274	-3440.018	-3607.3	167.2819	1.594799	1.808621	0.3290123	2.160834
11280	-3430.918	-3598.453	167.5354	1.594799	1.808621	0.4988965	1.774403
11286	-3421.745	-3589.41	167.6645	1.536869	1.659006	0.3818384	1.938029
11292	-3420.731	-3588.212	167.481	1.513887	1.659006	0.4242254	2.021728
11298	-3418.85	-3585.585	166.7347	1.468587	1.896999	0.5087989	2.340705
11304	-3424.246	-3591.617	167.3711	1.486407	1.896999	0.3705671	2.079996
11310	-3416.785	-3584.035	167.2508	1.447424	1.910526	0.4501561	2.079996
11316	-3434.162	-3600.893	166.7301	1.499459	1.859097	0.4501561	2.402123
11322	-3421.889	-3588.458	166.569	1.404969	1.859097	0.463917	2.547129
11328	-3426.793	-3593.781	166.9879	1.507294	1.859097	0.6056021	2.070954
11334	-3423.385	-3590.638	167.2534	1.557678	1.859097	0.3568069	2.144221
11340	-3426.183	-3593.257	167.0747	1.578375	1.859097	0.3568069	2.246526
11346	-3422.896	-3590.291	167.395	1.53124	1.859097	0.3955919	2.017162
11352	-3421.088	-3588.166	167.078	1.464069	1.952288	0.3955919	2.231291
11358	-3426.354	-3593.19	166.8356	1.409121	1.797633	0.3955919	2.480651
11364	-3439.714	-3606.782	167.0677	1.502898	1.750116	0.3812748	2.311906
11370	-3433.967	-3600.135	166.168	1.318213	1.750116	0.5277808	2.824146
11376	-3433.263	-3599.962	166.699	1.445225	1.750116	0.4168141	2.537288
11382	-3428.057	-3595.217	167.1598	1.401701	1.750116	0.3397876	2.372158
11388	-3441.908	-3608.413	166.5057	1.401701	2.054813	0.4579994	2.522269
11394	-3433.789	-3599.839	166.0498	1.361681	2.054813	0.5587745	2.72666
11400	-3427.707	-3593.934	166.2266	1.39546	2.482092	0.5237565	2.489609
11406	-3428.892	-3595.171	166.2786	1.34349	2.482092	0.5237565	2.489609
11412	-3443.28	-3609.444	166.1638	1.366528	2.482092	0.4242676	2.652737
11418	-3419.105	-3585.191	166.0865	1.363096	2.222553	0.4161239	2.793587
11424	-3427.523	-3591.439	163.9156	1.141252	2.222553	0.828806	3.851875
11430	-3430.101	-3594.55	164.4492	1.141252	1.916839	0.5571838	3.851875
11436	-3427.09	-3590.999	163.909	1.077039	2.320277	0.5571838	4.068062
11442	-3430.449	-3594.525	164.076	1.269517	2.206932	0.5933071	3.865895
11448	-3422.932	-3588.163	165.2309	1.175916	1.837509	0.5933071	3.375017
11454	-3428.909	-3594.438	165.5289	1.220512	1.837509	0.5716712	3.191844
11460	-3418.563	-3583.411	164.8483	1.207732	1.791167	0.4241759	3.757601
11466	-3426.572	-3591.843	165.2709	1.182654	1.791167	0.4032357	3.550187
11472	-3426.945	-3592.382	165.4363	1.201056	1.88283	0.4032357	3.409256
11478	-3418.85	-3584.067	165.2166	1.32312	1.88283	0.4836278	3.381723
11484	-3426.636	-3591.713	165.0772	1.155599	1.88283	0.4968656	3.548114
11490	-3426.127	-3590.341	164.2146	1.261702	2.165377	0.5569481	3.83516
11496	-3425.844	-3590.79	164.9465	1.328198	2.188104	0.5569481	3.364168
11502	-3433.675	-3599.296	165.6208	1.342216	2.568666	0.5611451	2.833543
11508	-3431.88	-3597.154	165.2744	1.247101	1.913171	0.537648	3.329754
11514	-3420.904	-3585.594	164.69	1.158257	2.509373	0.4364275	3.633152
11520	-3413.301	-3577.326	164.0251	1.086788	2.184959	0.4394704	4.148914
11526	-3425.439	-3587.374	161.9354	1.013549	2.184959	0.5056086	5.295476
11532	-3426.24	-3588.051	161.8106	0.9766651	2.184959	0.553545	5.342646
11538	-3425.194	-3587.436	162.2426	1.061186	2.727235	0.7147918	4.780157
11544	-3441.193	-3604.074	162.8811	1.017701	2.250143	0.7147918	4.57913
11550	-3438.727	-3602.348	163.6205	1.037743	2.527939	0.7147918	4.069559
11556	-3440.564	-3604.436	163.8724	1.115413	2.853035	0.5188912	3.955467
11562	-3435.064	-3600.639	165.5753	1.339289	1.87556	0.5811159	3.071071
11568	-3427.688	-3593.237	165.5489	1.325392	1.822374	0.5344245	3.157443
11574	-3436.411	-3600.526	164.1155	1.182547	1.822374	0.6087977	4.008979
11580	-3431.912	-3596.546	164.633	1.145385	1.822374	0.5479026	3.785576
11586	-3444.298	-3608.805	164.5072	1.279675	1.850096	0.4701533	3.843839
11592	-3437.57	-3604.617	167.0473	1.47675	1.623551	0.4406144	2.32403
11598	-3431.509	-3598.761	167.2519	1.565854	1.623551	0.4870796	2.0816
11604	-3457.649	-3624.409	166.7605	1.458336	1.623551	0.4870796	2.465735
11610	-3446.276	-3613.484	167.2077	1.408878	1.816974	0.4077383	2.221813
11616	-3427.183	-3594.751	167.5681	1.488505	1.501558	0.4060231	2.077074
11622	-3437.039	-3604.766	167.7272	1.558229	1.909848	0.3178131	1.86337
11628	-3432.242	-3599.411	167.1694	1.520352	2.253751	0.4471852	1.959344
11634	-3422.145	-3589.303	167.158	1.520352	1.593835	0.4950091	2.177502
11640	-3419.293	-3586.377	167.0841	1.531542	1.593835	0.5337011	2.177502
11646	-3433.58	-3600.54	166.9592	1.575785	1.593835	0.4171513	2.35761
11652	-3428.045	-3595.487	167.4423	1.585963	1.593835	0.3876529	2.075573
11658	-3424.051	-3590.191	166.1396	1.483885	2.141217	0.509202	2.614391
11664	-3434.132	-3600.778	166.6462	1.483885	2.321925	0.4662578	2.280221
11670	-3439.208	-3606.271	167.0628	1.590763	1.744671	0.4706853	2.154129
11676	-3434.981	-3602.347	167.3664	1.519976	1.906812	0.4706853	1.932251
11682	-3434.257	-3601.304	167.048	1.456968	1.906812	0.4569629	2.199757
11688	-3431.646	-3599.3	167.6544	1.591429	2.000953	0.4569629	1.660591
11694	-3429.895	-3596.55	166.6552	1.443898	2.000953	0.4924472	2.384447
11700	-3434.308	-3601.241	166.9335	1.470573	2.000953	0.4924472	2.189231
11706	-3428.057	-3594.801	166.7442	1.497897	1.877957	0.4146954	2.427776
11712	-3422.338	-3589.59	167.2529	1.489355	1.463597	0.5656521	2.124217
11718	-3423.554	-3590.959	167.4053	1.602099	1.500526	0.5656521	1.930017
11724	-3430.044	-3597.303	167.2584	1.485303	1.500526	0.6169452	2.055716
11730	-3431.106	-3598.577	167.4708	1.526507	1.500526	0.6579023	1.846818
11736	-3441.121	-3608.815	167.694	1.670116	1.801881	0.391891	1.748228
11742	-3425.315	-3589.829	164.5137	1.408683	1.987854	0.7651351	3.470919
11748	-3434.254	-3598.696	164.4424	1.167908	1.766258	0.4564487	3.989266
11754	-3438.911	-3602.667	163.7564	1.114666	1.726	0.5811072	4.309932
11760	-3436.535	-3600.332	163.7971	0.9818532	2.057335	0.4298051	4.387908
11766	-3432.781	-3596.894	164.1126	1.132983	2.057335	0.4637262	4.088992
11772	-3434.157	-3598.934	164.7772	1.169888	2.109036	0.4637262	3.669433
11778	-3440.072	-3605.436	165.3638	1.273756	1.97154	0.4637262	3.312764
11784	-3421.554	-3588.274	166.7195	1.422777	2.011758	0.4184084	2.435706
11790	-3424.829	-3591.392	166.5628	1.403942	2.011758	0.4184084	2.545523
11796	-3419.683	-3585.429	165.7463	1.415782	2.011623	0.4916334	2.958351
11802	-3449.654	-3615.676	166.0226	1.322631	1.650858	0.4375162	3.041359
11808	-3441.633	-3606.176	164.5428	1.311931	2.089059	0.6414914	3.569843
11814	-3456.894	-3621.568	164.6734	1.225581	1.621788	0.5368102	3.802389
11820	-3445.94	-3611.989	166.0489	1.354069	1.743229	0.6168836	2.795913
11826	-3456.481	-3622.624	166.1426	1.354069	1.683526	0.4590905	2.913923
11832	-3436.069	-3600.373	164.3034	1.161878	2.148848	0.4552404	3.942573
11838	-3431.07	-3595.544	164.4745	1.132464	2.392946	0.4614717	3.780423
11844	-3432.306	-3596.555	164.249	1.132464	2.392946	0.4614717	3.91006
11850	-3441.91	-3605.082	163.1725	1.060843	2.392946	0.5550722	4.474965
11856	-3429.605	-3594.983	165.3782	1.316181	2.392946	0.4159664	3.193586
11862	-3434.974	-3601.786	166.8126	1.481335	1.950662	0.5754993	2.194805
11868	-3434.874	-3601.181	166.3065	1.508653	1.939117	0.6476372	2.438564
11874	-3440.532	-3606.949	166.4176	1.287554	2.347554	0.4405451	2.568291
11880	-3431.384	-3597.579	166.1952	1.447511	1.790931	0.5032163	2.736889
11886	-3431.245	-3597.65	166.4048	1.429061	1.790931	0.5032163	2.619385
11892	-3423.246	-3589.712	166.4661	1.350232	1.818486	0.5032163	2.619385
11898	-3433.346	-3598.393	165.0462	1.302252	1.900135	0.6069395	3.374901
11904	-3432.147	-3597.352	165.2046	1.303063	1.795336	0.4729623	3.443246
11910	-3429.885	-3594.92	165.0344	1.358825	2.147789	0.4861695	3.374426
11916	-3426.563	-3591.752	165.1891	1.370945	2.456967	0.4350812	3.233087
11922	-3428.35	-3594.033	165.683	1.292269	1.997306	0.4459793	3.122416
11928	-3436.657	-3601.672	165.0156	1.231924	2.18834	0.5047688	3.42858
11934	-3428.155	-3593.541	165.3861	1.325075	2.18834	0.5022666	3.157666
11940	-3430.411	-3595.104	164.6925	1.261877	2.420427	0.6073727	3.436579
11946	-3424.027	-3589.94	165.9134	1.312821	1.96081	0.4667095	2.96331
11952	-3435.634	-3598.746	163.1126	1.060847	2.4924	0.3598566	4.6749
11958	-3425.653	-3588.788	163.1348	1.115431	2.34053	0.3598566	4.6749
11964	-3425.582	-3589.171	163.5884	1.025832	1.976358	0.5980843	4.352728
11970	-3433.573	-3599.376	165.8034	1.221101	1.66396	0.5972462	3.072922
11976	-3429.994	-3594.557	164.5624	1.256345	2.380549	0.4488788	3.674618
11982	-3430.872	-3595.69	164.8185	1.348317	1.940227	0.3928574	3.674618
11988	-3436.342	-3602.68	166.3382	1.437537	1.940227	0.5971785	2.507657
11994	-3422.294	-3587.732	165.438	1.24047	1.947514	0.5804122	3.186186
12000	-3437.763	-3603.729	165.9652	1.2027	1.435414	0.4237749	3.253815
12006	-3434.284	-3599.909	165.6246	1.24338	2.062747	0.5475823	3.062913
12012	-3429.376	-3595.673	166.2969	1.321859	1.736433	0.5475823	2.72981
12018	-3430.839	-3596.864	166.0248	1.429451	2.001993	0.5475823	2.72981
12024	-3420.375	-3585.63	165.2543	1.351018	2.001993	0.4828565	3.301819
12030	-3430.338	-3596.555	166.2166	1.424947	2.209619	0.5327639	2.556478
12036	-3431.672	-3597.692	166.0209	1.387515	2.209619	0.6952102	2.556478
12042	-3420.673	-3586.429	165.7554	1.408109	1.975321	0.6952102	2.788788
12048	-3444.586	-3610.436	165.8502	1.442779	1.975321	0.6952102	2.709688
12054	-3460.878	-3625.996	165.1178	1.460028	2.371141	0.6952102	3.011028
12060	-3466.119	-3631.523	165.4041	1.306443	2.371141	0.8942105	2.787782
12066	-3430.741	-3596.133	165.3923	1.28606	1.94461	0.4457882	3.316858
12072	-3444.512	-3608.325	163.813	1.230257	2.676287	0.6222574	3.880222
12078	-3435.91	-3601.656	165.7457	1.320021	1.886508	0.5309217	3.022778
12084	-3444.284	-3610.151	165.8668	1.433258	1.886508	0.383117	3.038884
12090	-3430.33	-3595.768	165.4381	1.470346	2.17681	0.6328901	2.924849
12096	-3424.782	-3590.617	165.835	1.371214	2.17681	0.7043886	2.685114
12102	-3430.622	-3596.017	165.3953	1.361396	1.968046	0.7043886	3.029815
12108	-3441.029	-3607.605	166.5763	1.441395	1.968046	0.4574159	2.485678
12114	-3439.758	-3605.788	166.03	1.441395	1.778449	0.6260549	2.732307
12120	-3425.35	-3592.287	166.9369	1.505494	2.052089	0.5843593	2.05019
12126	-3434.378	-3600.339	165.9611	1.451187	1.988528	0.688041	2.637285
12132	-3433.262	-3599.735	166.4724	1.612426	1.988528	0.4748018	2.416925
12138	-3434.532	-3600.862	166.3306	1.472986	2.496204	0.350498	2.569418
12144	-3430.062	-3596.956	166.8935	1.512718	1.750587	0.4854536	2.294911
12150	-3435.145	-3602.232	167.0866	1.566531	1.834207	0.494436	2.090561
12156	-3437.374	-3604.143	166.7684	1.46411	1.791722	0.4265184	2.45401
12162	-3433.32	-3600.121	166.8012	1.431217	1.791722	0.4265184	2.45401
12168	-3434.778	-3600.938	166.1593	1.372529	2.036885	0.4265184	2.794847
12174	-3432.811	-3598.413	165.602	1.332751	1.583795	0.5372328	3.21321
12180	-3421.017	-3586.122	165.1055	1.296033	2.288912	0.5372328	3.275704
12186	-3421.368	-3586.904	165.5366	1.381823	2.605063	0.6418609	2.778692
12192	-3422.344	-3587.349	165.0044	1.474402	2.128186	0.7097084	3.136502
12198	-3428.583	-3593.424	164.8405	1.272754	2.867466	0.7097084	3.136502
12204	-3422.487	-3588.746	166.2584	1.3587	1.714693	0.4068054	2.88637
12210	-3424.079	-3590.567	166.4875	1.303259	1.259654	0.4068054	2.985438
12216	-3424.355	-3590.698	166.3429	1.268133	1.259654	0.5494182	2.946651
12222	-3430.293	-3596.352	166.0592	1.293553	1.6432	0.5292181	2.946651
12228	-3435.243	-3600.204	164.9613	1.293553	2.050232	0.5292181	3.446495
12234	-3428.997	-3593.033	164.036	1.168536	1.651979	0.4530386	4.266677
12240	-3436.442	-3601.467	165.0247	1.247385	1.679714	0.4530386	3.644736
12246	-3426.86	-3592.424	165.5641	1.201583	1.707373	0.4268512	3.373731
12252	-3440.336	-3606.198	165.8629	1.22023	1.707373	0.4268512	3.186416
12258	-3422.324	-3587.404	165.0797	1.225394	1.707373	0.6314765	3.451731
12264	-3423.302	-3588.174	164.8725	1.203041	1.652559	0.6314765	3.606903
12270	-3428.728	-3594.047	165.3191	1.247313	1.935927	0.6035845	3.236518
12276	-3444.248	-3609.674	165.4255	1.362473	2.009721	0.4391246	3.236518
12282	-3437.332	-3603.024	165.6923	1.399475	1.906665	0.507595	3.02226
12288	-3430.147	-3596.063	165.9159	1.347505	2.315828	0.507595	2.779305
12294	-3431.194	-3597.594	166.4006	1.416416	1.663487	0.4877326	2.697277
12300	-3421.413	-3587.087	165.6743	1.346653	2.068304	0.6365867	2.890495
12306	-3430.749	-3595.894	165.1449	1.429576	2.068304	0.6365867	3.158
12312	-3435.914	-3601.604	165.6896	1.35544	1.944328	0.5649617	2.982426
12318	-3426.24	-3592.103	165.8633	1.36253	2.190212	0.4291851	2.925124
12324	-3427.353	-3592.662	165.3089	1.246492	2.117751	0.4408325	3.335405
12330	-3426.261	-3591.339	165.0771	1.312577	2.088488	0.4233081	3.460995
12336	-3429.893	-3594.302	164.4088	1.234491	2.088488	0.6159923	3.713332
12342	-3436.211	-3601.704	165.4927	1.275176	2.088488	0.4592343	3.200397
12348	-3439.387	-3604.203	164.8164	1.275176	3.085307	0.5802284	3.200397
12354	-3420.341	-3585.376	165.0357	1.320301	2.445121	0.5802284	3.216302
12360	-3424.154	-3590.326	166.1713	1.386337	2.396851	0.3753779	2.720137
12366	-3439.293	-3605.243	165.9501	1.354441	2.635537	0.3753779	2.803342
12372	-3429.375	-3595.184	165.8089	1.360158	2.271419	0.371271	3.000159
12378	-3434.204	-3599.348	165.1439	1.256009	2.192729	0.5797886	3.268645
12384	-3441.093	-3604.878	163.7851	1.145693	2.125531	0.5406354	4.173926
12390	-3439.196	-3603.196	164.0002	1.222945	2.314985	0.5406354	3.94881
12396	-3442.688	-3607.453	164.7648	1.301902	1.725269	0.5406354	3.661765
12402	-3447.235	-3612.782	165.5471	1.194785	1.735535	0.5406354	3.263149
12408	-3452.651	-3617.78	165.129	1.198552	1.564264	0.3807146	3.737291
12414	-3438.794	-3605.705	166.9114	1.533583	2.253205	0.255375	2.384121
12420	-3440.289	-3606.863	166.5747	1.462179	1.685771	0.3269497	2.742202
12426	-3437.838	-3604.737	166.8998	1.509665	1.56258	0.4333282	2.43196
12432	-3425.362	-3592.402	167.0394	1.504267	1.654921	0.3629475	2.39273
12438	-3420.555	-3586.95	166.3953	1.420454	2.198354	0.3629475	2.641199
12444	-3427.759	-3594.277	166.5174	1.462145	1.717618	0.5859553	2.478177
12450	-3417.783	-3585.043	167.2595	1.505062	1.717618	0.4644216	2.100298
12456	-3421.506	-3588.109	166.603	1.523812	2.101233	0.3723514	2.469348
12462	-3424.846	-3591.69	166.844	1.578539	2.101233	0.4583692	2.177722
12468	-3424.714	-3592.058	167.344	1.536206	1.84919	0.4583692	1.974647
12474	-3436.983	-3604.697	167.7143	1.415066	1.364997	0.4583692	2.034312
12480	-3433.068	-3601.134	168.0665	1.754446	1.364997	0.4583692	1.553834
12486	-3432.098	-3599.849	167.7511	1.638692	1.769012	0.4251676	1.70047
12492	-3436.059	-3603.816	167.7568	1.609709	1.55639	0.4251676	1.817543
12498	-3435.214	-3603.217	168.0038	1.73863	1.55639	0.4449827	1.523238
12504	-3434.998	-3602.878	167.8799	1.811663	1.682915	0.5944739	1.3079
12510	-3422.173	-3590.43	168.2568	1.793446	1.651632	0.4583737	1.208512
12516	-3427.811	-3595.968	168.1568	1.762953	1.758153	0.3989228	1.347465
12522	-3421.565	-3589.382	167.8178	1.757963	1.758153	0.3989228	1.607776
12528	-3425.993	-3592.991	166.9979	1.543618	1.645483	0.6191653	2.119133
12534	-3436.349	-3603.012	166.6624	1.578955	1.50288	0.6469963	2.352392
12540	-3425.87	-3592.567	166.6966	1.630207	1.923929	0.6469963	2.117088
12546	-3439.932	-3606.126	166.1936	1.412145	1.923929	0.6469963	2.575624
12552	-3449.785	-3616.19	166.4051	1.412145	1.878779	0.4046945	2.703117
12558	-3440.433	-3605.999	165.5659	1.31424	2.1913	0.4054434	3.158206
12564	-3441.197	-3606.204	165.0071	1.184973	1.977992	0.6331528	3.417284
12570	-3442.838	-3606.76	163.922	1.266611	2.592268	0.6331528	3.810629
12576	-3425.572	-3590.711	165.1391	1.277174	2.619762	0.5569523	3.150979
12582	-3430.685	-3596.798	166.1136	1.318546	2.619762	0.4620991	2.630262
12588	-3438.567	-3604.41	165.8436	1.4402	2.576871	0.5453413	2.649788
12594	-3420.965	-3587.299	166.334	1.33177	1.92043	0.5453413	2.631793
12600	-3418.874	-3583.554	164.6807	1.299862	1.92043	0.6235196	3.568731
12606	-3420.535	-3586.324	165.7886	1.232749	1.613948	0.3189529	3.389249
12612	-3429.655	-3594.678	165.0225	1.317736	2.262968	0.3430523	3.527023
12618	-3423.536	-3588.608	165.0718	1.297891	1.944737	0.4117367	3.534226
12624	-3425.975	-3592.774	166.7987	1.415973	1.662231	0.4578844	2.483222
12630	-3447.26	-3612.025	164.7652	1.356257	1.785653	0.8491585	3.369386
12636	-3438.932	-3604.902	165.9707	1.386114	1.696313	0.7157656	2.76155
12642	-3436	-3602.5	166.4995	1.370631	1.891974	0.580619	2.482226
12648	-3431.366	-3597.887	166.5214	1.490732	1.671075	0.580619	2.482226
12654	-3446.826	-3612.866	166.0395	1.451817	1.735142	0.6386412	2.726506
12660	-3429.74	-3595.172	165.4319	1.271799	1.731006	0.5604216	3.269393
12666	-3442.69	-3608.138	165.4477	1.298605	1.961543	0.5604216	3.158828
12672	-3442.472	-3608.763	166.2913	1.445067	1.70341	0.6099046	2.613643
12678	-3448.737	-3615.681	166.9443	1.601818	1.521797	0.3929758	2.412291
12684	-3427.546	-3594.111	166.5653	1.440528	2.117149	0.4820589	2.412291
12690	-3424.797	-3590.851	166.0539	1.324662	1.60008	0.457098	3.021431
12696	-3426.027	-3592.765	166.7381	1.418192	1.712316	0.5271957	2.42598
12702	-3428.311	-3594.506	166.1951	1.351247	1.557911	0.4264564	2.97172
12708	-3435.598	-3601.397	165.7987	1.353317	2.285848	0.4515635	2.914306
12714	-3420.011	-3586.312	166.3008	1.336523	1.501122	0.4515635	2.914306
12720	-3429.899	-3596.443	166.5446	1.336523	1.403304	0.4969041	2.763841
12726	-3418.953	-3585.223	166.2699	1.410259	1.638236	0.4032419	2.883491
12732	-3443.644	-3609.607	165.9632	1.3898	2.382183	0.3481064	2.883491
12738	-3431.17	-3597.103	165.933	1.302213	1.854682	0.6711437	2.809141
12744	-3425.426	-3591.234	165.8081	1.321983	2.408717	0.6711437	2.683735
12750	-3437.643	-3603.432	165.789	1.298218	1.975459	0.630535	2.888166
12756	-3443.922	-3608.744	164.8224	1.249855	2.226215	0.630535	3.407524
12762	-3442.823	-3608.819	165.9963	1.325293	1.704915	0.3769998	3.102609
12768	-3435.273	-3602.213	166.9405	1.49772	2.29991	0.4133341	2.150488
12774	-3432.985	-3599.985	167	1.461475	2.147349	0.5251849	2.062144
12780	-3430.093	-3597.924	167.8314	1.600394	1.634228	0.3673655	1.812338
12786	-3435.987	-3602.82	166.833	1.600394	1.765202	0.6324093	2.125521
12792	-3436.078	-3601.972	165.8945	1.217205	1.590958	0.4649997	3.176097
12798	-3441.085	-3607.005	165.9199	1.352184	1.593257	0.4649997	3.079678
12804	-3443.715	-3609.583	165.8681	1.238975	1.789637	0.4845835	3.079678
12810	-3441.296	-3606.929	165.6334	1.352259	1.871065	0.4845835	3.121513
12816	-3435.7	-3600.35	164.6494	1.217301	2.166993	0.4845835	3.676587
12822	-3436.206	-3601.778	165.5716	1.373603	1.704864	0.545222	3.150484
12828	-3443.625	-3609.595	165.9695	1.358091	1.832864	0.4212183	2.998506
12834	-3437.491	-3603.848	166.3575	1.369671	1.638197	0.3361291	2.937548
12840	-3441.023	-3606.553	165.5298	1.404408	1.936074	0.498904	3.114291
12846	-3439.517	-3605.786	166.2697	1.366258	1.771449	0.4404475	2.814593
12852	-3440.852	-3607.401	166.5487	1.314559	1.741496	0.3911292	2.744366
12858	-3443.618	-3609.437	165.8192	1.318468	1.875452	0.4288977	3.087783
12864	-3436.517	-3602.344	165.8277	1.325702	1.571321	0.2955722	3.360781
12870	-3438.458	-3604.904	166.4452	1.445928	1.788726	0.2955722	2.833439
12876	-3431.253	-3597.806	166.5537	1.423817	1.788726	0.2955722	2.780863
12882	-3442.868	-3608.644	165.7759	1.468547	2.074527	0.4636047	2.915661
12888	-3435.904	-3602.79	166.8859	1.468547	2.074527	0.4959145	2.190064
12894	-3432.003	-3599.051	167.0479	1.472136	2.403803	0.4297921	2.0414
12900	-3439.066	-3606.185	167.1185	1.62773	1.876275	0.4308739	2.085149
12906	-3441.659	-3608.637	166.9787	1.61751	2.591901	0.3698872	2.006135
12912	-3435.37	-3602.73	167.3597	1.5636	2.27551	0.3317397	1.947413
12918	-3431.414	-3598.402	166.9885	1.629384	2.447818	0.4733456	1.909319
12924	-3436.712	-3603.871	167.1588	1.522372	2.014043	0.4454131	2.056158
12930	-3438.601	-3605.779	167.178	1.582998	1.883291	0.3983009	2.112833
12936	-3437.955	-3605.084	167.1286	1.632436	1.883291	0.3983009	2.112833
12942	-3436.151	-3601.31	165.1588	1.418086	2.256598	0.7491523	3.006349
12948	-3434.48	-3598.958	164.4775	1.220734	2.256598	0.5073073	3.724053
12954	-3428.722	-3593.696	164.9738	1.213785	2.734347	0.5259789	3.28346
12960	-3434.815	-3597.998	163.1834	1.2082	2.734347	0.4783492	4.362865
12966	-3443.024	-3606.72	163.6967	1.05179	2.47631	0.6485634	4.082712
12972	-3440.586	-3604.542	163.9564	1.21681	2.47631	0.6721516	3.821223
12978	-3440.243	-3605.648	165.4048	1.202492	1.884417	0.5033707	3.322042
12984	-3427.833	-3593.758	165.9245	1.372878	2.585949	0.4613838	2.723781
12990	-3432.387	-3597.5	165.1135	1.44006	3.187719	0.4613838	3.01416
12996	-3431.377	-3597.614	166.2378	1.453674	3.187564	0.4287143	2.350047
13002	-3465.858	-3632.174	166.3168	1.407635	3.132523	0.6185047	2.146725
13008	-3442.914	-3608.396	165.4821	1.298956	2.131383	0.6185047	3.028698
13014	-3439.005	-3604.606	165.6006	1.281435	1.828972	0.6185047	3.075375
13020	-3443.518	-3609.388	165.8704	1.381827	2.224106	0.4336497	2.893118
13026	-3443.419	-3609.592	166.1725	1.366291	2.224106	0.411753	2.743677
13032	-3440.953	-3606.962	166.0088	1.398057	1.850564	0.3840903	2.987051
13038	-3435.924	-3601.861	165.9374	1.365397	1.850564	0.4391279	2.987051
13044	-3448.307	-3611.4	163.0932	1.193249	3.300561	0.5604009	4.211672
13050	-3434.148	-3598.846	164.6976	1.290095	2.400143	0.5347679	3.487024
13056	-3449.69	-3614.224	164.5342	1.317788	2.400143	0.5347679	3.566078
13062	-3444.821	-3610.991	166.1697	1.352488	1.916509	0.3863953	2.890415
13068	-3436.005	-3601.026	165.0204	1.296235	1.974246	0.5611858	3.407174
13074	-3432.113	-3598.295	166.1824	1.360816	2.269549	0.4115145	2.726343
13080	-3440.036	-3605.017	164.9803	1.414179	2.537417	0.538443	3.20442
13086	-3438.485	-3604.421	165.9357	1.391845	1.881481	0.4079976	2.995346
13092	-3442.472	-3607.324	164.8523	1.323878	1.881481	0.5250345	3.554845
13098	-3437.671	-3602.498	164.8269	1.223435	1.945906	0.6575585	3.491636
13104	-3426.557	-3592.078	165.5212	1.215545	1.661458	0.3949908	3.444073
13110	-3432.436	-3597.245	164.8082	1.338288	1.904936	0.4671648	3.619645
13116	-3443.82	-3607.042	163.2228	1.104331	1.904936	0.4671648	4.655119
13122	-3446.96	-3610.429	163.4697	1.233407	1.874839	0.6903057	4.265007
13128	-3447.514	-3612.029	164.515	1.276688	2.095698	0.5483359	3.68332
13134	-3450.088	-3613.917	163.8289	1.033345	1.625594	0.5376046	4.390722
13140	-3445.378	-3608.928	163.5501	1.135347	1.916807	0.4997277	4.41872
13146	-3448.238	-3611.464	163.225	1.056287	1.962113	0.5649058	4.572706
13152	-3446.001	-3611.604	165.6024	1.305057	2.038313	0.4138835	3.183523
13158	-3445.216	-3610.478	165.2616	1.351933	1.653938	0.4978963	3.411214
13164	-3429.195	-3593.676	164.481	1.276529	1.945129	0.5104138	3.78844
13170	-3427.126	-3592.48	165.3547	1.318274	1.731857	0.524726	3.320053
13176	-3432.193	-3597.823	165.6299	1.237756	1.752417	0.6188328	3.112882
13182	-3432.778	-3597.431	164.6531	1.174929	1.752417	0.6188328	3.722067
13188	-3417.61	-3582.279	164.6686	1.133778	2.401744	0.6005726	3.536524
13194	-3436.212	-3601.531	165.3197	1.34298	2.207267	0.3773807	3.31416
13200	-3433.6	-3600.072	166.4717	1.326758	2.102016	0.3773807	2.666682
13206	-3428.985	-3594.712	165.7264	1.341626	2.297412	0.4241406	2.991114
13212	-3433.404	-3599.39	165.9864	1.34527	2.297412	0.4967836	2.754378
13218	-3426.636	-3592.764	166.1282	1.585528	2.297412	0.4967836	2.518637
13224	-3428.666	-3595.445	166.779	1.57483	1.897171	0.4967836	2.25708
13230	-3422.788	-3589.165	166.3769	1.57483	2.636541	0.3976365	2.374608
13236	-3428.135	-3595.055	166.9199	1.593474	2.695586	0.3976365	1.99217
13242	-3430.32	-3596.83	166.5099	1.64384	2.695586	0.5664744	2.039809
13248	-3433.928	-3600.85	166.9216	1.582746	2.695586	0.4374438	1.948262
13254	-3433.778	-3600.496	166.7176	1.609153	2.606083	0.4733323	2.052411
13260	-3455.674	-3623.074	167.4003	1.654065	2.434409	0.3767797	1.736507
13266	-3442.924	-3610.35	167.4251	1.654065	2.251182	0.3813611	1.779088
13272	-3439.016	-3606.152	167.1359	1.575574	2.251182	0.5184373	1.863711
13278	-3437.818	-3604.698	166.8807	1.578958	2.251182	0.5184373	2.033111
13284	-3430.268	-3598.222	167.954	1.691014	1.923963	0.4268575	1.439631
13290	-3428.229	-3594.969	166.7407	1.578313	2.251182	0.442066	2.21022
13296	-3447.332	-3614.286	166.9534	1.633865	2.280506	0.4857815	1.973592
13302	-3446.015	-3612.474	166.4597	1.617296	2.280506	0.6455173	2.150018
13308	-3454.051	-3620.635	166.5836	1.602027	2.943654	0.4463499	2.075893
13314	-3440.55	-3607.629	167.0785	1.592201	2.213787	0.431565	2.005281
13320	-3435.86	-3601.822	165.9625	1.544639	2.982452	0.4591853	2.485496
13326	-3435.888	-3602.465	166.577	1.542916	2.127965	0.4591853	2.361289
13332	-3434.892	-3601.885	166.9926	1.548397	1.920953	0.4917441	2.131962
13338	-3440.742	-3607.49	166.7473	1.410072	2.124615	0.6690302	2.131962
13344	-3438.775	-3604.605	165.8291	1.361859	2.231024	0.4987626	2.859468
13350	-3439.439	-3605.397	165.9581	1.494026	2.231024	0.4987626	2.700288
13356	-3428.443	-3593.933	165.4895	1.319609	2.220042	0.4987626	3.09256
13362	-3435.218	-3600.76	165.5424	1.226565	2.295354	0.4987626	3.09256
13368	-3436.261	-3600.032	163.7713	1.200868	2.295354	0.4987626	4.136344
13374	-3438.202	-3601.951	163.7494	1.14996	2.40247	0.4727436	4.171218
13380	-3442.139	-3606.397	164.2585	1.278924	2.386721	0.4426577	3.841509
13386	-3429.403	-3595.6	166.1975	1.465456	2.021807	0.6120021	2.534543
13392	-3442.991	-3609.373	166.3823	1.414288	1.802179	0.6120021	2.534543
13398	-3439.636	-3604.972	165.3358	1.291897	2.180091	0.5526172	3.162237
13404	-3453.361	-3618.196	164.835	1.282052	1.587572	0.5526172	3.676026
13410	-3429.846	-3594.896	165.0505	1.197665	1.587572	0.5901994	3.567168
13416	-3438.834	-3604.174	165.3398	1.253775	2.028279	0.434002	3.350251
13422	-3427.657	-3591.27	163.613	1.073506	2.028279	0.5129715	4.368582
13428	-3442.514	-3605.941	163.4272	1.123719	2.300003	0.6748687	4.225833
13434	-3435.794	-3599.568	163.7741	1.123719	2.288776	0.4522349	4.225833
13440	-3431.553	-3596.326	164.7729	1.15226	1.918708	0.6318258	3.594752
13446	-3425.828	-3590.854	165.0266	1.220908	2.342981	0.4296404	3.456725
13452	-3426.772	-3591.792	165.02	1.333584	1.940638	0.5063963	3.447965
13458	-3436.642	-3601.843	165.2012	1.276616	1.948672	0.431776	3.447965
13464	-3443.343	-3610.428	167.0846	1.604783	1.637343	0.3754558	2.29157
13470	-3425.248	-3591.542	166.2938	1.471574	1.756949	0.6771398	2.515982
13476	-3422.332	-3588.899	166.5668	1.436625	1.756949	0.5953345	2.438378
13482	-3429.374	-3596.888	167.5142	1.610188	1.860866	0.4256495	1.84422
13488	-3427.6	-3594.597	166.9978	1.648684	1.870064	0.5139857	2.059087
13494	-3426.556	-3592.911	166.3552	1.333818	1.870064	0.5139857	2.667158
13500	-3431.928	-3598.179	166.2514	1.41865	2.077822	0.5139857	2.602821
13506	-3432.586	-3597.549	164.9629	1.280446	2.115769	0.5139857	3.445722
13512	-3446.007	-3611.04	165.0328	1.14681	2.115769	0.5543444	3.445722
13518	-3443.034	-3607.548	164.5138	1.204504	2.307281	0.5426881	3.664228
13524	-3433.796	-3598.951	165.1552	1.223244	1.621502	0.5733845	3.492043
13530	-3448.155	-3614.992	166.8367	1.441204	2.239543	0.4046126	2.285334
13536	-3456.479	-3621.325	164.8462	1.195006	2.727981	0.6028902	3.302604
13542	-3430.728	-3595.898	165.17	1.233286	2.07847	0.5457471	3.334717
13548	-3430.202	-3595.906	165.7043	1.377943	2.070645	0.5047804	2.972715
13554	-3437.025	-3602.055	165.0301	1.432397	2.36955	0.7774704	3.018782
13560	-3439.828	-3606.374	166.5452	1.373302	2.031323	0.5032823	2.475685
13566	-3429.99	-3595.753	165.7623	1.254391	1.991546	0.5681476	2.97973
13572	-3442.369	-3607.226	164.8574	1.286502	2.20752	0.5733055	3.420146
13578	-3440.092	-3606.212	166.1209	1.276345	2.564967	0.3518435	2.796848
13584	-3432.685	-3599.211	166.5263	1.472276	1.652966	0.4219511	2.661562
13590	-3428.676	-3595.426	166.7502	1.454967	2.024254	0.4463441	2.359099
13596	-3429.082	-3596.465	167.3833	1.589194	1.844981	0.4463441	1.928714
13602	-3434.995	-3602.305	167.3097	1.559469	2.016314	0.4463441	1.928714
13608	-3425.45	-3592.898	167.4481	1.625118	2.08263	0.3738	1.857657
13614	-3432.636	-3598.393	165.757	1.28678	2.02366	0.6699505	2.864617
13620	-3434.847	-3602.302	167.4553	1.695098	1.693654	0.4542107	1.864831
13626	-3429.752	-3597.477	167.7252	1.725825	1.819569	0.4915683	1.548587
13632	-3445.754	-3613.497	167.7422	1.58628	1.755778	0.4944842	1.663666
13638	-3434.957	-3602.778	167.8218	1.706928	1.984429	0.501097	1.401666
13644	-3434.319	-3601.783	167.4642	1.633063	2.060891	0.4487785	1.751334
13650	-3432.37	-3599.377	167.0067	1.470895	2.452941	0.4487785	2.030375
13656	-3429.967	-3596.233	166.2668	1.443019	2.2973	0.4695523	2.549845
13662	-3431.218	-3596.019	164.8011	1.174828	2.144106	0.6918966	3.441497
13668	-3426.635	-3592.48	165.8448	1.434469	2.069791	0.3889169	2.979449
13674	-3421.641	-3586.724	165.0835	1.356651	2.754391	0.6353988	3.031094
13680	-3430.063	-3593.802	163.7388	1.193039	2.543285	0.4530063	4.132649
13686	-3432.25	-3597.569	165.3186	1.315388	2.15035	0.4530063	3.265555
13692	-3439.762	-3605.297	165.5341	1.296382	1.974436	0.5598615	3.104685
13698	-3427.443	-3592.829	165.3864	1.391344	2.065053	0.5598615	3.104685
13704	-3431.312	-3597.519	166.207	1.389098	2.279561	0.3849417	2.722155
13710	-3426.774	-3593.057	166.2823	1.409263	2.199933	0.5966913	2.467882
13716	-3436.066	-3601.951	165.8845	1.348094	2.221423	0.5966913	2.744712
13722	-3443.142	-3609.548	166.406	1.357015	1.648039	0.3890147	2.845942
13728	-3438.128	-3605.372	167.2435	1.3766	1.648039	0.3890147	2.313931
13734	-3429.637	-3596.78	167.1435	1.451287	1.648039	0.689341	2.019605
13740	-3419.266	-3586.236	166.9697	1.530247	1.874159	0.5771262	2.089159
13746	-3428.777	-3595.423	166.6455	1.450555	1.652127	0.4456318	2.574977
13752	-3419.657	-3584.794	165.1371	1.179651	2.089464	0.5238287	3.402142
13758	-3426.143	-3589.677	163.5339	1.061669	2.089464	0.4513649	4.459008
13764	-3435.617	-3600.775	165.1581	1.247306	2.49986	0.582783	3.168699
13770	-3431.154	-3595.121	163.9664	1.278588	2.49986	0.582783	3.8457
13776	-3425.977	-3590.872	164.895	1.294228	2.49986	0.4447326	3.428549
13782	-3436.361	-3600.82	164.4593	1.231288	2.423355	0.4062675	3.781418
13788	-3436.832	-3600.774	163.9422	1.209643	2.162505	0.7580395	3.864449
13794	-3435.304	-3599.311	164.0066	1.209643	2.162505	0.7580395	3.827449
13800	-3436.532	-3601.864	165.3314	1.281158	2.048091	0.4461384	3.319456
13806	-3436.594	-3602.586	165.9922	1.352206	2.183358	0.4461384	2.837018
13812	-3435.417	-3600.628	165.2109	1.30245	2.374649	0.4461384	3.273484
13818	-3448.116	-3613.181	165.0658	1.272087	2.447398	0.5309794	3.271051
13824	-3445.436	-3611.895	166.4593	1.361053	1.736141	0.4762583	2.677438
13830	-3433.474	-3599.516	166.0418	1.433038	2.17719	0.6511631	2.562854
13836	-3433.598	-3597.845	164.2463	1.335609	2.497456	0.5379553	3.691597
13842	-3434.195	-3599.738	165.543	1.358975	2.424642	0.5117505	2.960245
13848	-3436.905	-3603.212	166.3075	1.279394	2.053783	0.5117505	2.664868
13854	-3423.058	-3588.95	165.8921	1.405413	2.344574	0.5117505	2.745178
13860	-3424.282	-3588.917	164.6344	1.182992	2.51483	0.5885444	3.5052
13866	-3425.265	-3590.374	165.1092	1.216431	2.030393	0.5885444	3.358539
13872	-3428.02	-3592.301	164.2818	1.15001	2.091067	0.5885444	3.857291
13878	-3424.085	-3588.523	164.4386	1.175536	2.091067	0.5885444	3.752307
13884	-3428.921	-3593.897	164.9761	1.261606	2.091067	0.5885444	3.389729
13890	-3430.306	-3596.008	165.7018	1.202746	2.297196	0.37319	3.147644
13896	-3428.894	-3594.243	165.3491	1.282254	2.297196	0.5258841	3.147644
13902	-3424.718	-3590.262	165.5434	1.236121	2.297196	0.5258841	3.05936
13908	-3426.039	-3592.011	165.9723	1.318332	2.297196	0.5258841	2.750584
13914	-3422.733	-3588.92	166.1873	1.274378	2.254335	0.5258841	2.659582
13920	-3447.591	-3611.591	163.9998	1.215307	2.100765	0.6073279	3.962654
13926	-3432.919	-3596.974	164.0548	1.084239	2.100765	0.6920363	3.939585
13932	-3425.486	-3590.429	164.9429	1.158022	2.275948	0.4151266	3.578351
13938	-3440.267	-3603.834	163.5669	1.305507	2.275948	0.7691521	3.981634
13944	-3437.027	-3601.296	164.2694	1.342532	2.107048	0.7880128	3.59566
13950	-3439.004	-3602.721	163.717	1.353621	1.974436	0.9426227	3.852948
13956	-3438.431	-3602.688	164.2573	1.419867	1.642793	0.9426227	3.624538
13962	-3442.798	-3607.49	164.6915	1.358706	2.357799	0.9426227	3.157901
13968	-3439.69	-3604.726	165.0365	1.248779	2.094354	0.7431115	3.237506
13974	-3446.076	-3611.586	165.51	1.428762	2.094354	0.6340606	2.933271
13980	-3444.909	-3611.058	166.1486	1.44243	2.094354	0.3923482	2.778243
13986	-3432.353	-3597.988	165.6352	1.332102	2.386942	0.3923482	3.059871
13992	-3435.998	-3601.864	165.866	1.210075	1.841549	0.5914079	2.977904
13998	-3438.402	-3605.387	166.9843	1.480025	1.860955	0.4691311	2.230487
14004	-3439.316	-3605.914	166.5975	1.488725	1.589516	0.4691311	2.582284
14010	-3435.202	-3601.857	166.6554	1.491626	1.589516	0.4691311	2.5445
14016	-3432.692	-3599.623	166.9315	1.606948	2.335021	0.5766055	1.890009
14022	-3433.1	-3599.061	165.961	1.637168	2.335021	0.6772175	2.410925
14028	-3417.967	-3585.325	167.3584	1.667868	1.995768	0.3669724	1.933063
14034	-3428.067	-3595.157	167.0902	1.653319	1.995768	0.5239333	1.933063
14040	-3423.793	-3591.75	167.9568	1.779316	1.920068	0.5239333	1.235553
14046	-3442.751	-3610.372	167.6209	1.788257	1.640797	0.3529006	1.845376
14052	-3426.286	-3593.613	167.3266	1.662322	2.108948	0.3842616	1.890703
14058	-3423.1	-3589.949	166.8495	1.516385	1.731255	0.486889	2.327179
14064	-3428.976	-3594.857	165.8807	1.491516	2.038831	0.486889	2.826536
14070	-3433.103	-3599.018	165.9145	1.305804	2.31561	0.486889	2.826536
14076	-3435.951	-3600.683	164.7322	1.279148	2.31561	0.564863	3.471479
14082	-3436.762	-3601.99	165.2279	1.2079	2.31561	0.5109098	3.272062
14088	-3436.061	-3601.391	165.3296	1.230719	2.31561	0.5109098	3.198431
14094	-3441.875	-3606.979	165.1035	1.275171	2.010282	0.3534674	3.573823
14100	-3444.445	-3610.245	165.7998	1.340685	1.996624	0.397931	3.077387
14106	-3454.181	-3619.909	165.7271	1.509354	1.64427	0.397931	3.153069
14112	-3455.126	-3621.102	165.976	1.392669	1.803382	0.5787832	2.826995
14118	-3431.124	-3597.493	166.3693	1.519931	2.106763	0.5136917	2.456347
14124	-3427.574	-3594.506	166.9314	1.53444	2.255024	0.5136917	2.032729
14130	-3443.989	-3610.621	166.6322	1.551713	2.047338	0.6182582	2.188909
14136	-3457.921	-3624.215	166.294	1.589298	1.932715	0.6182582	2.423971
14142	-3441.428	-3608.183	166.7556	1.545471	1.869204	0.5254072	2.272086
14148	-3435.376	-3602.404	167.0284	1.650183	1.834402	0.5204917	2.045606
14154	-3422.373	-3589.624	167.2512	1.608604	1.799566	0.5204917	1.939305
14160	-3428.079	-3595.376	167.2968	1.563048	1.799566	0.5204917	1.939305
14166	-3439.968	-3606.936	166.9684	1.481362	2.136975	0.5204917	2.078645
14172	-3429.869	-3596.721	166.8522	1.535124	2.136975	0.5204917	2.119635
14178	-3431.243	-3596.646	165.4026	1.448664	2.136975	0.8546561	2.804848
14184	-3430.939	-3598.461	167.5222	1.674096	1.696763	0.408715	1.888884
14190	-3424.569	-3592.13	167.561	1.587228	1.806998	0.5365714	1.719935
14196	-3432.04	-3598.905	166.8646	1.583114	1.806171	0.5375175	2.190654
14202	-3429.352	-3596.517	167.165	1.513863	1.946116	0.3389745	2.220046
14208	-3428.366	-3593.775	165.409	1.24253	2.298547	0.3389745	3.338957
14214	-3418.987	-3584.795	165.8087	1.409448	2.239068	0.4834197	2.85598
14220	-3432.367	-3598.577	166.2102	1.349964	2.217496	0.3912206	2.75688
14226	-3430.738	-3596.411	165.6728	1.297184	2.101748	0.3912206	3.150678
14232	-3429.454	-3595.094	165.64	1.283205	2.101748	0.337596	3.24367
14238	-3425.849	-3591.825	165.9757	1.286908	1.821215	0.3950766	3.071546
14244	-3429.003	-3593.724	164.7213	1.173195	1.919332	0.5422716	3.689046
14250	-3440.492	-3606.103	165.6112	1.31467	2.100874	0.6377134	2.935781
14256	-3442.277	-3607.617	165.3394	1.31467	2.100874	0.6377134	3.098694
14262	-3427.776	-3593.265	165.4889	1.244225	1.860032	0.5619158	3.201937
14268	-3437.075	-3603.153	166.0783	1.458827	2.130929	0.5619158	2.619958
14274	-3436.075	-3602.839	166.7638	1.471613	2.103645	0.4303066	2.329481
14280	-3431.412	-3597.48	166.0674	1.526351	2.175049	0.6163436	2.519833
14286	-3438.655	-3605.523	166.8684	1.443108	1.514235	0.5429606	2.399228
14292	-3441.65	-3609.295	167.6451	1.710007	1.930666	0.4129385	1.669705
14298	-3455.043	-3622.924	167.8805	1.859144	2.027523	0.4462881	1.288561
14304	-3432.324	-3600.151	167.8276	1.936358	1.962818	0.4594166	1.280774
14310	-3427.056	-3594.972	167.9166	1.896014	1.962818	0.4204046	1.298639
14316	-3439.198	-3607.027	167.8293	1.978834	2.352502	0.2926295	1.343802
14322	-3443.349	-3611.584	168.2351	1.980495	1.733462	0.2888529	1.312111
14328	-3446.992	-3614.038	167.0459	1.812738	2.380728	0.5443676	1.685522
14334	-3436.844	-3604.247	167.4033	1.713554	1.841329	0.3971393	1.894511
14340	-3432.938	-3600.593	167.6546	1.684537	2.005528	0.5141794	1.520062
14346	-3437.817	-3605.227	167.4096	1.65701	1.850508	0.39575	1.926467
14352	-3433.055	-3600.674	167.6197	1.712462	1.722223	0.4810849	1.69277
14358	-3427.741	-3595.172	167.4312	1.623359	1.581867	0.4810849	1.950213
14364	-3431.897	-3599.347	167.4496	1.569655	1.591952	0.4978914	1.950213
14370	-3431.227	-3598.175	166.9477	1.590242	1.591952	0.5368255	2.225398
14376	-3431.85	-3599.172	167.3228	1.570196	1.591952	0.5359651	1.993555
14382	-3432.355	-3599.893	167.5383	1.62673	1.419766	0.5250105	1.907148
14388	-3441.851	-3609.542	167.6908	1.680887	1.444947	0.6077631	1.663007
14394	-3425.912	-3593.915	168.0037	1.895193	1.818663	0.3412079	1.425209
14400	-3425.588	-3593.445	167.8568	1.799525	1.808573	0.4225857	1.491292
14406	-3432.611	-3600.299	167.688	1.692505	1.776737	0.4898966	1.622046
14412	-3431.685	-3599.186	167.5003	1.740709	1.776737	0.5781636	1.622046
14418	-3429.398	-3597.175	167.7769	1.642225	1.586483	0.4051309	1.792454
14424	-3428.165	-3595.005	166.8403	1.6451	2.427767	0.4051309	2.086778
14430	-3437.434	-3604.623	167.1888	1.625082	2.427767	0.477914	1.776338
14436	-3435.165	-3601.601	166.4357	1.612706	2.625006	0.4440542	2.261249
14442	-3433.4	-3600.116	166.7155	1.502838	1.733509	0.4987507	2.407212
14448	-3440.957	-3606.041	165.0832	1.39137	2.363324	0.583226	3.167962
14454	-3446.065	-3612.253	166.1875	1.39137	1.924975	0.583226	2.648235
14460	-3439.704	-3606.889	167.1846	1.454769	1.876767	0.4456693	2.137356
14466	-3435.848	-3602.033	166.1851	1.3523	1.847329	0.5430709	2.740452
14472	-3437.779	-3604.038	166.2586	1.40085	1.850132	0.4677395	2.740452
14478	-3437.742	-3604.287	166.5449	1.476085	2.261585	0.5922466	2.241823
14484	-3436.99	-3603.498	166.5079	1.432362	1.973213	0.5922466	2.396463
14490	-3437.185	-3603.43	166.2451	1.445235	1.836521	0.5922466	2.604816
14496	-3444.158	-3611.099	166.9405	1.502826	1.693247	0.4220196	2.36685
14502	-3430.063	-3596.136	166.073	1.405378	1.82415	0.4813995	2.846355
14508	-3429.148	-3593.55	164.4019	1.21302	2.61237	0.6278045	3.56284
14514	-3434.509	-3598.515	164.0061	1.210709	2.489717	0.6278045	3.827356
14520	-3435.272	-3599.145	163.8731	1.228375	2.569735	0.6838137	3.827356
14526	-3436.004	-3601.871	165.8669	1.373722	1.995165	0.4475133	2.96274
14532	-3427.048	-3592.42	165.3725	1.375378	2.241904	0.4572372	3.16418
14538	-3438.507	-3603.848	165.3408	1.360656	2.329727	0.4572372	3.16418
14544	-3434.018	-3598.323	164.3049	1.262849	1.874346	0.3832289	4.052626
14550	-3433.895	-3598.12	164.2247	1.103964	2.121551	0.3761538	4.114152
14556	-3431.441	-3596.686	165.2447	1.167582	1.87987	0.3761538	3.572673
14562	-3432.504	-3597.4	164.8954	1.139457	2.037917	0.4991795	3.607198
14568	-3428.298	-3592.721	164.4234	1.213727	1.972699	0.4991795	3.858854
14574	-3434.598	-3600.384	165.7859	1.268364	1.972699	0.4875286	3.040874
14580	-3433.13	-3598.607	165.4775	1.389071	1.972699	0.5679627	3.076447
14586	-3434.89	-3600.599	165.7094	1.389071	2.865268	0.467784	2.760167
14592	-3442.743	-3608.445	165.7026	1.445538	2.158851	0.467784	2.940847
14598	-3429.073	-3595.965	166.8923	1.564749	2.158851	0.3768761	2.233359
14604	-3436.296	-3601.607	165.3104	1.636857	2.120174	0.7133791	2.855205
14610	-3423.706	-3590.086	166.3801	1.50144	2.138449	0.398413	2.577217
14616	-3439.126	-3606.323	167.1969	1.612153	2.039267	0.3509885	2.082847
14622	-3444.187	-3611.241	167.0539	1.570169	2.018126	0.4219333	2.120353
14628	-3448.088	-3614.807	166.7194	1.646728	2.166636	0.4219333	2.233181
14634	-3426.056	-3593.231	167.175	1.55894	2.166636	0.379919	2.04595
14640	-3434.143	-3601.352	167.2095	1.576372	1.967738	0.4117195	2.04595
14646	-3442.72	-3609.192	166.472	1.444224	2.285276	0.4117195	2.490177
14652	-3438.652	-3606.022	167.3699	1.491112	1.646735	0.4793215	2.051198
14658	-3433.111	-3600.389	167.2781	1.491112	1.646735	0.4793215	2.111656
14664	-3432.562	-3600.789	168.2268	2.114748	1.765186	0.4152775	0.9371209
14670	-3434.294	-3602.437	168.143	2.009003	1.765186	0.4921086	0.9927017
14676	-3436.654	-3604.777	168.1227	2.0536	1.706523	0.500628	0.9927017
14682	-3434.765	-3603.01	168.2453	2.0536	1.785462	0.4464947	0.9069677
14688	-3445.57	-3613.804	168.2332	2.146923	1.785462	0.4464947	0.8094883
14694	-3440.659	-3608.839	168.1807	2.199416	1.785462	0.4464947	0.8094883
14700	-3438.271	-3606.543	168.2721	2.199416	1.785462	0.4310496	0.7173521
14706	-3445.2	-3613.438	168.238	2.140596	1.785462	0.446619	0.8112664
14712	-3431.006	-3599.121	168.115	2.140596	2.084485	0.3650118	0.9276622
14718	-3436.85	-3605.2	168.3498	2.122703	1.80689	0.3650118	0.8709791
14724	-3439.227	-3607.501	168.2732	2.12402	1.747905	0.405734	0.9083812
14730	-3438.246	-3606.478	168.2323	2.117907	1.84839	0.4218427	0.8534632
14736	-3431.163	-3599.484	168.3212	2.096356	1.56246	0.4511405	0.9327662
14742	-3444.543	-3612.93	168.3865	2.096356	1.56246	0.4656333	0.8276006
14748	-3433.365	-3601.64	168.2751	2.101042	1.699554	0.4656333	0.8429179
14754	-3441.348	-3609.629	168.2807	2.101042	1.894659	0.3665367	0.9085847
14760	-3429.354	-3597.616	168.2619	2.118622	1.894659	0.3665367	0.9099718
14766	-3435.895	-3603.976	168.0808	1.981159	2.20556	0.3665367	1.052411
14772	-3433.38	-3601.522	168.1412	1.981159	2.20556	0.3672184	0.9918447
14778	-3441.724	-3609.794	168.0704	1.981159	2.029818	0.4559009	0.9932705
14784	-3434.115	-3602.235	168.1202	1.960001	1.851022	0.4559009	1.069798
14790	-3435.325	-3603.474	168.149	1.977351	2.148269	0.4275253	0.8967811
14796	-3431.186	-3599.555	168.3697	1.975127	1.478467	0.4084689	1.138535
14802	-3431.142	-3599.524	168.3816	1.910823	1.727048	0.4084689	1.025754
14808	-3428.122	-3596.272	168.1505	1.980492	1.870451	0.4464656	1.025754
14814	-3442.985	-3611.311	168.3259	1.940893	1.870451	0.381396	1.012793
14820	-3434.576	-3602.961	168.3849	1.946478	1.829731	0.3908952	0.9538745
14826	-3427.843	-3595.871	168.0282	1.911983	1.974189	0.3908952	1.234188
14832	-3425.723	-3593.942	168.2197	2.003612	1.797531	0.3730468	1.113015
14838	-3422.581	-3590.674	168.0933	2.121021	2.184001	0.3730468	0.8938064
14844	-3432.685	-3600.64	167.9556	2.066065	2.225424	0.4205427	0.9777187
14850	-3438.145	-3606.236	168.0905	2.099325	2.225424	0.4205427	0.7818495
14856	-3439.112	-3607.397	168.2852	2.099325	1.761771	0.4205427	0.880926
14862	-3437.183	-3605.46	168.2773	2.045682	1.761771	0.3841937	1.019742
14868	-3431.43	-3599.615	168.1851	2.006246	1.806354	0.3841937	1.116607
14874	-3430.2	-3598.545	168.3451	1.989788	1.490239	0.3841937	1.180986
14880	-3427.409	-3595.659	168.2498	1.916559	1.481766	0.3841937	1.326473
14886	-3434.78	-3603.29	168.5104	1.875822	1.481766	0.3841937	1.141376
14892	-3437.185	-3605.462	168.2771	1.890304	1.481766	0.5088531	1.13703
14898	-3438.541	-3606.779	168.2381	1.96863	1.851487	0.3903398	1.065067
14904	-3430.551	-3598.968	168.4168	1.96863	1.511945	0.3903398	1.111228
14910	-3435.942	-3603.894	167.9512	1.9906	2.223352	0.3903398	1.110863
14916	-3437.456	-3605.579	168.1233	1.965509	2.087792	0.3903398	1.04365
14922	-3427.407	-3595.451	168.0442	1.986645	2.087792	0.3903398	1.098072
14928	-3442.052	-3610.082	168.0299	2.020251	2.087792	0.3903398	1.080139
14934	-3430.889	-3599.271	168.3814	2.103556	1.57757	0.3903398	0.9699648
14940	-3439.874	-3608.236	168.3615	1.940495	1.728957	0.3903398	1.049082
14946	-3434.084	-3602.032	167.9474	1.940495	2.271881	0.4055893	1.109443
14952	-3443.975	-3608.165	164.1899	1.094038	2.034686	0.4464804	4.091942
14958	-3457.598	-3621.255	163.6577	1.084808	2.255155	0.5175719	4.261346
14964	-3450.307	-3618.225	167.9182	1.809015	2.079149	0.3224323	1.468423
14970	-3428.971	-3596.772	167.8011	1.809015	2.085302	0.4665637	1.337586
14976	-3426.448	-3593.761	167.3128	1.713643	2.609174	0.5483492	1.475754
14982	-3437.055	-3604.829	167.7737	1.665393	1.784703	0.463655	1.608415
14988	-3439.531	-3607.382	167.8505	1.689135	1.657688	0.463655	1.596254
14994	-3445.217	-3612.503	167.2852	1.647023	2.122545	0.463655	1.823469
15000	-3448.616	-3614.043	165.4268	1.290021	2.113841	0.5712434	3.114229
15006	-3431.766	-3597.907	166.1415	1.42472	2.113841	0.5803632	2.590664
15012	-3430.704	-3596.59	165.8864	1.331954	2.113841	0.488054	2.892703
15018	-3429.753	-3595.389	165.6363	1.331954	1.656775	0.4751828	3.223747
15024	-3425.385	-3591.279	165.8938	1.201357	1.552649	0.4751828	3.191565
15030	-3428.134	-3591.661	163.5264	1.261856	2.117542	0.6118029	4.196879
15036	-3431.244	-3596.555	165.311	1.251383	2.117542	0.5466317	3.227038
15042	-3429.781	-3595.573	165.7924	1.251013	2.032132	0.3610958	3.16667
15048	-3426.676	-3592.855	166.1792	1.293703	1.577935	0.3610958	3.083536
15054	-3428.099	-3594.882	166.7835	1.487753	1.608242	0.5988275	2.328906
15060	-3418.502	-3584.957	166.4544	1.381646	1.998974	0.4575014	2.587301
15066	-3427.552	-3593.712	166.1594	1.332313	1.998974	0.4575014	2.798751
15072	-3425.185	-3590.5	165.3157	1.306354	1.998974	0.4186621	3.360174
15078	-3427.737	-3593.723	165.9857	1.339644	1.900097	0.527561	2.864545
15084	-3432.903	-3598.598	165.6954	1.413271	2.524311	0.4672895	2.850641
15090	-3437.021	-3602.737	165.7163	1.323142	2.644093	0.4741877	2.850641
15096	-3446.634	-3612.465	165.8305	1.460811	2.625917	0.4741877	2.702261
15102	-3433.325	-3599.016	165.691	1.292751	2.848392	0.4741877	2.82785
15108	-3429.932	-3595.955	166.023	1.417311	2.142396	0.5309601	2.705233
15114	-3430.508	-3595.606	165.0981	1.393666	2.219159	0.851848	2.996714
15120	-3426.032	-3591.555	165.5235	1.366861	2.219159	0.4853228	3.05777
15126	-3437.585	-3604.372	166.7871	1.3535	1.672224	0.4207143	2.567101
15132	-3438.337	-3603.884	165.5478	1.354532	1.664034	0.5356755	3.201047
15138	-3424.9	-3591.273	166.3731	1.334722	1.874777	0.4913784	2.676734
15144	-3428.52	-3594.191	165.6703	1.334722	2.202618	0.5449778	2.936286
15150	-3427.006	-3592.604	165.5977	1.242022	2.202618	0.5449778	3.035551
15156	-3441.269	-3606.479	165.2101	1.449292	2.202618	0.5449778	3.143136
15162	-3443.888	-3610.525	166.6366	1.392409	1.973697	0.5449778	2.385366
15168	-3441.875	-3608.304	166.4295	1.419244	1.960189	0.5093025	2.539184
15174	-3432.761	-3598.972	166.2105	1.341306	2.371772	0.4205172	2.677983
15180	-3427.83	-3594.158	166.3283	1.355095	2.371772	0.4205172	2.596795
15186	-3422.325	-3589.241	166.9166	1.531533	2.121485	0.3991279	2.224331
15192	-3435.452	-3602.232	166.7799	1.531533	2.527914	0.4929752	2.065429
15198	-3433.827	-3600.394	166.5677	1.601542	2.527914	0.6419963	2.009815
15204	-3442.075	-3608.863	166.7877	1.570371	2.002603	0.6419963	2.070294
15210	-3429.369	-3594.236	164.867	1.273673	2.003254	0.7209143	3.370078
15216	-3430.979	-3595.217	164.2378	1.303591	2.003254	0.9126796	3.589452
15222	-3432.678	-3597.954	165.2758	1.235738	1.923352	0.4897896	3.377676
15228	-3431.475	-3595.954	164.4787	1.241978	1.965209	0.6676881	3.668536
15234	-3438.08	-3603.181	165.1008	1.25019	2.329545	0.6676881	3.180876
15240	-3432.142	-3596.979	164.8374	1.23666	2.132889	0.5193785	3.533831
15246	-3444.497	-3609.536	165.0394	1.188345	1.791996	0.3997795	3.68471
15252	-3436.411	-3601.394	164.9835	1.248952	1.784734	0.3997795	3.68471
15258	-3433.783	-3597.596	163.8123	1.112239	1.784734	0.5697474	4.267711
15264	-3444.378	-3609.533	165.1551	1.227172	1.570069	0.7504114	3.369991
15270	-3439.043	-3604.454	165.4109	1.237322	1.646717	0.7504114	3.181636
15276	-3435.402	-3600.211	164.8092	1.238004	1.713559	0.7504114	3.508535
15282	-3434.421	-3598.453	164.0322	1.136402	2.408724	0.673115	3.842629
15288	-3428.454	-3592.516	164.0622	1.155196	2.408724	0.600238	3.872921
15294	-3445.478	-3609.394	163.916	1.192705	2.408724	0.6893349	3.864682
15300	-3438.058	-3602.345	164.2874	1.231053	1.825495	0.6707996	3.832155
15306	-3428.611	-3593.758	165.1471	1.26491	1.98048	0.5596032	3.350433
15312	-3433.289	-3598.717	165.4277	1.253701	2.238422	0.5596032	3.105087
15318	-3428.036	-3593.736	165.7002	1.333421	2.238422	0.46404	2.987576
15324	-3422.9	-3588.989	166.0888	1.384214	2.238422	0.46404	2.721146
15330	-3429.04	-3595.149	166.1088	1.398955	1.807283	0.46404	2.853137
15336	-3427.568	-3594.408	166.8402	1.515149	2.117501	0.46404	2.20887
15342	-3424.721	-3591.478	166.757	1.492017	2.231167	0.5180388	2.178741
15348	-3432.138	-3598.883	166.7442	1.508518	2.231167	0.5157396	2.178741
15354	-3444.709	-3610.066	165.3579	1.427221	2.219777	0.4167865	3.192691
15360	-3431.501	-3597.604	166.1035	1.395032	1.972893	0.486659	2.773369
15366	-3433.445	-3599.547	166.1015	1.42009	1.922843	0.4789594	2.78554
15372	-3429.532	-3593.84	164.3082	1.3094	2.538091	0.5104336	3.684951
15378	-3426.816	-3592.135	165.3193	1.392163	2.2544	0.6850139	2.975509
15384	-3421.663	-3588.082	166.4195	1.545772	2.191221	0.5585226	2.33408
15390	-3426.25	-3592.929	166.6792	1.461555	2.071741	0.4139979	2.420071
15396	-3428.786	-3594.601	165.8148	1.320131	2.071741	0.5767119	2.872634
15402	-3418.652	-3584.206	165.554	1.32319	2.553954	0.4717222	2.977058
15408	-3429.438	-3594.792	165.3536	1.227716	2.392041	0.4717222	3.201481
15414	-3428.844	-3594.709	165.8651	1.315343	2.059843	0.5556356	2.86854
15420	-3427.324	-3593.47	166.1458	1.347448	2.167054	0.5158917	2.679154
15426	-3442.896	-3607.312	164.4165	1.192426	2.251271	0.5158917	3.769154
15432	-3426.795	-3591.226	164.4316	1.253003	1.929146	0.4957803	3.849811
15438	-3429.177	-3593.538	164.3615	1.172058	1.933998	0.5801438	3.858666
15444	-3426.711	-3591.605	164.894	1.204443	1.884131	0.5001906	3.622516
15450	-3433.549	-3600.115	166.5665	1.337697	1.826109	0.5001906	2.565075
15456	-3443.416	-3610.371	166.955	1.449306	1.958587	0.5001906	2.196985
15462	-3433.757	-3600.659	166.9022	1.385136	1.837574	0.4411418	2.384336
15468	-3431.178	-3596.567	165.3885	1.423166	2.064565	0.4411418	3.201563
15474	-3425.691	-3591.432	165.7411	1.300038	1.841652	0.474339	3.10978
15480	-3426.48	-3592.288	165.8076	1.233537	1.841652	0.474339	3.10978
15486	-3426.282	-3592.81	166.5278	1.470947	2.103651	0.474339	2.429857
15492	-3423.303	-3589.83	166.527	1.324173	1.793032	0.474339	2.637811
15498	-3428.841	-3595.915	167.074	1.476028	1.793032	0.4098	2.271897
15504	-3447.021	-3614.279	167.2581	1.674368	1.804519	0.6004873	1.804195
15510	-3433.587	-3600.759	167.1721	1.714533	2.410201	0.481286	1.727615
15516	-3439.567	-3606.76	167.193	1.747176	2.410754	0.481286	1.689551
15522	-3439.675	-3607.146	167.4716	1.69649	1.378496	0.5424628	1.908073
15528	-3441.958	-3608.04	166.0816	1.441083	1.378496	0.5424628	2.948335
15534	-3438.74	-3605.512	166.7722	1.404403	1.739897	0.5424628	2.386542
15540	-3427.518	-3593.009	165.4909	1.288499	2.117769	0.5424628	3.101942
15546	-3430.614	-3596.586	165.9723	1.282838	2.039365	0.5950167	2.794512
15552	-3422.3	-3588.73	166.4303	1.495297	2.091438	0.512388	2.440255
15558	-3426.689	-3593.437	166.7484	1.563311	2.091438	0.5898975	2.116016
15564	-3424.952	-3592.646	167.6935	1.630255	1.674976	0.3077177	1.954743
15570	-3435.339	-3602.916	167.5775	1.630255	1.844448	0.5191727	1.680654
15576	-3431.18	-3598.694	167.5141	1.554556	1.844448	0.4400076	1.871455
15582	-3424.31	-3591.324	167.0135	1.584559	1.844448	0.4400076	2.183964
15588	-3425.424	-3591.38	165.9559	1.440123	1.844448	0.6356165	2.744614
15594	-3442.087	-3608.855	166.7682	1.618937	1.844448	0.4699685	2.285728
15600	-3428.477	-3595.678	167.2012	1.613148	1.807392	0.5631005	1.921661
15606	-3432.045	-3599.539	167.4942	1.646087	1.807392	0.4782937	1.791995
15612	-3426.841	-3593.988	167.1465	1.732104	2.288925	0.4782937	1.780607
15618	-3427.824	-3594.21	166.3857	1.615169	2.252407	0.7154221	2.1488
15624	-3428.051	-3594.565	166.5146	1.517459	2.202703	0.4034703	2.455136
15630	-3434.101	-3600.848	166.7468	1.45073	1.831767	0.3972552	2.494663
15636	-3428.589	-3595.406	166.8163	1.607769	2.204244	0.5032768	2.089599
15642	-3430.07	-3596.466	166.3956	1.553453	2.204244	0.5032768	2.395414
15648	-3436.894	-3604.284	167.3896	1.632098	1.690468	0.5557206	1.840049
15654	-3433.271	-3600.93	167.6586	1.570049	1.690468	0.5582656	1.692962
15660	-3433.437	-3601.289	167.852	1.599889	1.665823	0.4030984	1.734135
15666	-3420.989	-3588.666	167.6767	1.676237	1.756956	0.3922677	1.775697
15672	-3417.695	-3585.832	168.1369	1.674736	1.571213	0.4528255	1.45263
15678	-3431.855	-3599.792	167.9368	1.62693	1.645842	0.4528255	1.598459
15684	-3432.409	-3600.482	168.0726	1.648446	1.610124	0.4528255	1.500509
15690	-3430.85	-3598.131	167.2804	1.575269	1.960343	0.4528255	1.952215
15696	-3431.156	-3597.392	166.2362	1.337761	1.960343	0.633833	2.593095
15702	-3429.825	-3595.77	165.9454	1.219842	1.567217	0.5502202	3.071081
15708	-3426.001	-3589.981	163.9798	1.046102	1.676073	0.5502202	4.267631
15714	-3427.884	-3592.235	164.3509	1.096217	1.676073	0.4143205	4.159859
15720	-3436.901	-3600.756	163.8545	1.087242	1.676073	0.6048193	4.269101
15726	-3425.676	-3591.273	165.5965	1.266568	2.034117	0.4477361	3.174494
15732	-3437.502	-3603.682	166.1807	1.328135	1.954594	0.3592035	2.917776
15738	-3444.157	-3609.62	165.4634	1.300127	1.954594	0.54391	3.166216
15744	-3425.786	-3592.335	166.5488	1.409467	1.652017	0.4538475	2.651151
15750	-3423.274	-3588.935	165.661	1.297962	2.182139	0.4538475	3.061252
15756	-3434.902	-3600.396	165.4938	1.428305	2.000416	0.6194806	2.988194
15762	-3436.671	-3604.586	167.9148	1.692544	1.548799	0.3860978	1.705253
15768	-3436.796	-3604.473	167.6771	1.626521	2.105637	0.3618902	1.705253
15774	-3437.313	-3604.531	167.2178	1.557598	2.208484	0.5344477	1.818066
15780	-3428.596	-3595.825	167.2283	1.549548	2.05306	0.3112888	2.154871
15786	-3420.474	-3587.503	167.0291	1.59161	1.778681	0.478523	2.15239
15792	-3431.047	-3597.614	166.5671	1.574123	1.92531	0.5127873	2.365032
15798	-3423.894	-3590.149	166.2553	1.427313	2.156069	0.5127873	2.569028
15804	-3426.469	-3592.55	166.0819	1.431462	1.757061	0.5127873	2.819582
15810	-3424.936	-3590.774	165.8385	1.378304	2.218911	0.4490861	2.899443
15816	-3429.484	-3595.093	165.6081	1.285183	1.918754	0.468142	3.175794
15822	-3437.383	-3603.056	165.6725	1.120389	1.918754	0.5286853	3.175794
15828	-3423.79	-3588.668	164.8778	1.217085	2.229153	0.5445793	3.467692
15834	-3419.281	-3583.558	164.2775	1.171837	2.229153	0.6345226	3.765358
15840	-3416.388	-3580.481	164.0934	1.152606	2.111833	0.6178751	3.932739
15846	-3429.783	-3593.465	163.6821	1.20914	2.610338	0.6748462	3.943693
15852	-3426.714	-3591.319	164.6051	1.173481	2.610338	0.4684459	3.612407
15858	-3430.178	-3594.623	164.4451	1.202371	1.786778	0.4684459	3.948461
15864	-3432.13	-3595.818	163.6881	1.029993	2.520509	0.4516721	4.261617
15870	-3433.89	-3598.416	164.5262	1.178294	2.219128	0.6001423	3.649285
15876	-3431.132	-3596.131	164.9986	1.33774	2.386614	0.4583086	3.361373
15882	-3434.823	-3598.983	164.1601	1.209209	2.193352	0.4583086	3.980382
15888	-3433.475	-3597.333	163.8582	1.191344	2.193352	0.5995034	4.034404
15894	-3446.032	-3610.815	164.7835	1.202738	2.193352	0.5736256	3.51649
15900	-3441.366	-3606.736	165.3702	1.20584	1.957966	0.6279508	3.202457
15906	-3443.402	-3607.734	164.3321	1.1486	1.922033	0.7017026	3.796086
15912	-3438.068	-3603.133	165.0655	1.363141	2.27581	0.6434028	3.171214
15918	-3450.896	-3616.307	165.4111	1.190668	2.238608	0.5102705	3.198644
15924	-3448.781	-3613.426	164.6451	1.261352	2.238608	0.575674	3.546883
15930	-3445.165	-3609.022	163.8571	1.210722	2.238608	0.5664225	4.038046
15936	-3440.361	-3603.694	163.3332	1.159982	2.634189	0.548855	4.266952
15942	-3450.163	-3616.159	165.996	1.332899	2.136408	0.548855	2.758329
15948	-3426.924	-3592.485	165.5613	1.357759	2.346006	0.4867687	2.998912
15954	-3417.536	-3583.226	165.6898	1.342917	2.134302	0.4867687	2.998912
15960	-3431.351	-3597.205	165.8534	1.334426	1.644501	0.6110349	2.971038
15966	-3429.992	-3595.572	165.5799	1.316595	1.938826	0.5248677	3.110636
15972	-3432.615	-3597.07	164.4551	1.128188	1.651317	0.5676695	3.944631
15978	-3436.971	-3601.917	164.9455	1.130973	2.084292	0.5676695	3.504504
15984	-3427.037	-3591.732	164.6946	1.244953	2.010938	0.6952389	3.504504
15990	-3432.425	-3598.287	165.8625	1.387438	2.010938	0.4374717	2.962456
15996	-3432.638	-3600.076	167.4384	1.56143	1.853634	0.4374717	1.917409
16002	-3429.861	-3596.474	166.6129	1.522546	1.875374	0.4374717	2.469366
16008	-3430.519	-3597.184	166.6651	1.433158	1.875374	0.4374717	2.492629
16014	-3424.73	-3591.088	166.3581	1.374224	1.875374	0.4322565	2.72488
16020	-3432.83	-3597.908	165.0784	1.245227	2.178451	0.4790418	3.412394
16026	-3437.822	-3602.821	164.9996	1.321889	2.448864	0.668299	3.161794
16032	-3435.045	-3599.003	163.9579	1.346175	2.448864	1.000866	3.534403
16038	-3425.84	-3591.301	165.4612	1.260493	2.57641	0.3814758	3.163093
16044	-3429.548	-3594.34	164.7914	1.153301	2.317199	0.5828456	3.494146
16050	-3415.072	-3579.543	164.4713	1.138554	1.930205	0.5828456	3.813831
16056	-3417.054	-3581.715	164.6616	1.231185	2.009073	0.5015744	3.696912
16062	-3423.386	-3587.674	164.2872	1.223123	2.035259	0.6178995	3.806061
16068	-3430.035	-3595.469	165.4335	1.345054	1.784637	0.3610646	3.411792
16074	-3434.279	-3598.481	164.2021	1.237138	2.239493	0.3610646	4.031757
16080	-3441.332	-3605.018	163.6862	1.257555	2.239493	0.6088158	4.072819
16086	-3437.881	-3602.768	164.8865	1.246768	2.144113	0.6088158	3.416175
16092	-3441.03	-3607.788	166.7583	1.278314	1.798919	0.4749447	2.519837
16098	-3436.577	-3603.602	167.0247	1.418371	2.120156	0.4164422	2.206797
16104	-3431.135	-3597.087	165.9515	1.419715	2.098521	0.6076751	2.691626
16110	-3444.014	-3610.231	166.2176	1.396153	2.098521	0.6993687	2.463293
16116	-3441.104	-3607.576	166.4718	1.431067	2.098521	0.4288698	2.542211
16122	-3452.249	-3618.726	166.4761	1.418704	2.462351	0.407399	2.451848
16128	-3453.922	-3620.689	166.7674	1.418704	1.825865	0.5664387	2.322079
16134	-3448.404	-3614.282	165.8784	1.418704	2.323859	0.6458553	2.628898
16140	-3443.728	-3610.786	167.058	1.462739	2.323859	0.3872311	2.121249
16146	-3439.018	-3606.283	167.265	1.667282	2.323859	0.5982995	1.595195
16152	-3441.74	-3608.836	167.0953	1.66537	2.143721	0.6307003	1.75366
16158	-3425.584	-3592.545	166.9617	1.560639	2.143721	0.6307003	1.917437
16164	-3428.48	-3594.132	165.6519	1.31618	2.128527	0.6307003	2.906849
16170	-3430.645	-3595.238	164.5934	1.157549	2.128527	0.6307003	3.62592
16176	-3418.43	-3583.393	164.9635	1.203392	1.868604	0.4620523	3.62592
16182	-3421.567	-3586.797	165.2295	1.26992	2.062158	0.3431273	3.498722
16188	-3428.725	-3594.629	165.9044	1.450134	2.062158	0.5677521	2.750568
16194	-3441.239	-3607.116	165.8771	1.333089	2.220569	0.3992706	2.958543
16200	-3441.647	-3607.832	166.1855	1.413029	1.666387	0.3741885	2.955634
16206	-3440.745	-3606.671	165.9259	1.337992	2.541117	0.3888853	2.839206
16212	-3423.249	-3588.762	165.5126	1.330392	2.335764	0.3888853	3.153667
16218	-3436.602	-3602.708	166.1065	1.413027	2.14861	0.560272	2.626306
16224	-3440.369	-3606.843	166.4736	1.439551	2.14861	0.560272	2.380312
16230	-3440.641	-3605.202	164.5607	1.12443	1.989153	0.5305865	3.796369
16236	-3434.686	-3599.617	164.9316	1.227892	1.8258	0.5305865	3.579565
16242	-3435.876	-3601.489	165.6126	1.305084	2.012741	0.6157661	2.989702
16248	-3438.935	-3605.753	166.8173	1.423277	1.661874	0.5428835	2.378531
16254	-3432.42	-3600.121	167.7004	1.695348	1.521568	0.4736253	1.754683
16260	-3427.223	-3594.169	166.9467	1.637785	2.072321	0.4639371	2.076209
16266	-3428.188	-3594.926	166.7381	1.538517	2.072321	0.4639371	2.276077
16272	-3434.316	-3601.78	167.4636	1.506186	1.676249	0.4433366	2.007516
16278	-3440.228	-3606.843	166.615	1.506186	1.911964	0.6336229	2.267034
16284	-3429.846	-3596.148	166.3018	1.438537	1.911964	0.6336229	2.507924
16290	-3427.796	-3592.617	164.8213	1.173884	2.318465	0.6639251	3.397093
16296	-3436.098	-3601.579	165.4815	1.376591	2.076282	0.6151677	3.003987
16302	-3430.155	-3596.085	165.9304	1.377461	1.982327	0.6151677	2.764883
16308	-3431.676	-3597.703	166.0272	1.318288	2.103304	0.5432032	2.764883
16314	-3436.29	-3602.228	165.9377	1.425178	2.103304	0.5801094	2.719811
16320	-3439.465	-3605.444	165.9786	1.374137	1.736727	0.4776663	2.960069
16326	-3446.222	-3611.833	165.6102	1.440819	1.736727	0.6785946	2.960069
16332	-3436.538	-3603.374	166.8356	1.403297	1.736727	0.4217493	2.47785
16338	-3443.228	-3608.957	165.7291	1.432673	1.736727	0.6788412	2.893091
16344	-3444.473	-3610.203	165.7292	1.416709	2.394875	0.5975189	2.741423
16350	-3432.049	-3597.943	165.8933	1.348279	2.073607	0.5096408	2.870801
16356	-3436.44	-3602.173	165.7336	1.361808	2.284816	0.4099998	2.994527
16362	-3433.882	-3600.44	166.5582	1.423285	2.278241	0.4099998	2.453617
16368	-3421.742	-3588.395	166.6533	1.475523	2.278241	0.4263821	2.341169
16374	-3412.543	-3579.262	166.7193	1.472591	2.278241	0.4205649	2.307894
16380	-3424.406	-3591.344	166.9376	1.534389	2.278241	0.4205649	2.127068
16386	-3423.739	-3590.035	166.2955	1.534389	2.695516	0.5381666	2.279028
16392	-3444.457	-3608.539	164.0828	1.164964	2.245049	0.5135954	3.980544
16398	-3442.104	-3606.594	164.4903	1.306965	2.245049	0.5135954	3.664412
16404	-3432.085	-3596.964	164.8786	1.280074	2.253872	0.4885895	3.475535
16410	-3423.026	-3588.333	165.3062	1.244268	1.755481	0.6727142	3.255791
16416	-3425.517	-3590.517	165.0005	1.406068	1.928464	0.6996202	3.255791
16422	-3424.807	-3590.349	165.5424	1.330332	1.928464	0.4020661	3.255791
16428	-3430.692	-3596.254	165.5613	1.394542	2.43385	0.6976627	2.76118
16434	-3418.117	-3584.821	166.7042	1.357233	1.754534	0.5884869	2.409154
16440	-3432.523	-3598.277	165.7533	1.378748	1.74962	0.5884869	2.982135
16446	-3425.306	-3591.444	166.1378	1.451047	1.890523	0.5884869	2.650217
16452	-3433.963	-3599.884	165.9208	1.298447	1.890523	0.6635277	2.811595
16458	-3434.854	-3601.437	166.5835	1.439237	2.159788	0.6635277	2.211552
16464	-3429.267	-3595.473	166.2059	1.506226	2.159788	0.6635277	2.409802
16470	-3432.805	-3600.267	167.4622	1.522437	1.671256	0.4067933	2.044747
16476	-3429.737	-3596.998	167.2612	1.52249	1.990295	0.4067933	2.044747
16482	-3428.269	-3595.708	167.439	1.575372	1.870012	0.4067933	1.939203
16488	-3438.107	-3605.5	167.3929	1.615074	1.870012	0.6011968	1.722128
16494	-3431.013	-3597.032	166.0195	1.455145	2.469812	0.6011968	2.511824
16500	-3430.988	-3596.476	165.4881	1.284728	2.151734	0.4843555	3.150762
16506	-3430.664	-3595.928	165.2638	1.233701	2.765392	0.4843555	3.131978
16512	-3433.804	-3598.3	164.4959	1.317916	2.168217	0.4843555	3.707002
16518	-3436.466	-3599.881	163.4154	1.212767	2.031267	0.8532692	4.142128
16524	-3431.64	-3597.029	165.3894	1.31437	2.031267	0.7237949	3.024376
16530	-3436.125	-3601.625	165.4998	1.324848	1.61551	0.7237949	3.109302
16536	-3425.851	-3591.557	165.7061	1.322504	1.923041	0.6076414	2.962104
16542	-3430.336	-3596.079	165.7426	1.350049	1.968974	0.5463786	2.962104
16548	-3425.331	-3591.781	166.4498	1.430038	1.508709	0.4411723	2.775064
16554	-3431.018	-3596.682	165.6642	1.244204	1.837391	0.5765697	3.09297
16560	-3427.614	-3593.275	165.6604	1.221434	1.757666	0.5141157	3.196836
16566	-3439.578	-3603.771	164.1933	1.241191	2.034926	0.764018	3.738999
16572	-3444.578	-3609.833	165.2546	1.329569	2.034926	0.8101983	3.031709
16578	-3429.169	-3594.235	165.0662	1.269134	1.558327	0.8101983	3.360288
16584	-3425.277	-3591.23	165.9529	1.519201	2.119724	0.4760126	2.74892
16590	-3425.279	-3591.808	166.5296	1.39159	2.119724	0.35426	2.614027
16596	-3426.641	-3593.34	166.6986	1.430252	2.163225	0.5002832	2.298573
16602	-3428.335	-3594.591	166.2557	1.341673	2.045194	0.5002832	2.673033
16608	-3429.972	-3594.969	164.9974	1.220017	1.940453	0.4396821	3.594214
16614	-3422.164	-3587.441	165.2769	1.244516	1.940453	0.4396821	3.416971
16620	-3422.194	-3587.975	165.7817	1.3081	1.864769	0.4276951	3.121546
16626	-3428.127	-3594.02	165.8932	1.343446	1.885055	0.4923144	2.958373
16632	-3427.71	-3593.183	165.4729	1.201579	1.949874	0.5055073	3.256949
16638	-3434.516	-3600.807	166.2908	1.361177	1.949874	0.398576	2.784992
16644	-3433.924	-3600.115	166.1916	1.452899	1.949874	0.5806312	2.600789
16650	-3435.773	-3601.548	165.7751	1.424727	1.949874	0.4720246	2.977588
16656	-3437.236	-3603.11	165.8745	1.32773	1.927601	0.4720246	2.984207
16662	-3449.043	-3614.933	165.8903	1.303432	1.877575	0.3834734	3.105264
16668	-3437.882	-3603.837	165.9551	1.388995	1.877575	0.6201639	2.777002
16674	-3430.916	-3597.229	166.3121	1.429507	1.971175	0.4801158	2.631654
16680	-3421.574	-3587.769	166.1947	1.478724	2.08881	0.4801158	2.631654
16686	-3422.719	-3589.229	166.5098	1.423599	1.668085	0.4801158	2.631654
16692	-3427.868	-3594.633	166.7649	1.44616	1.787656	0.4087043	2.489972
16698	-3428.741	-3595.926	167.1855	1.54215	1.378762	0.4087043	2.346527
16704	-3422.796	-3590.245	167.4489	1.485915	1.378762	0.4087043	2.213826
16710	-3417.463	-3584.497	167.0337	1.489662	1.986905	0.4087043	2.213826
16716	-3428.289	-3595.402	167.1126	1.42743	1.519684	0.580934	2.213826
16722	-3431.915	-3598.55	166.6353	1.5058	1.519684	0.6832359	2.377135
16728	-3434.829	-3601.661	166.832	1.578989	1.556821	0.7398518	2.139846
16734	-3434.721	-3600.006	165.2854	1.508282	2.293503	0.7398518	2.87092
16740	-3428.969	-3594.954	165.9851	1.320501	2.185083	0.5118093	2.791998
16746	-3426.087	-3592.291	166.2042	1.332455	2.185083	0.4309209	2.736136
16752	-3433.038	-3599.681	166.6426	1.509736	1.798856	0.6233307	2.301377
16758	-3433.818	-3600.363	166.5449	1.365174	2.049242	0.3996408	2.589298
16764	-3435.514	-3601.972	166.4578	1.379249	1.742255	0.5514606	2.589298
16770	-3432.858	-3598.533	165.6744	1.380934	2.565551	0.5514606	2.787309
16776	-3436.664	-3602.299	165.6343	1.380934	2.589504	0.5250426	2.82995
16782	-3443.207	-3607.971	164.7642	1.264392	2.418421	0.6957657	3.322465
16788	-3452.026	-3616.059	164.0335	1.387676	3.303244	0.6957657	3.448362
16794	-3440.766	-3606.433	165.667	1.380919	2.822398	0.4812414	2.788527
16800	-3446.558	-3611.367	164.8089	1.230033	2.074216	0.5388982	3.555522
16806	-3446.246	-3609.999	163.7528	1.129574	2.074216	0.5887613	4.176379
16812	-3435.346	-3599.659	164.313	1.127993	2.059187	0.4379394	4.003045
16818	-3457.09	-3621.805	164.7155	1.177282	2.570759	0.4379394	3.588418
16824	-3449.311	-3612.972	163.6612	1.075883	2.030554	0.6953427	4.189162
16830	-3449.915	-3613.156	163.2409	1.17208	2.258971	0.9468597	4.134944
16836	-3445.529	-3608.819	163.2897	1.079951	1.896036	0.6749777	4.457439
16842	-3438.954	-3603.15	164.1955	1.160245	2.012893	0.797096	3.768889
16848	-3443.448	-3606.477	163.0289	1.160245	2.012893	0.797096	4.43334
16854	-3438.418	-3602.195	163.7769	1.029496	2.012893	0.5278714	4.292352
16860	-3426.712	-3591.647	164.9345	1.177671	2.463733	0.5212698	3.408121
16866	-3428.622	-3593.09	164.4672	1.137253	2.463733	0.3803052	3.848486
16872	-3431.768	-3595.542	163.7743	1.207645	2.313889	0.5876391	4.046186
16878	-3444.406	-3608.542	164.1359	1.004878	1.666392	0.5876391	4.17413
16884	-3449.271	-3612.392	163.1216	1.070736	1.893922	0.5876391	4.626615
16890	-3444.627	-3609.292	164.6644	1.247848	1.828312	0.7455489	3.547557
16896	-3435.973	-3600.874	164.9006	1.235213	2.079687	0.4858077	3.547557
16902	-3436.652	-3600.501	163.849	1.160315	2.220238	0.5316959	4.107631
16908	-3433.78	-3598.713	164.933	1.159683	2.337517	0.4335432	3.544519
16914	-3428.334	-3593.456	165.1218	1.159416	1.826727	0.568248	3.47435
16920	-3431.727	-3594.856	163.1297	1.149979	2.13933	0.568248	4.513491
16926	-3426.196	-3589.244	163.0486	1.113861	2.645245	0.4502469	4.542727
16932	-3427.766	-3592.459	164.6927	1.246428	2.329052	0.5387494	3.532994
16938	-3433.349	-3599.168	165.8188	1.305318	1.581469	0.5938882	3.050414
16944	-3419.672	-3584.455	164.7823	1.205135	2.213054	0.4775836	3.598872
16950	-3430.346	-3595.66	165.3144	1.310765	1.754915	0.6598361	3.22207
16956	-3423.993	-3589.474	165.4801	1.259584	1.754915	0.5792932	3.22207
16962	-3423.166	-3588.239	165.0723	1.234958	1.958582	0.407513	3.570405
16968	-3432.185	-3597.269	165.0846	1.179975	1.640806	0.407513	3.712718
16974	-3420.092	-3585.59	165.4981	1.305171	2.050486	0.5284039	3.123662
16980	-3435.18	-3601.233	166.0526	1.277389	1.721801	0.486041	2.971093
16986	-3435.794	-3601.291	165.4973	1.311174	1.558201	0.486041	3.34758
16992	-3434.032	-3599.635	165.6032	1.217464	1.746204	0.486041	3.264908
16998	-3428.165	-3593.505	165.3398	1.21017	1.746204	0.3973166	3.517571
17004	-3434.966	-3599.678	164.7121	1.21017	1.790871	0.6570903	3.622372
17010	-3435.803	-3601.085	165.2819	1.167468	2.60595	0.4325752	3.25837
17016	-3448.052	-3612.714	164.6624	1.187381	2.60595	0.5045741	3.536832
17022	-3434.298	-3600.113	165.815	1.478551	2.60595	0.6341718	2.554143
17028	-3433.575	-3600.251	166.6761	1.478591	2.294683	0.3154252	2.462012
17034	-3437.766	-3604.382	166.6158	1.457192	2.294683	0.3154252	2.513137
17040	-3423.691	-3589.88	166.1889	1.457192	2.105852	0.6141427	2.513137
17046	-3416.512	-3582.737	166.2246	1.397425	2.233083	0.4064106	2.695927
17052	-3419.045	-3584.251	165.206	1.14595	1.605318	0.5227699	3.559754
17058	-3432.094	-3597.101	165.0065	1.231533	1.605318	0.5973322	3.559754
17064	-3435.08	-3600.416	165.3357	1.165374	1.930443	0.62303	3.260673
17070	-3429.049	-3594.437	165.3882	1.292811	1.956957	0.6954688	3.085937
17076	-3432.999	-3598.249	165.2503	1.26594	2.23308	0.7124198	3.077906
17082	-3445.968	-3611.702	165.7347	1.427093	1.929622	0.4627003	3.017387
17088	-3436.296	-3602.698	166.4027	1.354501	2.045645	0.4627003	2.613683
17094	-3433.617	-3600.095	166.4775	1.463533	2.296828	0.4392162	2.438902
17100	-3439.765	-3606.813	167.0476	1.457616	1.971268	0.4290885	2.206903
17106	-3441.28	-3608.1	166.8196	1.449552	1.971268	0.5713911	2.206903
17112	-3442.598	-3606.141	163.5432	1.227565	2.225412	0.7501713	4.068412
17118	-3449.69	-3613.609	163.919	1.055904	2.055041	0.6654737	4.068412
17124	-3438.518	-3602.478	163.96	1.121122	2.215367	0.6654737	3.956693
17130	-3436.631	-3600.287	163.656	1.179734	2.015534	0.426704	4.372757
17136	-3448.259	-3612.643	164.3839	1.199436	2.231119	0.5328189	3.774522
17142	-3440.266	-3605.893	165.6272	1.254447	2.19746	0.4003443	3.161153
17148	-3434.51	-3600.147	165.6373	1.27872	2.19746	0.4304461	3.107061
17154	-3436.676	-3602.473	165.7962	1.305264	2.19746	0.3080193	3.145575
17160	-3440.283	-3604.893	164.6094	1.288051	2.19746	0.3744493	3.766348
17166	-3441.805	-3604.326	162.5215	1.135306	2.19746	0.4230721	4.979253
17172	-3430.249	-3593.801	163.5516	1.045681	1.777466	0.4669726	4.548556
17178	-3437.7	-3601.756	164.0562	1.212101	2.245852	0.6692923	3.836988
17184	-3426.407	-3592.818	166.411	1.424358	2.072528	0.4218312	2.601329
17190	-3434.185	-3601.602	167.4173	1.498191	1.650451	0.469896	2.024148
17196	-3437.03	-3604.372	167.3418	1.529512	1.650451	0.6461871	1.871474
17202	-3452.317	-3619.043	166.7259	1.445663	1.888158	0.6461871	2.232778
17208	-3452.111	-3618.49	166.3789	1.312672	1.573864	0.460426	2.840306
17214	-3437.065	-3602.548	165.4829	1.717843	2.315262	1.234203	2.297269
17220	-3441.832	-3606.586	164.754	1.576515	1.743173	1.234203	3.038913
17226	-3442.148	-3608.112	165.9642	1.620842	1.743173	1.234203	2.264599
17232	-3430.449	-3596.684	166.2351	1.608271	1.890139	0.7994238	2.317197
17238	-3428.994	-3596.021	167.027	1.55009	2.033476	0.5658681	1.986188
17244	-3435.921	-3603.324	167.4031	1.55009	1.625979	0.5658681	1.906109
17250	-3426.101	-3593.788	167.687	1.599272	1.682479	0.4956598	1.726595
17256	-3434.053	-3601.485	167.4323	1.505114	1.682479	0.4956598	1.965889
17262	-3444.528	-3611.059	166.5315	1.522024	2.241428	0.5483665	2.270333
17268	-3434.442	-3601.166	166.7242	1.533129	2.241428	0.5483665	2.13853
17274	-3425.98	-3592.702	166.7214	1.330985	2.168419	0.442665	2.408363
17280	-3425.18	-3591.449	166.2694	1.455674	1.799433	0.4496512	2.739272
17286	-3422.235	-3589.222	166.9872	1.539234	1.799433	0.5532428	2.126281
17292	-3428.788	-3595.506	166.7179	1.549573	1.912879	0.5117175	2.290552
17298	-3427.826	-3595.318	167.4927	1.56242	1.521286	0.4472825	2.018105
17304	-3439.325	-3607.132	167.8077	1.664455	1.521286	0.4472825	1.73361
17310	-3436.706	-3603.136	166.4304	1.530124	2.212548	0.4885457	2.400783
17316	-3434.925	-3601.869	166.9447	1.508512	1.961402	0.3277599	2.373987
17322	-3422.86	-3589.729	166.8688	1.44388	2.192042	0.3277599	2.379757
17328	-3422.327	-3588.874	166.5463	1.489412	2.446855	0.4313102	2.339489
17334	-3430.541	-3597.309	166.7676	1.587129	2.446855	0.6051474	1.947382
17340	-3433.953	-3600.946	166.9928	1.631621	1.969114	0.5983736	1.947382
17346	-3433.584	-3600.923	167.3395	1.713614	2.109197	0.3959558	1.831098
17352	-3448.468	-3616.538	168.07	1.846524	1.36155	0.5836229	1.32795
17358	-3450.679	-3618.546	167.8674	1.873599	1.36155	0.5405702	1.514103
17364	-3434.26	-3602.329	168.0698	1.866045	1.516972	0.5405702	1.269724
17370	-3428.108	-3596.155	168.0464	1.777966	1.516972	0.5405702	1.359748
17376	-3442.347	-3610.259	167.9119	1.66321	1.499203	0.5405702	1.559355
17382	-3435.543	-3603.022	167.4789	1.686704	1.70073	0.4456844	1.861559
17388	-3439.972	-3607.565	167.5923	1.669277	1.88855	0.3668643	1.816601
17394	-3421.604	-3588.692	167.0883	1.621638	1.872095	0.4092033	2.137074
17400	-3432.162	-3598.867	166.7054	1.710068	2.162956	0.6053285	2.006279
17406	-3423.399	-3589.773	166.3744	1.422426	2.013978	0.5689295	2.4934
17412	-3424.227	-3590.486	166.2597	1.428083	1.755209	0.5689295	2.659866
17418	-3425.009	-3591.064	166.0548	1.400928	1.917944	0.659697	2.659866
17424	-3441.39	-3607.134	165.744	1.260299	2.435935	0.540478	2.86741
17430	-3428.309	-3594.136	165.8268	1.383752	2.203602	0.540478	2.815816
17436	-3426.578	-3592.684	166.1054	1.383752	2.322272	0.3780556	2.782181
17442	-3429.547	-3595.643	166.0956	1.383752	1.961075	0.4936851	2.782181
17448	-3442.324	-3608.616	166.2917	1.557944	2.770599	0.4096177	2.385445
17454	-3437.224	-3603.089	165.8649	1.411108	2.171974	0.7268447	2.626053
17460	-3438.11	-3604.117	166.0068	1.476335	2.690922	0.7268447	2.33241
17466	-3434.321	-3601.118	166.7972	1.476335	1.789192	0.4463678	2.406484
17472	-3447.328	-3614.31	166.9814	1.551894	1.812039	0.6307018	2.041655
17478	-3431.188	-3597.728	166.5405	1.443684	1.996003	0.6307018	2.325127
17484	-3425.313	-3592.162	166.8488	1.461293	1.962054	0.4798651	2.278267
17490	-3421.331	-3588.177	166.8464	1.494396	1.962054	0.584711	2.151102
17496	-3425.312	-3591.778	166.4656	1.5399	2.005125	0.584711	2.350272
17502	-3426.624	-3592.94	166.3155	1.387874	2.448725	0.4069818	2.576046
17508	-3424.256	-3590.771	166.5154	1.629815	2.448725	0.564986	2.125012
17514	-3426.358	-3593.443	167.0856	1.614147	1.808555	0.3465903	2.250719
17520	-3415.058	-3581.619	166.5615	1.491951	2.32754	0.4854361	2.306381
17526	-3421.323	-3587.852	166.5293	1.404341	1.985881	0.4854361	2.501408
17532	-3426.633	-3592.784	166.1507	1.398108	2.176094	0.4854361	2.6729
17538	-3431.527	-3597.757	166.2299	1.427708	1.999117	0.5616292	2.592343
17544	-3423.206	-3589.452	166.2459	1.349966	1.999117	0.5910548	2.603294
17550	-3435.942	-3602.346	166.4042	1.469535	1.666355	0.4488791	2.702547
17556	-3438.09	-3603.365	165.2752	1.341126	1.532916	0.5799072	3.383761
17562	-3421.265	-3586.698	165.4332	1.207514	1.532916	0.6597298	3.302761
17568	-3424.545	-3589.728	165.1826	1.309869	2.000728	0.6597298	3.210963
17574	-3426.654	-3592.601	165.9463	1.38153	1.84969	0.5941663	2.82025
17580	-3424.121	-3590.162	166.0411	1.413323	2.121061	0.5941663	2.644697
17586	-3425.983	-3591.288	165.3049	1.227638	2.223934	0.5941663	3.167536
17592	-3435.573	-3601.136	165.5634	1.302172	1.670603	0.5941663	3.167536
17598	-3433.664	-3599.37	165.7063	1.439934	2.190205	0.4727465	2.926465
17604	-3439.761	-3606.508	166.7476	1.41853	2.289423	0.4727465	2.260877
17610	-3443.606	-3610.585	166.9784	1.576701	2.289423	0.2968347	2.236502
17616	-3434.604	-3602.511	167.9067	1.522501	1.592508	0.2968347	1.938908
17622	-3425.074	-3591.939	166.8649	1.44811	1.896998	0.5551671	2.223418
17628	-3436.88	-3604.619	167.7387	1.796687	1.714876	0.3805741	1.683026
17634	-3438.615	-3605.624	167.0092	1.585023	1.839233	0.5316064	2.08752
17640	-3438.314	-3604.188	165.8739	1.494962	2.440373	0.4295415	2.758516
17646	-3430.655	-3596.712	166.0562	1.50624	2.070118	0.4318918	2.758516
17652	-3434.299	-3600.712	166.4137	1.384458	2.070118	0.4318918	2.613725
17658	-3423.445	-3589.445	166.0004	1.342908	1.916186	0.4318918	2.946282
17664	-3441.558	-3607.506	165.9488	1.415854	1.846323	0.6421861	2.757493
17670	-3427.902	-3594.884	166.9827	1.515662	1.778774	0.4692946	2.241835
17676	-3434.961	-3602.118	167.157	1.41339	1.696917	0.445145	2.2573
17682	-3436.821	-3602.609	165.788	1.220443	1.870408	0.5067793	3.086192
17688	-3439.279	-3604.717	165.438	1.303227	2.024872	0.5067793	3.190055
17694	-3426.094	-3591.83	165.7363	1.322219	1.782705	0.5549641	3.043594
17700	-3424.265	-3590.534	166.2693	1.304913	1.782705	0.4992292	2.785969
17706	-3431.47	-3598.076	166.6064	1.373512	1.782705	0.4992292	2.536135
17712	-3422.6	-3588.905	166.305	1.48202	2.018082	0.661248	2.415192
17718	-3432.072	-3598.486	166.4142	1.363536	1.818182	0.3503691	2.816901
17724	-3431.876	-3598.307	166.4312	1.347325	1.55744	0.5424364	2.711765
17730	-3430.386	-3596.346	165.9603	1.236575	1.528844	0.3525265	3.278677
17736	-3443.016	-3609.994	166.9773	1.48702	1.440694	0.6598902	2.228145
17742	-3451.296	-3618.418	167.1223	1.747788	1.724704	0.6019165	1.881073
17748	-3443.641	-3611.173	167.5321	1.591024	1.724704	0.6019165	1.705553
17754	-3434.211	-3601.174	166.9636	1.591024	2.132494	0.6019165	1.927599
17760	-3431.235	-3597.225	165.9894	1.436131	1.798208	0.6019165	2.773667
17766	-3431.225	-3596.925	165.6997	1.492353	2.185215	0.6019165	2.77686
17772	-3430.701	-3596.266	165.5644	1.45714	2.160414	0.6019165	2.888636
17778	-3442.779	-3608.27	165.4911	1.430147	2.189731	0.4595344	3.075349
17784	-3434.103	-3599.197	165.0948	1.439873	2.326297	0.8260728	2.954436
17790	-3452.103	-3617.199	165.0959	1.324936	2.329204	0.7492426	3.076766
17796	-3443.387	-3608.98	165.5935	1.43874	1.915447	0.7492426	2.84861
17802	-3421.978	-3588.468	166.4897	1.519917	1.891893	0.5786809	2.396329
17808	-3424.929	-3590.928	165.9988	1.447821	2.421702	0.5786809	2.56487
17814	-3433.666	-3600.09	166.4247	1.363937	2.039687	0.5836157	2.475446
17820	-3433.83	-3598.341	164.5107	1.210886	2.039687	0.6740423	3.6378
17826	-3433.315	-3598.232	164.9169	1.210886	1.844922	0.4336119	3.686504
17832	-3434.938	-3598.505	163.5672	1.22115	1.844922	0.5338479	4.354508
17838	-3439.116	-3602.045	162.9294	1.024277	2.239036	0.5373672	4.692513
17844	-3438.047	-3601.628	163.5812	1.108212	2.239036	0.4794525	4.331993
17850	-3433.82	-3598.714	164.8941	1.117789	1.765527	0.5420728	3.676977
17856	-3434.294	-3599.422	165.1281	1.271895	1.765527	0.4268211	3.565121
17862	-3442.757	-3608.252	165.4958	1.428958	2.057966	0.6035189	2.98035
17868	-3435.014	-3600.416	165.4022	1.309417	2.318895	0.4946348	3.123428
17874	-3427.02	-3592.209	165.189	1.309417	1.951833	0.5090638	3.356554
17880	-3421.376	-3587.484	166.1081	1.391062	2.173941	0.5090638	2.680012
17886	-3439.688	-3604.443	164.755	1.209798	2.327938	0.5090638	3.546078
17892	-3431.424	-3596.57	165.1455	1.305985	2.5574	0.6132655	3.098143
17898	-3420.724	-3585.985	165.2606	1.323301	1.756955	0.6145356	3.282991
17904	-3437.793	-3602.914	165.1215	1.301301	2.581528	0.5410756	3.172558
17910	-3440.737	-3605.162	164.4247	1.191259	2.581528	0.4943076	3.689116
17916	-3432.087	-3597.014	164.9266	1.191259	2.134967	0.4943076	3.531565
17922	-3424.178	-3590.272	166.0936	1.362946	2.495058	0.4943076	2.618451
17928	-3430.546	-3595.293	164.7472	1.222319	1.900322	0.5197581	3.672945
17934	-3438.71	-3603.388	164.6781	1.269398	1.765979	0.3613971	3.899833
17940	-3418.22	-3583.679	165.4592	1.26723	1.765979	0.4733128	3.325645
17946	-3424.219	-3589.666	165.4475	1.329779	2.26716	0.4360234	3.161199
17952	-3421.707	-3587.325	165.618	1.42454	1.872653	0.6594711	2.928624
17958	-3426.329	-3592.643	166.3139	1.32148	1.816016	0.5477075	2.688043
17964	-3422.017	-3586.995	164.9779	1.337072	2.328796	0.487274	3.362197
17970	-3435.466	-3600.57	165.1043	1.277825	2.375404	0.5941788	3.209514
17976	-3432.724	-3597.408	164.6841	1.24689	2.133734	0.5941788	3.550029
17982	-3440.864	-3606.806	165.9417	1.327649	2.133734	0.6878479	2.674236
17988	-3444.334	-3610.178	165.8446	1.335274	2.133734	0.3956173	3.009609
17994	-3439.983	-3604.522	164.5395	1.145255	2.133734	0.5534225	3.728261
18000	-3434.882	-3599.528	164.6457	1.228745	2.133734	0.4395084	3.728261
18006	-3430.879	-3595.821	164.9422	1.289992	2.133734	0.4395084	3.520768
18012	-3449.558	-3615.268	165.7103	1.296662	1.751116	0.3505281	3.303254
18018	-3436.998	-3602.273	165.2746	1.289996	2.087178	0.4765076	3.303254
18024	-3439.842	-3605.236	165.3934	1.258395	2.087178	0.4273732	3.303254
18030	-3434.534	-3600.35	165.8164	1.342832	2.194928	0.4238039	2.969666
18036	-3438.863	-3604.557	165.6944	1.397333	2.414286	0.7319787	2.656908
18042	-3438.087	-3603.2	165.1131	1.390418	2.25432	0.823998	2.997412
18048	-3438.725	-3601.832	163.1073	1.425286	2.354562	1.249871	3.87605
18054	-3434.956	-3599.486	164.5303	1.543223	2.111916	1.114949	3.122178
18060	-3427.93	-3594.13	166.1998	1.355448	2.355451	0.6191347	2.481472
18066	-3434.877	-3601.139	166.2611	1.442369	2.331891	0.5285625	2.481472
18072	-3439.49	-3605.591	166.1016	1.378493	2.156235	0.5524451	2.655424
18078	-3438.289	-3604.037	165.7476	1.276355	2.715867	0.4858348	2.827748
18084	-3430.984	-3597.357	166.3727	1.357719	2.089265	0.4646128	2.612775
18090	-3438.269	-3603.653	165.3843	1.363012	1.865751	0.7702844	3.023157
18096	-3445.514	-3612.146	166.6322	1.556338	2.004308	0.564857	2.252685
18102	-3441.546	-3608.434	166.8882	1.579871	2.004308	0.564857	2.070823
18108	-3438.29	-3604.518	166.2278	1.379049	2.004308	0.6156044	2.572572
18114	-3442.733	-3609.86	167.1272	1.564132	1.808772	0.470774	2.102335
18120	-3437.966	-3605.086	167.1202	1.57114	1.808772	0.470774	2.102335
18126	-3456.151	-3623.314	167.1635	1.644854	2.087605	0.5444546	1.83079
18132	-3436.449	-3603.412	166.9627	1.424997	1.741337	0.4615674	2.336708
18138	-3427.783	-3594.665	166.8816	1.409873	1.799021	0.5495805	2.282109
18144	-3437.033	-3603.728	166.6941	1.437603	1.926861	0.3938303	2.503333
18150	-3429.016	-3595.382	166.366	1.533167	1.959433	0.6669072	2.361235
18156	-3440.963	-3607.444	166.4804	1.503091	1.959433	0.4712943	2.495154
18162	-3426.282	-3591.982	165.6998	1.456226	2.017965	0.5519038	2.901414
18168	-3423.175	-3589.686	166.5101	1.456226	2.017965	0.5519038	2.401723
18174	-3426.779	-3593.571	166.7926	1.537871	2.017965	0.4114531	2.322542
18180	-3432.686	-3598.621	165.9357	1.352695	2.034064	0.4184472	2.952293
18186	-3443.672	-3607.262	163.5904	1.232627	2.686843	0.6523368	3.979579
18192	-3437.06	-3601.794	164.7337	1.309987	2.686843	0.5462861	3.362233
18198	-3426.602	-3592.595	165.9929	1.351397	1.846325	0.5462861	2.85538
18204	-3420.922	-3586.915	165.9924	1.406096	2.349932	0.3564381	2.85538
18210	-3428.586	-3594.196	165.6105	1.354088	2.594601	0.5290215	2.85538
18216	-3425.205	-3591.467	166.2617	1.52721	1.992147	0.4542348	2.622544
18222	-3432.039	-3595.904	163.8654	1.361994	2.33663	0.4546845	4.021596
18228	-3426.266	-3591.544	165.2783	1.361994	2.068454	0.5675168	3.178381
18234	-3423.21	-3588.226	165.0163	1.530192	2.068454	0.9612619	2.943322
18240	-3427.717	-3592.828	165.1113	1.386047	2.010039	0.8729707	3.049611
18246	-3437.093	-3603.092	165.9983	1.365964	2.589918	0.3719089	2.784446
18252	-3430.822	-3597.161	166.3381	1.362709	1.991654	0.3621016	2.784446
18258	-3435.801	-3602.283	166.4829	1.424703	1.702156	0.3497494	2.784446
18264	-3424.388	-3590.017	165.6289	1.40439	1.894235	0.7994126	2.819015
18270	-3440.978	-3606.871	165.8933	1.519235	2.411199	0.6605895	2.516899
18276	-3440.496	-3606.161	165.665	1.327126	2.411199	0.6605895	2.776118
18282	-3432.747	-3598.514	165.7667	1.274816	2.27728	0.456914	2.977861
18288	-3427.473	-3592.44	164.967	1.227124	2.33346	0.456914	3.462188
18294	-3430.493	-3596.346	165.8531	1.39618	2.319726	0.4323996	2.865587
18300	-3435.452	-3601.131	165.6795	1.351956	2.319726	0.6396321	2.798328
18306	-3439.566	-3604.847	165.281	1.33032	2.412274	0.6396321	3.023267
18312	-3438.854	-3604.182	165.3277	1.329983	2.226082	0.6396321	3.053698
18318	-3437.795	-3603.482	165.6875	1.331609	2.226082	0.5646027	2.90192
18324	-3429.945	-3596.067	166.122	1.340131	2.303819	0.4742257	2.695784
18330	-3439.349	-3605.858	166.5097	1.468685	2.430805	0.4742257	2.332708
18336	-3446.238	-3612.968	166.7292	1.456635	2.3637	0.4742257	2.221668
18342	-3436.4	-3602.348	165.9482	1.376668	2.431778	0.4742257	2.739632
18348	-3443.156	-3609.448	166.2913	1.373176	2.293284	0.3346391	2.739632
18354	-3436.322	-3602.775	166.4527	1.318475	1.917204	0.5077863	2.604911
18360	-3424.269	-3590.646	166.3766	1.36735	1.962541	0.5077863	2.604911
18366	-3436.29	-3602.714	166.4239	1.557202	1.962541	0.4762886	2.490137
18372	-3430.936	-3597.998	167.0616	1.496628	1.987374	0.4219119	2.174989
18378	-3432.701	-3599.882	167.1808	1.556493	2.490076	0.4219119	1.876335
18384	-3428.268	-3594.874	166.6057	1.477572	2.022875	0.4543736	2.427601
18390	-3441.268	-3608.544	167.2757	1.500867	1.656141	0.471945	2.110888
18396	-3432.377	-3599.655	167.2785	1.502177	1.667311	0.3952248	2.194575
18402	-3432.107	-3599.776	167.6687	1.569736	1.667311	0.4482389	1.823854
18408	-3425.287	-3592.756	167.4697	1.54879	1.907668	0.4861905	1.823854
18414	-3437.591	-3604.58	166.9889	1.441743	1.85591	0.5362864	2.182718
18420	-3446.49	-3613.897	167.4067	1.437875	1.683644	0.4861905	2.037823
18426	-3439.423	-3606.677	167.2542	1.584784	2.150043	0.5084786	1.825106
18432	-3430.052	-3597.731	167.679	1.53052	1.717556	0.4302603	1.843007
18438	-3441.663	-3608.242	166.5788	1.54553	1.717556	0.5516603	2.419815
18444	-3427.816	-3595.368	167.5517	1.560481	1.717556	0.3238122	2.052617
18450	-3436.691	-3604.36	167.6695	1.559427	1.7366	0.3719578	1.897819
18456	-3425.348	-3592.277	166.9291	1.715778	1.981488	0.7203551	1.81542
18462	-3424.217	-3591.046	166.8288	1.623782	1.952616	0.6786876	1.994233
18468	-3428.486	-3594.661	166.1748	1.377959	1.956184	0.6916092	2.559243
18474	-3428.165	-3593.97	165.8047	1.308006	2.045644	0.5223139	2.945903
18480	-3434.006	-3599.756	165.75	1.276439	2.373729	0.4949159	2.917552
18486	-3427.049	-3593.09	166.0412	1.373623	2.276073	0.4949159	2.712285
18492	-3438.652	-3604.321	165.6691	1.247437	2.254066	0.4949159	3.021208
18498	-3433.158	-3598.746	165.5881	1.328438	2.254066	0.4949159	3.021208
18504	-3429.183	-3595.399	166.2155	1.32024	1.9085	0.4348805	2.829465
18510	-3429.288	-3595.705	166.4171	1.269773	1.809919	0.522785	2.682946
18516	-3427.706	-3594.457	166.7507	1.476775	2.501624	0.4111202	2.223362
18522	-3433.238	-3599.101	165.8627	1.434966	2.019049	0.406125	2.965964
18528	-3447.435	-3612.417	164.9816	1.496345	2.307179	0.3975936	3.368032
18534	-3435.468	-3601.914	166.4464	1.464582	1.845094	0.3978168	2.666511
18540	-3424.644	-3590.59	165.9451	1.468229	2.064227	0.4801749	2.799575
18546	-3425.976	-3591.494	165.5189	1.353305	2.064227	0.5350219	3.071626
18552	-3424.036	-3590.017	165.9812	1.347701	2.015725	0.5421057	2.806593
18558	-3431.796	-3598.525	166.729	1.443475	2.175517	0.5417434	2.223459
18564	-3431.998	-3598.303	166.3056	1.439355	2.40524	0.5417434	2.418747
18570	-3425.406	-3592.114	166.7079	1.417356	1.851307	0.4864096	2.431401
18576	-3417.859	-3584.008	166.1494	1.395308	2.1205	0.5232112	2.656183
18582	-3420.197	-3586.589	166.3924	1.558244	1.877421	0.5450093	2.471296
18588	-3424.112	-3590.845	166.7332	1.463053	1.877421	0.6213956	2.243444
18594	-3419.615	-3586.083	166.4683	1.355876	2.41395	0.3267296	2.613821
18600	-3426.477	-3593.045	166.568	1.601804	2.41395	0.6282881	2.059627
18606	-3427.184	-3594.159	166.9756	1.601804	2.41395	0.4753997	1.945748
18612	-3424.1	-3591.644	167.5442	1.634647	2.41395	0.386851	1.641111
18618	-3429.75	-3597.115	167.3653	1.60134	2.41395	0.4911952	1.657617
18624	-3423.802	-3591.385	167.5836	1.884003	2.233597	0.4688216	1.3824
18630	-3425.961	-3593.931	167.9699	1.837774	1.70297	0.4501265	1.389612
18636	-3423.9	-3591.956	168.0564	1.790269	1.70297	0.4501265	1.358973
18642	-3432.579	-3600.521	167.9421	1.790084	1.694598	0.5589618	1.311698
18648	-3436.675	-3604.547	167.8721	1.790084	1.801955	0.5589618	1.311698
18654	-3429.073	-3597.01	167.9364	1.806891	1.801955	0.4680858	1.364847
18660	-3426.276	-3594.244	167.9678	1.775476	1.801955	0.4680858	1.364847
18666	-3425.864	-3593.559	167.6949	1.643479	1.536552	0.4680858	1.79376
18672	-3428.738	-3595.483	166.7451	1.4376	1.960508	0.4680858	2.37285
18678	-3428.31	-3594.78	166.4695	1.395114	1.960508	0.5799783	2.460308
18684	-3433.201	-3599.752	166.5508	1.479801	1.916814	0.4913835	2.460308
18690	-3433.445	-3599.719	166.2745	1.488008	1.916814	0.4913835	2.62717
18696	-3423.88	-3590.625	166.7442	1.479418	1.846106	0.4913835	2.366047
18702	-3417.516	-3585.023	167.5069	1.500493	1.676213	0.4913835	1.926443
18708	-3422.011	-3589.443	167.4318	1.481	2.051767	0.4913835	1.831903
18714	-3434.417	-3601.803	167.3864	1.526377	2.051767	0.4913835	1.831903
18720	-3432.953	-3600.115	167.162	1.588598	2.051204	0.4913835	1.942491
18726	-3431.225	-3598.824	167.5996	1.588598	2.051204	0.3524823	1.821142
18732	-3431.499	-3598.499	167.0001	1.685193	2.051204	0.6887631	1.787651
18738	-3430.926	-3597.67	166.7434	1.657102	2.051204	0.6887631	1.981497
18744	-3440.184	-3607.614	167.4308	1.532262	2.004451	0.4082337	1.917419
18750	-3431.947	-3597.854	165.9068	1.456498	2.158214	0.6236639	2.661968
18756	-3440.15	-3606.664	166.5147	1.450497	2.158214	0.4291275	2.482143
18762	-3442.918	-3608.151	165.2327	1.306025	1.746739	0.7531555	3.204969
18768	-3432.798	-3597.731	164.9324	1.266317	1.746739	0.7531555	3.405255
18774	-3440.019	-3605.057	165.0381	1.30683	2.253173	0.6003799	3.263955
18780	-3435.825	-3600.718	164.8931	1.225671	2.253173	0.6003799	3.397032
18786	-3446.624	-3612.281	165.6571	1.234378	2.19453	0.4486685	3.102968
18792	-3437.943	-3603.438	165.4944	1.353123	2.188316	0.6053678	2.981282
18798	-3439.475	-3604.345	164.8702	1.375353	2.358104	0.7627868	3.162298
18804	-3444.166	-3609.328	165.162	1.2588	2.196065	0.5849742	3.250686
18810	-3443.365	-3608.758	165.3926	1.19888	2.126692	0.5849742	3.172323
18816	-3447.177	-3612.021	164.844	1.158786	2.075044	0.5112045	3.601935
18822	-3437.8	-3602.636	164.8365	1.329537	2.075044	0.5112045	3.506955
18828	-3441.984	-3607.072	165.0879	1.290866	2.419149	0.5112045	3.274078
18834	-3438.623	-3603.966	165.3426	1.305022	2.419149	0.4592051	3.166915
18840	-3439.309	-3604.852	165.543	1.31589	2.139338	0.4939557	3.094005
18846	-3425.708	-3591.992	166.2845	1.303292	1.871004	0.4939557	2.749079
18852	-3421.298	-3586.825	165.5274	1.27626	2.206825	0.4939557	3.104842
18858	-3442.221	-3605.953	163.7325	1.211832	2.216443	0.6786572	4.024449
18864	-3428.091	-3592.207	164.116	1.237751	1.968653	0.6775045	3.871349
18870	-3422.489	-3589.1	166.6114	1.491209	2.114924	0.5000335	2.332703
18876	-3434.216	-3601.136	166.9208	1.540764	2.264938	0.4161265	2.143848
18882	-3431.305	-3598.588	167.2831	1.63627	1.740821	0.4161265	2.045713
18888	-3429.007	-3596.006	166.9996	1.705112	1.895061	0.4161265	2.122697
18894	-3427.922	-3594.929	167.0072	1.56369	1.697813	0.6142147	2.08127
18900	-3424.151	-3591.322	167.171	1.491968	2.095475	0.4092838	2.08127
18906	-3422.972	-3589.797	166.825	1.486628	2.095475	0.4599784	2.249622
18912	-3426.926	-3593.754	166.8281	1.522251	1.950378	0.4865556	2.249622
18918	-3432.68	-3599.25	166.57	1.403946	1.535769	0.5323232	2.610795
18924	-3436.143	-3604.106	167.9632	1.812043	1.934218	0.4644441	1.278402
18930	-3441.098	-3608.739	167.6409	1.812043	1.985192	0.4644441	1.506379
18936	-3434.779	-3602.684	167.9053	1.828085	1.92853	0.4676242	1.310759
18942	-3435.945	-3603.992	168.0468	1.817356	1.761783	0.493656	1.252724
18948	-3433.381	-3601.302	167.9212	1.959524	2.362519	0.3774539	1.122883
18954	-3434.51	-3602.374	167.8641	2.021739	2.362519	0.3774539	1.118345
18960	-3429.289	-3597.234	167.9443	1.913921	1.789303	0.5533354	1.161079
18966	-3431.05	-3599.333	168.2826	1.953425	1.789303	0.3419574	1.163932
18972	-3431.422	-3599.09	167.6685	1.953425	2.376035	0.3419574	1.393548
18978	-3426.266	-3593.739	167.4723	1.842725	2.113879	0.5720603	1.42284
18984	-3424.865	-3592.422	167.5572	1.842725	2.061143	0.355741	1.663852
18990	-3426.243	-3593.784	167.5402	1.7409	2.019164	0.355741	1.764852
18996	-3435.045	-3602.096	167.0517	1.723503	2.320764	0.355741	1.99638
19002	-3429.758	-3596.399	166.6402	1.51603	2.058632	0.355741	2.487512
19008	-3422.161	-3588.501	166.3402	1.459122	2.277725	0.4253013	2.549766
19014	-3427.935	-3594.156	166.2205	1.48128	2.277725	0.3905249	2.651059
19020	-3420.271	-3585.51	165.2391	1.310715	2.572876	0.3905249	3.255337
19026	-3420.085	-3585.469	165.3847	1.202567	2.091124	0.4733967	3.291721
19032	-3428.107	-3593.848	165.7411	1.351907	2.091124	0.3923905	3.079663
19038	-3429.926	-3595.59	165.6638	1.459855	2.027809	0.4569509	3.011468
19044	-3441.143	-3607.183	166.0408	1.424478	2.066732	0.4737985	2.773705
19050	-3445.552	-3610.359	164.8073	1.169746	2.199998	0.391205	3.7004
19056	-3448.091	-3614.538	166.4463	1.348053	2.366331	0.391205	2.564417
19062	-3437.275	-3603.015	165.7401	1.40087	2.366331	0.4405671	2.907532
19068	-3426.519	-3592.646	166.1274	1.351104	2.206653	0.3811625	2.82233
19074	-3427.113	-3592.011	164.8981	1.302311	2.206653	0.726452	3.263244
19080	-3430.354	-3595.5	165.1456	1.345856	2.306787	0.503828	3.24873
19086	-3433.204	-3598.128	164.9238	1.248481	2.039991	0.503828	3.522092
19092	-3444.843	-3610.514	165.6703	1.36693	1.832946	0.503828	3.085859
19098	-3428.729	-3595.291	166.5625	1.293623	2.433719	0.503828	2.377818
19104	-3444.498	-3609.363	164.8654	1.296011	2.433719	0.5235178	3.385913
19110	-3436.041	-3602.011	165.9693	1.306709	1.947688	0.593798	2.815713
19116	-3437.053	-3603.375	166.3222	1.396003	2.215164	0.3884736	2.664071
19122	-3439.484	-3605.219	165.7348	1.349939	2.264209	0.3884736	3.032399
19128	-3439.659	-3604.635	164.976	1.391736	2.552439	0.4662692	3.286257
19134	-3432.453	-3598.127	165.6742	1.259451	2.218294	0.4662692	3.051654
19140	-3431.43	-3597.265	165.8352	1.336767	2.004756	0.5131888	2.933416
19146	-3447.283	-3612.99	165.7069	1.317033	2.028239	0.3343893	3.213064
19152	-3444.349	-3610.114	165.7655	1.427292	2.441351	0.3415144	2.970527
19158	-3437.841	-3604.53	166.6884	1.481477	2.008023	0.3415144	2.516039
19164	-3432.868	-3599.426	166.5581	1.455315	2.380311	0.3415144	2.486777
19170	-3449.546	-3616.443	166.897	1.663285	1.799262	0.3415144	2.350502
19176	-3442.108	-3609.297	167.1882	1.690651	2.307564	0.3715075	1.909589
19182	-3437.512	-3604.486	166.9741	1.596086	2.022353	0.3651388	2.225671
19188	-3448.57	-3615.471	166.9004	1.54706	2.242275	0.3651388	2.225671
19194	-3447.538	-3612.443	164.9046	1.22183	2.229766	0.5180578	3.473602
19200	-3454.143	-3618.079	163.9355	1.207211	1.827741	0.6900461	4.031938
19206	-3448.151	-3613.966	165.8154	1.119544	1.886718	0.3318942	3.318711
19212	-3434.009	-3599.596	165.5873	1.133939	1.886718	0.4397236	3.318711
19218	-3439.067	-3603.453	164.3866	1.172748	2.516687	0.8499708	3.459322
19224	-3430.98	-3595.818	164.8383	1.265146	1.989319	0.8499708	3.305828
19230	-3447.29	-3611.722	164.4315	1.265146	1.989319	0.6913255	3.655988
19236	-3440.496	-3605.913	165.4168	1.290534	2.002304	0.4772553	3.247133
19242	-3438.752	-3603.886	165.1339	1.253424	2.357803	0.6121515	3.196391
19248	-3447.351	-3611.691	164.3396	1.274321	2.357803	0.6121515	3.649355
19254	-3448.73	-3613.057	164.3263	1.145137	2.777264	0.4627347	3.751128
19260	-3447.21	-3610.677	163.4669	1.068755	1.992305	0.4627347	4.513081
19266	-3443.647	-3607.672	164.0254	1.146293	2.413992	0.419831	4.066832
19272	-3434.021	-3600	165.9791	1.412554	2.404178	0.471156	2.710497
19278	-3422.313	-3588.437	166.1241	1.346956	2.07749	0.5291754	2.710497
19284	-3425.768	-3591.761	165.993	1.29491	2.022553	0.5064372	2.863732
19290	-3431.943	-3596.897	164.9536	1.353723	2.590915	0.4469856	3.33097
19296	-3443.67	-3609.219	165.5491	1.339868	2.048544	0.4763409	3.124414
19302	-3432.22	-3599.175	166.9549	1.570161	2.861905	0.4151321	1.911371
19308	-3437.879	-3604.714	166.8354	1.639286	2.977906	0.4151321	1.911371
19314	-3438.593	-3605.521	166.9289	1.591329	2.557055	0.3650411	2.074105
19320	-3445.103	-3612.531	167.4283	1.611407	1.72487	0.3650411	2.039233
19326	-3443.185	-3610.62	167.4354	1.755605	1.72487	0.5654732	1.69571
19332	-3436.033	-3603.734	167.7015	1.661293	1.72487	0.4706298	1.682503
19338	-3429.78	-3596.848	167.0679	1.661293	1.897399	0.5004605	2.007736
19344	-3418.091	-3585.522	167.4309	1.626374	2.030882	0.4130485	1.836487
19350	-3433.079	-3600.458	167.379	1.70214	1.988781	0.4134445	1.836487
19356	-3432.531	-3600.261	167.7295	1.740477	1.892454	0.513663	1.473336
19362	-3428.958	-3597.067	168.1097	1.793205	1.553077	0.4207409	1.437285
19368	-3432.774	-3600.529	167.7548	1.685396	2.198746	0.3740876	1.551548
19374	-3440.279	-3607.991	167.7115	1.584402	1.90162	0.5225725	1.587739
19380	-3452.244	-3618.901	166.6578	1.558988	2.48573	0.5225725	2.109431
19386	-3433.922	-3601.564	167.6424	1.520128	1.829629	0.433791	1.821192
19392	-3431.308	-3598.593	167.2845	1.564501	1.829629	0.433791	2.032927
19398	-3428.81	-3596.589	167.7784	1.603828	1.829629	0.5009047	1.583044
19404	-3427.135	-3594.866	167.7302	1.709704	1.568227	0.5239407	1.640588
19410	-3427.988	-3596.04	168.0518	1.727519	1.452135	0.5239407	1.45231
19416	-3422.191	-3590.144	167.9521	1.703071	1.651658	0.4681752	1.508255
19422	-3434.421	-3602.375	167.9546	1.817908	1.85025	0.3906734	1.429327
19428	-3431.416	-3598.59	167.1738	1.773906	1.85025	0.5697392	1.805261
19434	-3441.958	-3609.045	167.0868	1.776277	2.045091	0.5697392	1.782954
19440	-3421.768	-3589.096	167.3279	1.664642	1.982324	0.4862689	1.810789
19446	-3431.838	-3598.919	167.0808	1.625696	2.643289	0.450836	1.810789
19452	-3428.434	-3595.622	167.188	1.683991	2.643289	0.3619952	1.813693
19458	-3434.646	-3602.252	167.6063	1.671789	2.160864	0.3762706	1.680808
19464	-3421.897	-3588.801	166.9044	1.579719	2.160864	0.4456394	2.130657
19470	-3430.91	-3597.39	166.4803	1.482941	1.676017	0.5395547	2.549742
19476	-3430.838	-3596.76	165.9215	1.359578	1.66496	0.5395547	2.971033
19482	-3428.387	-3594.535	166.1479	1.289795	1.818602	0.3921695	2.971033
19488	-3430.97	-3597.023	166.0535	1.309291	2.030146	0.365628	2.971033
19494	-3427.28	-3593.06	165.7805	1.423397	1.858471	0.4637795	3.017128
19500	-3431.023	-3597.335	166.3123	1.251687	1.633087	0.4166106	2.940473
19506	-3437.663	-3603.129	165.4659	1.239635	1.859376	0.4166106	3.362907
19512	-3431.612	-3595.886	164.2745	1.154962	1.859376	0.4200961	4.096352
19518	-3435.356	-3600.362	165.0067	1.25984	1.536411	0.4200961	3.740211
19524	-3429.956	-3595.398	165.4419	1.407233	1.998923	0.6033282	3.046364
19530	-3431.646	-3596.862	165.2155	1.265813	2.6465	0.6033282	3.063579
19536	-3440.478	-3606.541	166.0626	1.352445	2.434118	0.5093899	2.647427
19542	-3438.092	-3603.124	165.0311	1.293446	2.434118	0.500235	3.312195
19548	-3438.092	-3601.495	163.4032	1.055605	2.216351	0.4154872	4.533278
19554	-3456.677	-3620.872	164.1955	1.138896	1.846573	0.5293133	4.04808
19560	-3432.331	-3597.162	164.8311	1.195926	2.010121	0.5650211	3.56051
19566	-3427.802	-3592.417	164.6152	1.103254	2.309466	0.5650211	3.643607
19572	-3419.891	-3584.935	165.0435	1.317469	2.07498	0.5650211	3.343342
19578	-3430.514	-3596.438	165.9244	1.314521	1.883963	0.4742784	2.975783
19584	-3430.357	-3595.665	165.3085	1.282826	1.883963	0.6055464	3.238818
19590	-3435.205	-3600.934	165.7291	1.271512	1.883963	0.5123458	3.080472
19596	-3433.647	-3599.204	165.5567	1.370776	2.088291	0.6105688	2.962161
19602	-3422.637	-3588.829	166.1924	1.441659	2.088291	0.6105688	2.530041
19608	-3423.52	-3590.714	167.1938	1.599646	2.141152	0.3453656	2.06292
19614	-3424.189	-3590.304	166.1152	1.569348	2.141152	0.5926987	2.496216
19620	-3432.761	-3599.831	167.0705	1.593195	1.887519	0.5926987	1.959682
19626	-3435.831	-3602.142	166.3106	1.663231	2.583709	0.8414942	1.95544
19632	-3431.85	-3598.541	166.6907	1.567077	2.330356	0.4673436	2.193953
19638	-3429.56	-3596.838	167.2776	1.567077	1.90694	0.3669198	2.089336
19644	-3423.486	-3590.679	167.1934	1.632341	2.10783	0.3669198	2.02416
19650	-3426.947	-3594.19	167.2434	1.717981	1.840013	0.5970763	1.772065
19656	-3424.296	-3591.728	167.4325	1.626732	1.840013	0.5325993	1.772065
19662	-3427.595	-3594.579	166.9844	1.453339	1.840013	0.5325993	2.188317
19668	-3426.688	-3593.398	166.7099	1.37501	1.840013	0.4141215	2.54162
19674	-3427.431	-3594.243	166.812	1.505564	1.761229	0.4315677	2.406928
19680	-3433.247	-3600.065	166.818	1.388234	1.801079	0.4380809	2.453484
19686	-3428.564	-3595.419	166.8542	1.369052	1.867933	0.4380809	2.416366
19692	-3418.097	-3584.534	166.4375	1.417743	1.99701	0.4897576	2.541703
19698	-3443.141	-3609.119	165.978	1.465794	2.312024	0.4855887	2.692519
19704	-3435.491	-3601.452	165.961	1.470524	1.849265	0.7133476	2.657186
19710	-3430.353	-3596.069	165.7154	1.366978	2.062324	0.7133476	2.793045
19716	-3434.839	-3601.679	166.8406	1.542949	1.630981	0.4163426	2.437959
19722	-3429.236	-3595.804	166.5675	1.533653	2.083618	0.4163426	2.437959
19728	-3436.827	-3603.256	166.429	1.439133	1.876416	0.487521	2.581115
19734	-3435.491	-3601.807	166.316	1.439133	2.066845	0.487521	2.581115
19740	-3430.55	-3597.051	166.5012	1.46695	2.066845	0.455064	2.483239
19746	-3428.052	-3593.853	165.8011	1.460616	2.350429	0.455064	2.823674
19752	-3430.017	-3596.567	166.5503	1.612948	1.913942	0.5622464	2.305957
19758	-3426.076	-3592.042	165.9656	1.359521	1.906868	0.7798918	2.649908
19764	-3436.348	-3603.42	167.0725	1.663419	2.257711	0.5778356	1.780991
19770	-3431.754	-3599.734	167.9794	1.870408	1.853712	0.3648805	1.407846
19776	-3444.688	-3612.653	167.9647	1.878636	1.737225	0.4858288	1.293841
19782	-3462.317	-3629.988	167.6719	1.780022	1.845612	0.5494121	1.466027
19788	-3443.71	-3611.545	167.8349	1.780022	1.845612	0.4685145	1.442606
19794	-3423.775	-3591.438	167.6631	1.690549	1.854572	0.4685145	1.632193
19800	-3445.627	-3613.611	167.9833	1.857887	1.638309	0.4685145	1.372352
19806	-3442.725	-3610.287	167.5628	1.673482	1.861982	0.4943104	1.681563
19812	-3432.064	-3599.556	167.4924	1.606795	1.920774	0.5120318	1.732376
19818	-3433.8	-3600.958	167.1575	1.595047	1.920774	0.5120318	1.969975
19824	-3436.526	-3603.518	166.9925	1.595047	1.967999	0.6010724	1.969975
19830	-3436.636	-3603.553	166.9172	1.726179	1.967999	0.7469022	1.798875
19836	-3435.214	-3602.329	167.1146	1.607466	1.834071	0.467903	2.074886
19842	-3453.389	-3619.112	165.7228	1.370105	2.209248	0.6574565	2.781768
19848	-3440.709	-3605.892	165.1833	1.27802	2.356172	0.6574565	3.115359
19854	-3431.046	-3597.583	166.5372	1.454516	2.370756	0.5060342	2.309654
19860	-3434.771	-3600.984	166.213	1.454516	2.315509	0.5060342	2.532023
19866	-3441.64	-3607.664	166.0238	1.403151	2.315509	0.523603	2.663322
19872	-3431.132	-3596.764	165.6324	1.382363	2.025576	0.4567026	3.077655
19878	-3432.876	-3598.155	165.2791	1.236938	2.300583	0.3702311	3.379558
19884	-3433.835	-3600.102	166.2668	1.436452	2.300583	0.3702311	2.667645
19890	-3427.831	-3594.079	166.2478	1.473494	2.266466	0.3702311	2.667645
19896	-3435.736	-3602	166.2639	1.476024	1.638946	0.5774329	2.667645
19902	-3438.05	-3602.86	164.8098	1.196205	1.638946	0.4915484	3.776195
19908	-3433.17	-3597.199	164.0289	1.176535	2.316903	0.4744157	4.020346
19914	-3427.668	-3591.478	163.8106	1.091189	2.248184	0.4483504	4.239723
19920	-3427.902	-3592.225	164.3233	1.26445	2.138657	0.725279	3.644189
19926	-3433.056	-3598.746	165.6894	1.298138	2.146628	0.6017605	2.913937
19932	-3429.829	-3595.436	165.6074	1.421076	2.325742	0.7869886	2.682309
19938	-3427.651	-3594.922	167.2718	1.50365	2.188915	0.3775065	2.01346
19944	-3431.503	-3598.249	166.7461	1.478729	2.477956	0.4952516	2.135913
19950	-3436.736	-3603.34	166.6036	1.539406	2.00253	0.5174586	2.329933
19956	-3433.907	-3600.007	166.1	1.34647	2.00253	0.386449	2.905071
19962	-3422.747	-3588.187	165.4406	1.316216	1.953903	0.399408	3.318134
19968	-3431.994	-3597.435	165.4408	1.236189	1.953903	0.4422814	3.318134
19974	-3425.381	-3590.781	165.3996	1.277337	1.953903	0.4422814	3.318134
19980	-3430.126	-3595.726	165.6001	1.413379	2.324624	0.4693897	2.96669
19986	-3424.227	-3590.173	165.9454	1.336105	2.326994	0.4137919	2.864669
19992	-3433.69	-3598.209	164.5197	1.293016	2.480445	0.5193106	3.579877
19998	-3440.801	-3605.082	164.2817	1.248256	2.737839	0.5193106	3.672898
20004	-3421.125	-3584.801	163.6765	1.109299	2.865368	0.4084631	4.177475
20010	-3425.173	-3590.067	164.894	1.194792	1.969305	0.5707857	3.533447
20016	-3423.397	-3588.541	165.1439	1.103011	1.935103	0.4844781	3.533447
20022	-3430.347	-3596.32	165.9728	1.281133	1.935103	0.5940855	2.833423
20028	-3429.667	-3596.116	166.4492	1.355436	1.935103	0.5940855	2.49434
20034	-3434.911	-3600.174	165.2629	1.245874	1.935103	0.5355944	3.331373
20040	-3432.441	-3598.429	165.9881	1.245874	1.935103	0.6142133	2.827884
20046	-3443.302	-3608.076	164.7739	1.326762	2.689919	0.8344896	3.101652
20052	-3439.456	-3604.245	164.7893	1.264906	1.805024	0.7420438	3.475922
20058	-3442.825	-3607.8	164.9742	1.279295	1.780999	0.5834698	3.494205
20064	-3432.131	-3596.883	164.7511	1.279207	1.939693	0.5906687	3.560576
20070	-3426.665	-3593.219	166.5544	1.279207	1.939693	0.5528258	2.513259
20076	-3428.982	-3595.292	166.3098	1.372173	1.939693	0.5528258	2.607478
20082	-3441.456	-3607.086	165.6304	1.357144	2.656951	0.6579693	2.707956
20088	-3437.926	-3603.14	165.2134	1.284904	2.425178	0.5422368	3.172228
20094	-3417.859	-3584.021	166.1623	1.485111	2.331608	0.5422368	2.503184
20100	-3425.603	-3591.653	166.0501	1.324689	2.431633	0.5286682	2.653823
20106	-3430.78	-3596.929	166.1489	1.332046	2.431633	0.4328378	2.688874
20112	-3448.172	-3614.402	166.23	1.622542	2.458645	0.7110848	2.179697
20118	-3456.331	-3622.524	166.1927	1.583792	2.458645	0.8519834	2.118851
20124	-3435.351	-3601.52	166.1691	1.536558	2.286425	0.6416032	2.389637
20130	-3431.432	-3598.481	167.0492	1.544036	1.763861	0.4193922	2.244627
20136	-3426.567	-3593.34	166.7725	1.498467	1.955477	0.4621563	2.325228
20142	-3426.055	-3592.995	166.9393	1.511042	1.870596	0.5796018	2.120745
20148	-3428.19	-3594.499	166.3092	1.465931	2.307069	0.4510513	2.526147
20154	-3434.35	-3601.179	166.8294	1.370512	1.844548	0.4510513	2.425538
20160	-3424.01	-3590.743	166.7332	1.532762	2.012375	0.6365541	2.131993
20166	-3430.432	-3596.657	166.225	1.442658	1.86392	0.4627042	2.735513
20172	-3430.271	-3596.16	165.8887	1.336017	2.276982	0.4627042	2.861328
20178	-3433.055	-3599.326	166.2712	1.307015	2.964088	0.398758	2.515492
20184	-3415.141	-3581.732	166.5908	1.365633	2.183554	0.4241954	2.48462
20190	-3422.072	-3587.41	165.338	1.16047	2.049735	0.4441564	3.388004
20196	-3428.721	-3593.512	164.7915	1.29537	1.760534	0.5325384	3.644128
20202	-3435.532	-3600.15	164.618	1.19516	2.036458	0.5325384	3.704791
20208	-3423.887	-3590.095	166.2078	1.212581	1.598234	0.5128688	2.940441
20214	-3430.499	-3595.18	164.6811	1.395244	1.8781	0.6902562	3.474998
20220	-3422.33	-3587.415	165.0842	1.19189	2.106908	0.4367183	3.506879
20226	-3425.998	-3590.826	164.8281	1.240679	2.211778	0.4402168	3.590138
20232	-3436.492	-3602.428	165.9357	1.391115	2.772878	0.6221145	2.495739
20238	-3445.559	-3610.809	165.2497	1.377243	2.487203	0.6221145	3.006183
20244	-3437.612	-3603.196	165.5846	1.293404	2.526663	0.5374411	2.919452
20250	-3438.247	-3602.722	164.4749	1.187599	2.077416	0.5489258	3.763426
20256	-3437.015	-3600.832	163.8174	1.339606	2.077416	0.7058829	3.926556
20262	-3430.536	-3595.077	164.5409	1.158858	1.810895	0.4516452	3.926556
20268	-3447.133	-3612.183	165.0504	1.252957	1.681743	0.4516452	3.627256
20274	-3449.524	-3615.498	165.9745	1.312951	2.573195	0.4452373	2.751052
20280	-3444.286	-3609.226	164.9401	1.27789	2.573195	0.5250146	3.311026
20286	-3428.536	-3593.038	164.5026	1.248897	1.918902	0.5499859	3.76485
20292	-3448.802	-3613.13	164.3287	1.216311	1.918902	0.7179936	3.748015
20298	-3433.356	-3597.871	164.5154	1.256924	1.765032	0.7179936	3.672315
20304	-3427.775	-3592.638	164.8633	1.31893	2.347265	0.592015	3.337945
20310	-3432.398	-3596.237	163.8391	1.274967	2.347265	0.4640952	4.07369
20316	-3429.806	-3594.643	164.8374	1.232695	2.016172	0.5138295	3.580108
20322	-3436.62	-3602.113	165.4932	1.32859	2.31434	0.4053878	3.153892
20328	-3428.288	-3593.649	165.3611	1.374083	2.149312	0.5264065	3.132857
20334	-3437.344	-3602.551	165.2071	1.372478	2.149312	0.5210067	3.230307
20340	-3437.725	-3601.017	163.2928	1.239069	2.112505	0.6655802	4.301401
20346	-3433.077	-3597.316	164.239	1.196214	2.112505	0.4955116	3.93187
20352	-3429.099	-3593.546	164.4466	1.172882	2.112505	0.5707256	3.757587
20358	-3431.631	-3595.254	163.6222	1.22298	2.112505	0.7209276	4.08232
20364	-3437.775	-3603.334	165.5593	1.207404	2.112505	0.5464069	3.107572
20370	-3440.168	-3604.928	164.7596	1.232463	1.817845	0.378681	3.835059
20376	-3438.459	-3602.935	164.4759	1.175109	2.068954	0.6163807	3.715007
20382	-3422.054	-3586.229	164.1745	1.082838	1.939568	0.4080857	4.179236
20388	-3426.471	-3590.41	163.9388	1.135565	1.939568	0.458771	4.230542
20394	-3433.558	-3597.57	164.0115	1.065452	2.261277	0.458771	4.125802
20400	-3441.52	-3606.895	165.3751	1.314449	2.080412	0.3834388	3.332688
20406	-3427.381	-3592.477	165.0964	1.387009	1.632996	0.5784907	3.421616
20412	-3436.536	-3603.328	166.7919	1.372812	1.754065	0.3814387	2.565407
20418	-3438.515	-3605.076	166.5616	1.404439	1.984656	0.3814387	2.60005
20424	-3441.231	-3607.355	166.1237	1.397435	1.956316	0.5583624	2.695184
20430	-3438.07	-3603.612	165.5418	1.356575	1.956316	0.5583624	3.071978
20436	-3435.347	-3600.928	165.5808	1.495757	1.908281	0.5583624	2.982612
20442	-3416.799	-3583.224	166.4257	1.495757	2.385353	0.5583624	2.296804
20448	-3422.325	-3588.555	166.2304	1.504933	2.235932	0.3301841	2.720858
20454	-3442.618	-3609.414	166.7954	1.517257	2.18219	0.3301841	2.37984
20460	-3441.897	-3608.856	166.9591	1.57458	1.976677	0.3705651	2.259276
20466	-3434.846	-3601.367	166.5212	1.492163	1.876438	0.6238697	2.358429
20472	-3433.931	-3600.57	166.6392	1.390295	1.877753	0.4544304	2.515697
20478	-3433.317	-3599.454	166.1367	1.408063	2.587957	0.4544304	2.578261
20484	-3430.705	-3596.182	165.4774	1.402876	2.656386	0.4544304	2.964054
20490	-3430.342	-3594.812	164.47	1.231517	2.47331	0.5278242	3.638528
20496	-3435.835	-3601.719	165.8836	1.250407	2.264038	0.518931	2.863343
20502	-3446.387	-3611.828	165.4403	1.379806	2.01983	0.518931	3.133245
20508	-3438.209	-3603.037	164.8285	1.14592	2.01983	0.518931	3.629606
20514	-3443.431	-3607.809	164.3779	1.123739	2.331346	0.5454818	3.779659
20520	-3438.53	-3603.157	164.6269	1.123841	1.666601	0.6433817	3.779659
20526	-3453.506	-3616.069	162.563	1.085959	2.449555	0.6433817	4.714651
20532	-3428.715	-3593.678	164.9629	1.232152	2.258666	0.5806268	3.367602
20538	-3435.537	-3601.06	165.5235	1.293627	2.258666	0.5806268	2.998508
20544	-3440.782	-3606.805	166.0235	1.293627	2.258666	0.5331522	2.739785
20550	-3445.469	-3611.231	165.7629	1.391872	2.258666	0.5619336	2.811586
20556	-3436.225	-3602.662	166.4376	1.391872	1.688253	0.4315034	2.739885
20562	-3432.837	-3598.381	165.5444	1.248701	1.693138	0.5211676	3.267716
20568	-3435.547	-3599.819	164.2719	1.23192	2.253559	0.4574599	3.885578
20574	-3433.163	-3597.501	164.3383	1.126679	2.075439	0.4574599	3.964129
20580	-3444.755	-3608.127	163.3718	1.004585	2.234259	0.4574599	4.531346
20586	-3428.553	-3592.764	164.2108	1.068879	2.234259	0.4574599	4.019786
20592	-3440.796	-3605.211	164.4152	1.278114	2.054439	0.5620251	3.741632
20598	-3442.121	-3607.318	165.1961	1.200206	2.054439	0.5549459	3.338536
20604	-3443.634	-3609.394	165.7599	1.207089	1.46101	0.4332496	3.350559
20610	-3432.016	-3597.534	165.5181	1.373739	1.46101	0.4332496	3.394701
20616	-3417.769	-3581.552	163.7825	1.164798	2.101973	0.6334773	4.093953
20622	-3424.985	-3589.135	164.1504	1.207695	2.303049	0.5134882	3.899877
20628	-3431.711	-3596.875	165.1642	1.289008	2.22179	0.4408128	3.361822
20634	-3431.657	-3596.968	165.3114	1.22974	1.85222	0.3887907	3.492981
20640	-3443.6	-3609.513	165.9127	1.258458	2.043763	0.3887907	3.053339
20646	-3435.001	-3600.712	165.7114	1.257473	1.745617	0.3887907	3.281944
20652	-3431.366	-3596.724	165.3574	1.24994	1.811574	0.4962133	3.355733
20658	-3428.948	-3594.769	165.8203	1.416061	1.569226	0.6960058	2.903309
20664	-3426.102	-3592.112	166.0095	1.416061	1.850996	0.5678691	2.784097
20670	-3437.97	-3604.34	166.3694	1.465399	1.949354	0.3882957	2.685563
20676	-3436.528	-3603.053	166.5254	1.400879	1.799925	0.3887174	2.685563
20682	-3419.775	-3584.56	164.7854	1.300255	1.822765	0.4533226	3.698431
20688	-3426.847	-3590.208	163.3606	1.299781	1.822765	0.882863	4.176741
20694	-3423.445	-3588.466	165.0211	1.23918	1.822765	0.560681	3.494716
20700	-3426.994	-3591.787	164.7926	1.243224	2.206712	0.560681	3.494716
20706	-3445.82	-3611.103	165.2828	1.214135	1.95459	0.4831457	3.381793
20712	-3423.681	-3589.593	165.9122	1.405229	1.979612	0.634956	2.74298
20718	-3436.56	-3602.974	166.4138	1.455747	2.065569	0.5087181	2.488378
20724	-3436.773	-3602.721	165.9478	1.465032	2.065569	0.5087181	2.770406
20730	-3435.742	-3601.892	166.15	1.392232	2.065569	0.4144452	2.792163
20736	-3439.864	-3607	167.1357	1.563494	1.733199	0.5346672	2.059956
20742	-3424.518	-3591.49	166.9719	1.568462	1.886615	0.5486504	2.086058
20748	-3436.565	-3603.309	166.7432	1.651941	1.886615	0.5812618	2.148699
20754	-3437.832	-3604.439	166.6071	1.607611	2.364882	0.5812618	2.091279
20760	-3449.69	-3614.068	164.3782	1.247891	2.358767	0.4340514	3.807671
20766	-3439.026	-3602.794	163.7685	1.165156	2.392792	0.5069341	4.121934
20772	-3429.046	-3592.753	163.7069	1.075035	1.851488	0.5069341	4.380254
20778	-3437.434	-3601.864	164.4303	1.267066	1.853467	0.5972543	3.778311
20784	-3427.602	-3593.449	165.8467	1.451431	1.733351	0.5928148	2.884602
20790	-3432.036	-3598.358	166.3217	1.367102	1.733351	0.5164967	2.718275
20796	-3436.241	-3601.708	165.4667	1.244904	1.893452	0.5164967	3.244615
20802	-3430.005	-3594.772	164.7668	1.161625	1.694334	0.5164967	3.775643
20808	-3434.179	-3599.418	165.239	1.247961	2.113119	0.5759411	3.24666
20814	-3435.506	-3599.403	163.8971	1.097099	1.666026	0.4963255	4.338274
20820	-3440.041	-3604.015	163.9735	1.19928	2.089185	0.6517233	3.954936
20826	-3434.352	-3598.592	164.2397	1.207395	1.774586	0.6517233	3.906615
20832	-3443.163	-3608.094	164.9316	1.265458	2.441641	0.4841582	3.400664
20838	-3447.193	-3612.407	165.2145	1.244934	2.441641	0.5561202	3.177632
20844	-3453.141	-3619.517	166.3759	1.569012	2.474338	0.6295289	2.185847
20850	-3437.729	-3604.517	166.7877	1.56355	2.221404	0.6376435	1.997239
20856	-3426.773	-3593.646	166.8723	1.622408	2.361397	0.6376435	1.85047
20862	-3426.059	-3593.645	167.5859	1.63663	1.975171	0.4282852	1.724547
20868	-3425.163	-3592.117	166.9538	1.585912	1.975171	0.557923	2.041852
20874	-3429.056	-3595.499	166.4426	1.445274	2.133326	0.557923	2.403965
20880	-3428.077	-3594.192	166.115	1.369592	2.333733	0.402943	2.751566
20886	-3423.231	-3590.623	167.3912	1.590993	1.585807	0.402943	2.090076
20892	-3425.415	-3592.497	167.0824	1.547312	2.045376	0.402943	2.12976
20898	-3444.679	-3611.799	167.1199	1.671316	1.908599	0.3981755	2.082984
20904	-3423.785	-3589.662	165.8774	1.511936	2.276467	0.4513567	2.773525
20910	-3441.779	-3608.222	166.4434	1.478195	2.276467	0.4513567	2.444231
20916	-3438.233	-3603.555	165.3228	1.473751	2.246563	0.7437059	2.881333
20922	-3435.745	-3601.016	165.2717	1.401977	2.246563	0.7437059	2.955484
20928	-3423.763	-3589.291	165.5285	1.510228	2.504885	0.6056061	2.766114
20934	-3430.457	-3595.808	165.3515	1.397142	2.504885	0.6056061	2.942008
20940	-3430.729	-3595.057	164.328	1.264484	2.717335	0.5977927	3.572358
20946	-3443.582	-3608.95	165.3683	1.256283	1.952056	0.6232087	3.17969
20952	-3429.058	-3594.623	165.5656	1.22031	2.398257	0.6232087	2.936495
20958	-3427.357	-3591.609	164.2518	1.312429	2.198625	0.943171	3.493204
20964	-3424.805	-3590.928	166.1231	1.436411	1.72837	0.7546351	2.593898
20970	-3429.015	-3593.542	164.5276	1.155621	2.291639	0.7546351	3.519279
20976	-3422.998	-3587.243	164.2454	1.134103	2.291639	0.5699321	3.840341
20982	-3428.883	-3593.175	164.2915	1.236575	1.854784	0.5699321	3.898423
20988	-3447.191	-3611.092	163.9004	1.228942	2.301968	0.6709541	3.898423
20994	-3440.715	-3604.191	163.4767	1.186178	2.294161	0.7737689	4.092573
21000	-3435.702	-3598.843	163.1415	1.190502	1.930418	0.4010708	4.711284
21006	-3425.928	-3591.336	165.4086	1.187781	2.067537	0.3883598	3.386069
21012	-3428.908	-3592.726	163.8184	1.117262	2.067537	0.4393345	4.286249
21018	-3425.254	-3589.761	164.5069	1.235936	1.853097	0.4393345	3.899306
21024	-3424.467	-3590.114	165.6476	1.284069	1.853097	0.521784	3.123833
21030	-3423.884	-3588.459	164.5755	1.208475	1.955859	0.4482852	3.830471
21036	-3420.845	-3586.641	165.7957	1.306648	1.955859	0.4482852	3.058785
21042	-3434.778	-3601.298	166.5202	1.384105	1.955859	0.5805449	2.436579
21048	-3429.95	-3596.384	166.4344	1.384105	1.461081	0.6087735	2.669443
21054	-3439.237	-3604.433	165.1953	1.324135	1.889528	0.6087735	3.276508
21060	-3425.659	-3590.444	164.7849	1.210977	2.27096	0.5602749	3.498269
21066	-3437.964	-3601.954	163.9906	1.121764	2.313082	0.5091535	4.041451
21072	-3434.271	-3597.647	163.3768	1.226749	1.59772	0.73679	4.390393
21078	-3430.292	-3595.356	165.0636	1.187677	2.138603	0.507	3.440306
21084	-3436.281	-3600.739	164.4579	1.276234	1.937385	0.507	3.807813
21090	-3426.062	-3590.793	164.7302	1.172643	1.815395	0.507	3.753976
21096	-3429.524	-3594.395	164.8714	1.211032	1.822309	0.507	3.647616
21102	-3432.719	-3597.483	164.7641	1.171242	1.918954	0.5516859	3.657035
21108	-3444.258	-3610.919	166.6613	1.382594	1.881827	0.3437685	2.638202
21114	-3436.818	-3602.413	165.5959	1.36376	2.364338	0.5124518	2.943291
21120	-3432.749	-3597.773	165.0234	1.294044	1.962582	0.5140174	3.454138
21126	-3441.339	-3606.087	164.7481	1.351719	2.205487	0.5140174	3.500585
21132	-3434.652	-3601.062	166.4096	1.348651	1.787688	0.5140174	2.656436
21138	-3430.229	-3596.393	166.1642	1.327079	1.652999	0.4056381	2.98845
21144	-3424.359	-3590.245	165.8857	1.330406	2.023429	0.4056381	3.01393
21150	-3429.955	-3596.352	166.397	1.517526	2.023429	0.4442186	2.544385
21156	-3442.654	-3608.779	166.1255	1.397823	2.023429	0.4442186	2.785184
21162	-3436.448	-3602.572	166.1239	1.267139	1.608605	0.4442186	3.024109
21168	-3431.266	-3596.327	165.0615	1.322943	2.059019	0.4971585	3.398156
21174	-3425.235	-3589.564	164.3285	1.104825	2.558862	0.4654168	3.829115
21180	-3430.964	-3595.466	164.5022	1.304624	1.926181	0.5055316	3.771175
21186	-3430.694	-3595.387	164.6923	1.253126	1.878097	0.6503967	3.582425
21192	-3429.158	-3595.345	166.1875	1.548846	2.123542	0.5652935	2.495486
21198	-3427.455	-3594.697	167.2415	1.621748	2.049271	0.5652935	1.785803
21204	-3433.429	-3598.909	165.48	1.343139	1.54852	0.5502879	3.281959
21210	-3426.199	-3592.757	166.5578	1.454549	1.483613	0.3596978	2.801358
21216	-3432.397	-3599.236	166.8394	1.594819	1.869207	0.4191342	2.304131
21222	-3431.718	-3599.549	167.8314	1.723722	2.084757	0.3961804	1.480519
21228	-3452.172	-3619.622	167.4501	1.711896	2.084757	0.4350722	1.71362
21234	-3442.398	-3610.082	167.6837	1.797641	2.485075	0.389585	1.38438
21240	-3435.98	-3603.785	167.8053	1.832374	2.151959	0.4243881	1.34605
21246	-3436.199	-3603.513	167.3135	1.799337	1.972153	0.7231143	1.480442
21252	-3432.384	-3599.054	166.6703	1.60143	1.972153	0.5097869	2.267072
21258	-3437.65	-3604.09	166.4399	1.48309	2.554592	0.5097869	2.291168
21264	-3432.498	-3598.287	165.7888	1.463538	2.554592	0.5097869	2.710518
21270	-3435.349	-3601.747	166.3985	1.488592	1.761469	0.5959954	2.508852
21276	-3434.311	-3600.827	166.5161	1.470964	1.761469	0.3893649	2.662606
21282	-3436.248	-3601.561	165.3134	1.273503	1.951919	0.6774997	3.157915
21288	-3440.005	-3605.898	165.8929	1.459658	1.951919	0.5028313	2.8534
21294	-3437.757	-3603.698	165.9407	1.411814	1.951919	0.5028313	2.8534
21300	-3435.29	-3602.066	166.7763	1.411814	1.539351	0.5777562	2.432047
21306	-3443.143	-3610.486	167.3429	1.717741	1.855365	0.4043883	1.917178
21312	-3447.255	-3613.397	166.1423	1.557402	2.069948	0.7209829	2.401874
21318	-3437.387	-3603.951	166.5641	1.583205	1.747306	0.6752454	2.280214
21324	-3433.898	-3600.757	166.859	1.69278	2.622014	0.6752454	1.685315
21330	-3439.584	-3606.52	166.9362	1.706149	2.188667	0.5566116	1.892917
21336	-3435.129	-3601.812	166.6831	1.567157	2.187857	0.5566116	2.153759
21342	-3422.87	-3589.595	166.7255	1.606897	2.106806	0.6515547	2.039056
21348	-3428.622	-3594.608	165.986	1.536871	2.20963	0.5107362	2.651742
21354	-3429.295	-3594.623	165.3278	1.319789	2.064976	0.5107362	3.228036
21360	-3449.101	-3614.356	165.2552	1.325449	2.45984	0.4624344	3.191196
21366	-3431.284	-3597.245	165.9614	1.315859	1.717813	0.5586932	2.934239
21372	-3439.218	-3604.96	165.7418	1.321067	2.127382	0.5586932	2.913683
21378	-3447.25	-3612.61	165.3593	1.244351	2.127382	0.5586932	3.188315
21384	-3449.135	-3614.152	165.0171	1.289186	2.127382	0.6088211	3.32006
21390	-3443.973	-3609.017	165.0449	1.307546	2.327786	0.5082132	3.32006
21396	-3440.129	-3604.742	164.6127	1.153366	2.327786	0.5439162	3.629253
21402	-3441.352	-3607.203	165.8508	1.257567	1.760051	0.404887	3.175409
21408	-3426.08	-3591.258	165.1786	1.184345	1.760051	0.4969779	3.517353
21414	-3439.787	-3605.717	165.9307	1.24411	1.533337	0.5557672	3.074743
21420	-3431.425	-3597.86	166.4351	1.55478	2.464663	0.5557672	2.229809
21426	-3429.431	-3596.475	167.0434	1.538844	1.849176	0.5195438	2.103953
21432	-3428.624	-3595.814	167.1895	1.538844	2.049179	0.4562106	1.998644
21438	-3434.365	-3601.411	167.0462	1.543499	1.47894	0.5341891	2.247264
21444	-3423.4	-3590.741	167.3407	1.546949	1.47894	0.3742593	2.238386
21450	-3424.754	-3591.823	167.0697	1.452356	1.47894	0.439642	2.392086
21456	-3429.563	-3595.354	165.7915	1.400919	2.066315	0.5932655	2.82479
21462	-3440.715	-3606.124	165.4091	1.399553	2.066315	0.5759726	3.071279
21468	-3453.751	-3617.882	164.1307	1.231464	2.164419	0.5759726	3.884435
21474	-3431.336	-3599.2	167.8642	1.744177	1.837973	0.5014604	1.408452
21480	-3434.138	-3601.667	167.5288	1.825423	2.451214	0.5014604	1.339371
21486	-3428.463	-3596.056	167.5927	1.757593	2.278888	0.4737339	1.447867
21492	-3429.072	-3596.631	167.5582	1.792063	2.278888	0.4737339	1.447867
21498	-3424.109	-3592.298	168.189	1.869464	1.534749	0.419436	1.327627
21504	-3428.204	-3596.036	167.8323	1.849726	2.358114	0.4237888	1.220419
21510	-3441.466	-3609.295	167.8292	1.901868	2.360812	0.4237888	1.177151
21516	-3436.55	-3604.297	167.7468	1.904331	2.762881	0.2983349	1.299689
21522	-3430.886	-3598.922	168.0366	1.874007	2.236602	0.2983349	1.299689
21528	-3437.862	-3605.897	168.0351	1.875498	2.236602	0.2983349	1.299689
21534	-3433.541	-3601.577	168.0364	1.902461	1.796385	0.4371159	1.253924
21540	-3427.01	-3595.076	168.0661	1.802234	1.796385	0.3789285	1.399455
21546	-3432.113	-3599.634	167.5207	1.760162	1.796385	0.5728198	1.589779
21552	-3441.273	-3609.139	167.8659	1.767689	1.469693	0.5728198	1.495316
21558	-3432.637	-3600.645	168.0073	1.846125	2.018001	0.3512493	1.349595
21564	-3443.001	-3611.152	168.1507	1.911861	2.130362	0.321049	1.177487
21570	-3434.538	-3602.736	168.1981	1.955538	1.952404	0.3932262	1.051676
21576	-3437.278	-3605.564	168.2863	2.040274	1.769297	0.3932262	0.9937529
21582	-3441.92	-3609.758	167.8384	1.94678	2.085492	0.3932262	1.305081
21588	-3443.723	-3611.511	167.7884	1.959033	2.085492	0.5669054	1.081321
21594	-3428.99	-3596.677	167.6869	1.759632	2.155943	0.3445429	1.608853
21600	-3423.088	-3591.077	167.9897	1.760322	1.859813	0.4105917	1.412448
21606	-3435.959	-3603.25	167.2902	1.72233	2.365398	0.4768155	1.659925
21612	-3451.47	-3619.135	167.6648	1.688897	2.365398	0.4002501	1.512091
21618	-3427.723	-3595.126	167.4028	1.682865	2.129056	0.4106151	1.781454
21624	-3428.274	-3595.559	167.2854	1.573605	2.33017	0.4763826	1.781454
21630	-3417.511	-3584.411	166.8994	1.685403	2.505916	0.5348993	1.843208
21636	-3420.743	-3587.573	166.8305	1.685403	1.909019	0.4976974	2.146594
21642	-3425.639	-3593.051	167.4115	1.58066	1.980613	0.4562775	1.847316
21648	-3416.526	-3583.754	167.2273	1.58066	1.980613	0.4562775	1.972079
21654	-3439.335	-3606.615	167.2802	1.50648	2.213449	0.3964921	1.972079
21660	-3433.994	-3600.292	166.2985	1.64601	2.582764	0.525992	2.251902
21666	-3424.321	-3590.627	166.3059	1.437137	2.582764	0.5310198	2.375348
21672	-3432.981	-3599.295	166.3144	1.342885	2.078504	0.5310198	2.593598
21678	-3433.587	-3599.16	165.5723	1.289973	2.078504	0.489891	3.116452
21684	-3436.584	-3601.837	165.2534	1.177301	1.680092	0.489891	3.515517
21690	-3434.923	-3599.935	165.0114	1.218751	2.370311	0.489891	3.396786
21696	-3433.425	-3598.994	165.5698	1.327967	2.370311	0.4602976	3.031431
21702	-3432.934	-3599.593	166.6586	1.460442	2.370311	0.3680701	2.38866
21708	-3434.628	-3601.49	166.8615	1.471329	2.337488	0.3680701	2.263263
21714	-3430.283	-3597.317	167.0346	1.54238	1.828552	0.3910723	2.263263
21720	-3433.104	-3600.266	167.1625	1.54238	2.328408	0.3734637	2.016364
21726	-3429.419	-3596.616	167.1969	1.532924	2.037804	0.3734637	2.105044
21732	-3421.428	-3588.573	167.145	1.48395	1.537379	0.3906967	2.355601
21738	-3429.819	-3597.274	167.4544	1.622679	1.537379	0.4812214	1.956199
21744	-3428.57	-3596.172	167.6026	1.516306	1.540939	0.4812214	1.926286
21750	-3423.612	-3591.215	167.6026	1.516306	1.540939	0.4812214	1.926286
21756	-3427.55	-3594.711	167.1609	1.516306	2.258158	0.3886761	2.039151
21762	-3422.749	-3590.102	167.3521	1.646002	1.693353	0.5605674	1.849835
21768	-3433.567	-3600.534	166.9665	1.712791	2.097715	0.5605674	1.898063
21774	-3427.411	-3594.9	167.4891	1.56274	1.504763	0.5605674	1.903062
21780	-3423.16	-3590.431	167.2716	1.650516	2.094267	0.5605674	1.731793
21786	-3421.969	-3588.331	166.3624	1.567376	2.094267	0.6949521	2.268069
21792	-3428.956	-3595.133	166.1773	1.577388	1.94559	0.6949521	2.43422
21798	-3421.433	-3587.538	166.1051	1.43922	1.716639	0.521582	2.808189
21804	-3432.13	-3597.819	165.6886	1.376866	2.131706	0.439472	3.029585
21810	-3444.964	-3609.822	164.8578	1.376866	2.131706	0.8050176	3.210713
21816	-3434.675	-3599.616	164.9409	1.275243	2.117127	0.8050176	3.226509
21822	-3444.787	-3610.368	165.5818	1.478478	2.372751	0.6577343	2.748844
21828	-3433.811	-3598.983	165.1719	1.481165	2.618002	0.736794	2.860255
21834	-3432.55	-3598.235	165.6851	1.377211	2.518611	0.5127911	2.834178
21840	-3428.454	-3592.963	164.5098	1.299332	2.180696	0.6886981	3.529573
21846	-3442.711	-3607.764	165.0529	1.207714	1.933451	0.5271557	3.485171
21852	-3441.876	-3606.491	164.6154	1.190254	2.056721	0.7045865	3.559934
21858	-3432.473	-3596.281	163.8087	0.9822579	2.092436	0.5036699	4.297388
21864	-3432.621	-3596.367	163.7462	1.197908	2.127735	0.7509422	3.999534
21870	-3440.476	-3605.588	165.112	1.387958	2.127735	0.7404262	3.100898
21876	-3432.209	-3597.706	165.4974	1.353153	2.427381	0.623649	2.888211
21882	-3430.905	-3597.508	166.6038	1.522259	2.25343	0.3755036	2.413306
21888	-3426.121	-3592.364	166.2438	1.470179	1.810794	0.3783494	2.823601
21894	-3428.955	-3592.877	163.9222	1.18932	1.850477	0.4154069	4.284994
21900	-3434.798	-3599.482	164.6845	1.129451	2.08268	0.4868527	3.732106
21906	-3431.825	-3595.825	163.9999	1.138811	2.08268	0.4527588	4.15253
21912	-3426.036	-3588.849	162.8133	1.098504	2.714272	0.4642522	4.651565
21918	-3423.925	-3587.653	163.728	1.098504	2.417519	0.4813738	4.199919
21924	-3423.727	-3587.658	163.9312	1.191889	2.417519	0.6962475	3.848638
21930	-3435.082	-3599.694	164.6117	1.065944	2.107117	0.5032009	3.787032
21936	-3440.808	-3604.029	163.2211	1.017631	2.030214	0.5670672	4.572313
21942	-3437.21	-3602.859	165.6488	1.427101	1.685928	0.5792983	3.049177
21948	-3437.959	-3604.507	166.5476	1.462664	1.646307	0.572292	2.501671
21954	-3438.135	-3601.623	163.4884	1.211603	2.438056	0.8026312	4.009564
21960	-3432.362	-3595.759	163.3973	1.206823	2.438056	0.8871709	4.009564
21966	-3430.443	-3594.675	164.2321	1.12278	2.595833	0.4983547	3.83189
21972	-3424.988	-3588.878	163.8907	1.206855	1.828344	0.5542895	4.167229
21978	-3442.946	-3606.871	163.9249	1.104574	2.430795	0.6402978	3.941715
21984	-3439.852	-3603.727	163.8746	1.238003	2.430795	0.6446122	3.890635
21990	-3438.715	-3602.31	163.5955	1.13242	2.73376	0.8144278	3.904628
21996	-3430.426	-3595.721	165.2953	1.419359	1.956839	0.8313128	2.966263
22002	-3433.76	-3599.946	166.1858	1.574464	1.956839	0.680642	2.438342
22008	-3434.348	-3601.634	167.2855	1.7405	1.956839	0.5397262	1.737538
22014	-3417.978	-3584.976	166.9975	1.541603	1.956839	0.5397262	2.068085
22020	-3419.837	-3586.537	166.6995	1.541603	1.751195	0.5269739	2.356475
22026	-3431.863	-3597.877	166.0138	1.355165	2.496581	0.5269739	2.639169
22032	-3430.514	-3596.452	165.9376	1.509264	2.342209	0.5269739	2.639169
22038	-3431.507	-3596.421	164.9137	1.52956	2.032997	0.9702612	3.012076
22044	-3434.475	-3601.162	166.6861	1.5262	2.032997	0.5021337	2.290317
22050	-3437.164	-3602.948	165.7847	1.508285	1.72819	0.8969575	2.657087
22056	-3444.307	-3609.747	165.4402	1.559836	2.327343	0.6879161	2.77526
22062	-3439.254	-3605.241	165.9871	1.473065	1.858793	0.4457766	2.881893
22068	-3446.99	-3612.708	165.718	1.391953	1.864908	0.7471836	2.821799
22074	-3444.168	-3609.758	165.5896	1.438881	2.445051	0.5676506	2.824561
22080	-3431.642	-3597.292	165.6494	1.427886	2.198834	0.5153538	2.922294
22086	-3419.613	-3586.823	167.2098	1.609115	2.071074	0.3982099	2.001233
22092	-3430.791	-3597.801	167.0097	1.441771	2.071074	0.3982099	2.241643
22098	-3418.446	-3585.475	167.0287	1.382819	1.885865	0.3982099	2.337349
22104	-3420.83	-3587.764	166.9334	1.513207	1.757394	0.3982099	2.366577
22110	-3416.209	-3582.709	166.5001	1.399991	1.858964	0.5707622	2.485422
22116	-3430.869	-3597.309	166.4399	1.509548	2.5738	0.5707622	2.206768
22122	-3450.659	-3615.341	164.6817	1.48062	2.817011	0.8956664	2.989392
22128	-3435.289	-3600.347	165.0579	1.541628	2.095414	0.8279869	2.989392
22134	-3435.59	-3601.004	165.4143	1.493085	2.095414	0.7394875	2.867779
22140	-3430.566	-3595.175	164.6088	1.217666	2.095414	0.6198172	3.601806
22146	-3427.375	-3593.58	166.2052	1.492377	2.166503	0.5705621	2.499887
22152	-3435.138	-3601.884	166.7465	1.492377	1.995012	0.5705621	2.218196
22158	-3444.922	-3611.825	166.9031	1.478824	1.995012	0.4163959	2.292302
22164	-3440.869	-3607.691	166.822	1.508109	1.995012	0.6038411	2.127036
22170	-3431.515	-3598.372	166.8564	1.536156	1.889757	0.5254447	2.204974
22176	-3424.895	-3591.806	166.9111	1.547974	1.889757	0.578417	2.108425
22182	-3429.806	-3597.031	167.2249	1.547974	1.734167	0.5172982	2.029111
22188	-3420.152	-3586.628	166.476	1.432957	1.781739	0.5589436	2.521566
22194	-3437.042	-3602.846	165.8043	1.28022	1.941136	0.5502568	2.97337
22200	-3443.291	-3608.365	165.0733	1.231481	1.921685	0.4568296	3.532211
22206	-3430.744	-3596.513	165.7682	1.231481	1.921685	0.4397398	3.141375
22212	-3441.866	-3607.832	165.9661	1.297036	2.354823	0.4173453	2.863054
22218	-3434.026	-3598.996	164.9695	1.29773	2.055766	0.4927701	3.472094
22224	-3424.893	-3589.737	164.8447	1.209745	2.411028	0.4278278	3.550957
22230	-3438.406	-3602.436	164.0295	1.199869	1.606032	0.7347535	4.033414
22236	-3440.498	-3604.853	164.3548	1.086057	1.969187	0.4051879	4.067891
22242	-3439.09	-3601.677	162.5867	1.095936	2.566252	0.4051879	4.87862
22248	-3428.154	-3592.824	164.6699	1.145581	1.923796	0.5702328	3.708313
22254	-3422.946	-3587.694	164.7478	1.189568	1.643393	0.5702328	3.74202
22260	-3432.906	-3598.632	165.7257	1.294479	1.665573	0.4792618	3.185357
22266	-3433.453	-3598.894	165.4414	1.319729	2.03064	0.4706117	3.212304
22272	-3432.225	-3597.53	165.3051	1.319479	2.03064	0.582172	3.187574
22278	-3427.825	-3591.402	163.5773	1.056706	2.03064	0.6184617	4.306945
22284	-3423.541	-3587.28	163.7392	1.100575	2.268461	0.6184617	4.115396
22290	-3430.282	-3594.669	164.3868	1.277485	2.268461	0.3431446	3.915733
22296	-3428.96	-3595.626	166.6662	1.430947	2.268461	0.3895375	2.408964
22302	-3452.176	-3617.466	165.2899	1.318414	2.118623	0.7172984	3.056686
22308	-3455.868	-3621.24	165.3712	1.289282	2.267711	0.618264	3.056686
22314	-3445.309	-3611.488	166.179	1.500312	2.205777	0.4866517	2.581039
22320	-3438.755	-3605.187	166.4323	1.515654	2.066215	0.4866517	2.461995
22326	-3435.186	-3602.038	166.852	1.601459	2.066215	0.4866517	2.138849
22332	-3431.331	-3598.11	166.7784	1.659341	2.074574	0.5537075	2.075295
22338	-3425.071	-3592.191	167.1207	1.502445	1.940108	0.5537075	2.004621
22344	-3434.246	-3601.422	167.176	1.530405	1.895079	0.5537075	1.967194
22350	-3436.223	-3601.929	165.7057	1.344006	2.314274	0.5537075	2.865181
22356	-3420.997	-3586.855	165.8577	1.355339	1.882867	0.6081115	2.865181
22362	-3422.754	-3588.861	166.107	1.397928	1.806724	0.4545325	2.865181
22368	-3421.556	-3586.85	165.2947	1.293182	1.806724	0.4545325	3.410833
22374	-3430.956	-3595.331	164.3747	1.122653	1.834093	0.6449576	3.861388
22380	-3445.689	-3609.952	164.2625	1.091117	2.874496	0.5135995	3.744714
22386	-3442.152	-3605.067	162.9152	1.029024	2.874496	0.4229521	4.634583
22392	-3432.262	-3596.739	164.4766	1.211276	2.304707	0.6918407	3.559054
22398	-3429.451	-3593.927	164.4763	1.150361	2.304707	0.5593152	3.703176
22404	-3439.997	-3605.143	165.1457	1.214554	2.139441	0.5593152	3.327543
22410	-3432.915	-3598.152	165.2365	1.248427	2.419451	0.3997623	3.327543
22416	-3438.658	-3602.305	163.6472	1.25141	2.706367	0.7313576	3.871618
22422	-3434.334	-3599.967	165.6328	1.388211	2.448374	0.5648906	2.830639
22428	-3430.103	-3596.088	165.9845	1.267259	2.222078	0.5648906	2.761682
22434	-3435.118	-3599.389	164.2717	1.137454	2.28812	0.5648906	3.828727
22440	-3445.208	-3609.218	164.0099	1.201702	2.28812	0.5648906	3.942081
22446	-3419.865	-3583.322	163.4565	1.060429	2.28812	0.5648906	4.337187
22452	-3429.337	-3594.344	165.0063	1.308256	2.645538	0.4852062	3.272366
22458	-3427.103	-3592.066	164.9629	1.292464	2.394538	0.6015325	3.272366
22464	-3439.651	-3604.909	165.2578	1.323805	2.624784	0.5432057	3.063706
22470	-3431.916	-3598.253	166.3374	1.361413	2.301416	0.5067223	2.516382
22476	-3425.372	-3591.784	166.4118	1.390078	2.477238	0.5067223	2.395381
22482	-3428.027	-3594.579	166.5521	1.460275	2.080254	0.5067223	2.395381
22488	-3431.24	-3597.961	166.7213	1.343244	1.981716	0.5067223	2.398523
22494	-3426.631	-3593.554	166.923	1.410681	1.981716	0.4292337	2.312898
22500	-3431.711	-3597.618	165.9065	1.451959	2.489423	0.4462213	2.731491
22506	-3428.484	-3594.523	166.0388	1.438062	2.236768	0.5005058	2.681428
22512	-3435.738	-3602.262	166.5249	1.638393	2.589175	0.6077196	2.026273
22518	-3436.102	-3602.149	166.0468	1.44118	2.589175	0.6077196	2.461154
22524	-3429.577	-3596.151	166.5738	1.514837	1.938121	0.5293641	2.376618
22530	-3433.065	-3600.411	167.346	1.729254	1.938121	0.5293641	1.722302
22536	-3433.765	-3600.36	166.5946	1.677362	1.938121	0.6140333	2.177433
22542	-3443.986	-3610.733	166.7475	1.580265	2.246013	0.6792235	1.966293
22548	-3430.619	-3597.083	166.4643	1.609607	2.188887	0.579055	2.245562
22554	-3427.884	-3594.605	166.7209	1.438221	1.850127	0.5510182	2.34452
22560	-3431.146	-3597.077	165.9311	1.404812	2.221717	0.6075497	2.671601
22566	-3432.435	-3598.844	166.4093	1.404812	2.006117	0.5672432	2.487076
22572	-3438.587	-3604.346	165.7587	1.337441	1.923349	0.6200559	2.910607
22578	-3422.824	-3588.386	165.5622	1.37635	1.923349	0.6200559	3.00544
22584	-3426.55	-3592.503	165.9536	1.401003	1.923349	0.641196	2.735524
22590	-3419.546	-3583.659	164.1133	1.205273	2.44765	0.6211993	3.786204
22596	-3429.901	-3594.91	165.0098	1.185676	2.320135	0.6211993	3.313649
22602	-3452.854	-3615.264	162.4094	1.077816	2.059057	0.7269347	4.85982
22608	-3440.659	-3603.783	163.1248	1.162989	2.059057	0.7294187	4.409305
22614	-3429.649	-3595.014	165.3642	1.277718	1.934486	0.4658615	3.321068
22620	-3438.206	-3603.291	165.0853	1.408679	2.115833	0.4643077	3.347676
22626	-3437.565	-3603.15	165.5854	1.233512	1.525356	0.3749088	3.475048
22632	-3437.625	-3605.155	167.5305	1.519891	1.433505	0.3167035	2.234458
22638	-3439.77	-3606.654	166.8845	1.460841	1.245405	0.3167035	2.769801
22644	-3426.239	-3592.11	165.8713	1.409543	1.906437	0.5044654	2.911728
22650	-3421.149	-3587.352	166.2033	1.311254	1.788295	0.4333409	2.889499
22656	-3428.021	-3593.867	165.8461	1.202831	1.79713	0.6027216	3.001116
22662	-3438.976	-3603.254	164.2788	1.177176	2.236202	0.5732374	3.810436
22668	-3438.361	-3602.962	164.6004	1.165229	2.236202	0.4496053	3.748266
22674	-3436.739	-3601.855	165.1167	1.165229	1.812333	0.4416736	3.600574
22680	-3427.512	-3592.533	165.0208	1.26116	1.812333	0.4416736	3.600574
22686	-3432.811	-3598.495	165.6842	1.227122	1.841752	0.4416736	3.220896
22692	-3425.531	-3592.442	166.9111	1.36765	1.752414	0.4416736	2.42346
22698	-3438.174	-3604.708	166.5344	1.36765	1.915047	0.5050853	2.527164
22704	-3442.238	-3608.96	166.7218	1.401616	1.987397	0.2825785	2.635607
22710	-3425.261	-3591.766	166.5049	1.404354	2.42346	0.4638501	2.390258
22716	-3435.187	-3601.557	166.37	1.381869	2.42346	0.286434	2.71242
22722	-3440.09	-3605.638	165.5485	1.381869	1.972082	0.4110504	3.196092
22728	-3438.028	-3602.876	164.8482	1.209364	2.390903	0.4110504	3.573322
22734	-3433.221	-3596.583	163.3623	1.144199	2.388404	0.5803575	4.300528
22740	-3432.53	-3597.52	164.9896	1.366762	2.388404	0.5803575	3.232946
22746	-3430.273	-3596.66	166.3871	1.357623	1.901372	0.4909352	2.644406
22752	-3426.779	-3592.987	166.2071	1.357623	1.901372	0.4909352	2.754881
22758	-3433.647	-3599.928	166.2806	1.433409	2.573295	0.4161752	2.520653
22764	-3439.029	-3605.75	166.7208	1.527374	2.573295	0.4161752	2.181293
22770	-3443.849	-3610.77	166.9209	1.612661	2.696292	0.397037	1.979265
22776	-3445.05	-3612.126	167.0757	1.709457	2.19661	0.396478	1.979265
22782	-3442.397	-3608.915	166.5188	1.615281	2.024603	0.396478	2.462355
22788	-3440.18	-3606.202	166.022	1.506502	2.426953	0.5595417	2.530266
22794	-3449.762	-3615.95	166.1879	1.285762	1.44409	0.4116728	3.081857
22800	-3438.415	-3604.942	166.5268	1.2457	1.41222	0.4116728	2.917097
22806	-3431.555	-3598.526	166.9715	1.343258	1.540711	0.5171475	2.410909
22812	-3423.696	-3589.171	165.4748	1.242226	1.540711	0.6307759	3.277971
22818	-3420.613	-3587.18	166.5667	1.472739	1.540711	0.401627	2.708317
22824	-3419.97	-3586.638	166.6682	1.386237	2.10101	0.401627	2.478647
22830	-3423.735	-3590.12	166.3847	1.389434	2.258275	0.401627	2.599482
22836	-3424.908	-3591.905	166.9973	1.445045	1.703608	0.401627	2.387502
22842	-3421.895	-3588.281	166.3854	1.442116	2.264182	0.4890886	2.466467
22848	-3425.726	-3592.652	166.9263	1.475125	1.63432	0.3799433	2.469471
22854	-3425.985	-3591.682	165.6969	1.425926	2.139407	0.7259414	2.731985
22860	-3432.837	-3598.874	166.0366	1.487234	2.139407	0.7259414	2.483873
22866	-3427.71	-3594.173	166.4628	1.46298	2.139407	0.6470782	2.295536
22872	-3450.509	-3617.419	166.9106	1.617827	1.872183	0.7413886	1.921853
22878	-3449.069	-3615.643	166.5742	1.527485	1.872183	0.6073963	2.318864
22884	-3435.389	-3601.661	166.2718	1.489313	2.111951	0.5282	2.520088
22890	-3440.358	-3607.043	166.6858	1.501071	1.634069	0.6073963	2.363303
22896	-3449.134	-3615.919	166.7853	1.428453	2.037183	0.4337901	2.363303
22902	-3442.814	-3609.587	166.7735	1.484341	1.962035	0.4337901	2.363303
22908	-3427.637	-3593.72	166.0824	1.459617	1.903443	0.3911242	2.877567
22914	-3440.064	-3606.669	166.6045	1.476106	1.903443	0.578933	2.346651
22920	-3440.619	-3608.449	167.8298	1.743815	1.79848	0.359684	1.647173
22926	-3437.684	-3605.403	167.7189	1.709671	1.720496	0.359684	1.785285
22932	-3433.479	-3600.406	166.9275	1.572939	1.720496	0.359684	2.396591
22938	-3427.737	-3594.892	167.1547	1.510587	1.916715	0.359684	2.212017
22944	-3425.253	-3592.204	166.951	1.481373	1.916715	0.359684	2.361052
22950	-3419.866	-3586.287	166.4209	1.545849	2.290699	0.359684	2.521087
22956	-3436.759	-3604.189	167.4303	1.551794	1.760336	0.4478013	1.956769
22962	-3441.031	-3607.781	166.7501	1.484581	1.760336	0.4314412	2.459622
22968	-3427.146	-3594.448	167.3024	1.484581	1.796713	0.4314412	2.090458
22974	-3425.244	-3592.727	167.4835	1.539912	1.62977	0.4314412	2.007265
22980	-3421.765	-3589.226	167.4604	1.540622	1.573846	0.4314412	2.04802
22986	-3430.409	-3598.074	167.6649	1.602935	1.727694	0.4314412	1.796705
22992	-3416.156	-3583.721	167.5652	1.667797	1.727694	0.4507571	1.796705
22998	-3416.039	-3584.119	168.0801	1.667797	1.727694	0.3867088	1.513308
23004	-3426.716	-3594.898	168.1826	1.883187	1.727694	0.4361922	1.185499
23010	-3422.352	-3589.861	167.5094	1.626594	1.710012	0.5009792	1.812403
23016	-3423.542	-3590.998	167.4558	1.649503	1.73239	0.3603287	1.998775
23022	-3421.136	-3588.681	167.5452	1.772844	1.901453	0.537864	1.553827
23028	-3428.872	-3596.728	167.8559	1.743295	1.901453	0.3786693	1.553827
23034	-3427.246	-3595.087	167.8413	1.757863	1.901453	0.3786693	1.553827
23040	-3430.845	-3598.499	167.6545	1.66487	1.585266	0.3786693	1.896991
23046	-3427.726	-3594.919	167.1938	1.551474	1.585266	0.4484298	2.190052
23052	-3439.808	-3605.456	165.6488	1.293108	2.124398	0.3344662	3.229092
23058	-3439.399	-3605.223	165.8238	1.439356	2.124398	0.5825018	2.771396
23064	-3435.377	-3602.599	167.2227	1.608998	1.844454	0.5478833	1.909932
23070	-3432.185	-3599.431	167.2462	1.608998	1.807257	0.5478833	1.909932
23076	-3438.797	-3605.943	167.1455	1.634164	2.420363	0.3919437	1.909932
23082	-3423.06	-3590.194	167.1335	1.691922	2.420363	0.4533014	1.800562
23088	-3421.939	-3589.291	167.3514	1.752339	2.420363	0.317516	1.794666
23094	-3429.32	-3596.339	167.0195	1.693636	2.420363	0.4500828	1.881599
23100	-3429.743	-3596.677	166.9337	1.347447	1.877274	0.4500828	2.362471
23106	-3422.905	-3589.182	166.277	1.456679	2.348249	0.3606813	2.645686
23112	-3414.681	-3580.937	166.2559	1.46774	2.075865	0.394573	2.700946
23118	-3417.775	-3584.691	166.916	1.52229	2.074129	0.394573	2.253555
23124	-3424.727	-3590.517	165.7891	1.401925	2.074129	0.82095	2.641979
23130	-3422.817	-3589.619	166.802	1.556774	1.974534	0.5394486	2.179398
23136	-3429.083	-3595.658	166.5749	1.621768	2.126219	0.5394486	2.227785
23142	-3429.29	-3596.619	167.3292	1.663693	1.63369	0.4160828	2.044612
23148	-3423.345	-3589.647	166.302	1.424174	2.157306	0.5206499	2.533662
23154	-3425.494	-3591.423	165.9291	1.339537	1.87061	0.5206499	2.91649
23160	-3437.284	-3601.892	164.6086	1.461796	2.359634	0.5206499	3.463982
23166	-3432.064	-3598.696	166.6318	1.461796	1.727593	0.4659249	2.522823
23172	-3428.433	-3595.186	166.7524	1.49847	1.727593	0.5259005	2.361146
23178	-3426.436	-3592.585	166.149	1.412424	2.330851	0.5516754	2.547866
23184	-3419.585	-3585.788	166.2029	1.349128	1.846125	0.5516754	2.723817
23190	-3431.843	-3596.635	164.7914	1.259124	1.846091	0.5866096	3.585682
23196	-3424.231	-3588.197	163.9659	1.191201	1.974536	0.5389923	4.096056
23202	-3413.907	-3578.082	164.1754	1.207957	1.974536	0.5262467	3.978474
23208	-3421.893	-3586.448	164.5546	1.215145	1.974536	0.6303444	3.666671
23214	-3426.881	-3591.641	164.7606	1.348021	1.974536	0.469022	3.615477
23220	-3421.538	-3585.84	164.3025	1.104434	1.974536	0.469022	4.019273
23226	-3428.881	-3593.216	164.3356	1.09617	1.75913	0.469022	4.081228
23232	-3438.743	-3603.919	165.1759	1.129263	1.75913	0.469022	3.578888
23238	-3432.454	-3598.008	165.5536	1.208989	1.652554	0.5393889	3.284853
23244	-3440.368	-3605.968	165.6006	1.301763	2.408016	0.5890181	2.892968
23250	-3418.284	-3582.38	164.0958	1.102985	1.932793	0.5458917	4.080402
23256	-3424.818	-3590.683	165.8643	1.21823	1.666379	0.4133549	3.217994
23262	-3420.977	-3587.225	166.2479	1.334724	1.536774	0.4983382	2.883242
23268	-3428.648	-3594.783	166.1343	1.337613	1.832323	0.4983382	2.829912
23274	-3433.248	-3599.688	166.4395	1.504906	2.008304	0.4983382	2.472971
23280	-3423.483	-3590.542	167.059	1.376333	1.464974	0.3858555	2.516819
23286	-3430.206	-3595.574	165.3682	1.408965	2.071674	0.4738437	3.1855
23292	-3434.078	-3600.147	166.0693	1.385078	1.904456	0.4738437	2.838569
23298	-3432.28	-3596.701	164.421	1.269876	1.904456	0.4738437	3.876094
23304	-3433.981	-3599.09	165.1092	1.28217	2.06695	0.4738437	3.414485
23310	-3439.782	-3604.353	164.5711	1.117488	2.142375	0.5781418	3.701618
23316	-3441.228	-3606.002	164.774	1.162832	2.095825	0.5781418	3.572817
23322	-3444.916	-3609.51	164.5942	1.162355	2.095825	0.5475047	3.704362
23328	-3431.966	-3597.271	165.3057	1.29389	2.121868	0.6200771	3.138861
23334	-3426.273	-3591.987	165.7145	1.298407	1.49166	0.4505114	3.291826
23340	-3427.693	-3593.445	165.7521	1.373564	1.811417	0.5078733	3.037148
23346	-3450.556	-3615.987	165.4314	1.370714	2.614952	0.3003532	3.207889
23352	-3437.251	-3603.183	165.9326	1.365176	2.005426	0.4556662	2.915946
23358	-3422.526	-3588.561	166.0353	1.419256	2.279641	0.4972079	2.684414
23364	-3425.519	-3591.463	165.9438	1.386755	2.815707	0.4972079	2.600369
23370	-3431.958	-3598.062	166.1042	1.42675	2.815707	0.4972079	2.475607
23376	-3435.926	-3601.921	165.9951	1.597638	2.255415	0.5716484	2.534185
23382	-3423.287	-3588.976	165.6891	1.377316	2.040575	0.5214918	2.976322
23388	-3423.567	-3589.084	165.5169	1.295175	1.756252	0.4456355	3.307475
23394	-3431.122	-3596.468	165.3464	1.330123	2.186429	0.5669837	3.118136
23400	-3441.735	-3607.681	165.9462	1.392699	1.549063	0.5682155	2.958274
23406	-3422.817	-3588.321	165.5043	1.299765	2.16093	0.4513144	3.163158
23412	-3420.276	-3586.307	166.0305	1.308445	2.135494	0.4513144	2.850796
23418	-3423.212	-3589.273	166.0608	1.411174	2.251057	0.3875056	2.804126
23424	-3430.549	-3596.461	165.9127	1.415197	2.251057	0.4454443	2.825596
23430	-3432.011	-3598.467	166.4554	1.465505	2.251057	0.4454443	2.459757
23436	-3429.907	-3596.661	166.7539	1.498542	1.918638	0.5748611	2.234727
23442	-3417.818	-3583.872	166.0538	1.355169	1.770792	0.6079369	2.789158
23448	-3420.604	-3586.007	165.4034	1.283307	1.682595	0.5008896	3.354027
23454	-3426.868	-3592.788	165.9197	1.388842	2.516001	0.4577625	2.741545
23460	-3425.187	-3591.429	166.2414	1.391956	1.91801	0.4577625	2.741545
23466	-3434.102	-3600.35	166.2478	1.434263	1.785325	0.4773762	2.741545
23472	-3440.164	-3607.088	166.9239	1.456121	1.79608	0.4773762	2.301705
23478	-3438.84	-3605.536	166.6956	1.518572	1.993795	0.5110852	2.294358
23484	-3442.33	-3608.96	166.6295	1.526216	1.865718	0.5993598	2.294358
23490	-3437.125	-3604.393	167.2682	1.639697	1.77211	0.5993598	1.83655
23496	-3436.268	-3603.517	167.2487	1.529169	1.951408	0.5993598	1.849406
23502	-3436.483	-3603.936	167.4532	1.698668	1.951408	0.4234933	1.789959
23508	-3440.577	-3608.176	167.5984	1.681327	1.864926	0.3491144	1.839498
23514	-3439.971	-3606.596	166.6252	1.629061	1.92517	0.5346589	2.270741
23520	-3442.96	-3609.137	166.1766	1.335795	1.92517	0.5346589	2.734617
23526	-3441.553	-3606.738	165.1848	1.335795	2.187501	0.5346589	3.239904
23532	-3451.537	-3616.996	165.4594	1.346616	1.598058	0.5999822	3.227384
23538	-3441.91	-3607.744	165.8339	1.329787	2.014067	0.4635649	2.985296
23544	-3433.232	-3598.869	165.637	1.276944	2.22535	0.5432793	2.985296
23550	-3429.697	-3595.634	165.9363	1.289777	1.995719	0.5432793	2.87502
23556	-3440.848	-3606.006	165.1587	1.424259	2.312472	0.5432793	3.155354
23562	-3444.717	-3610.076	165.3588	1.338055	2.150333	0.5515621	3.131892
23568	-3432.482	-3597.703	165.221	1.398239	2.81683	0.7370223	2.825139
23574	-3441.931	-3607.585	165.6546	1.358326	2.573077	0.4756308	2.885657
23580	-3430.499	-3596.437	165.9379	1.412987	2.573077	0.5051866	2.649133
23586	-3435.579	-3600.817	165.238	1.489302	2.023334	0.8627533	2.913625
23592	-3430.784	-3596.898	166.114	1.545473	2.216028	0.589691	2.488987
23598	-3430.337	-3596.04	165.7036	1.422043	2.216028	0.5536456	2.850864
23604	-3429.293	-3595.341	166.0482	1.382875	2.547174	0.4434143	2.672731
23610	-3428.789	-3595.209	166.4202	1.461095	1.823333	0.4024284	2.687688
23616	-3424.079	-3590.568	166.4883	1.422436	1.823333	0.4024284	2.669605
23622	-3423.154	-3588.711	165.5573	1.356747	2.039235	0.5264994	3.063284
23628	-3437.298	-3602.973	165.675	1.460472	2.38815	0.4321102	2.913396
23634	-3429.067	-3595.212	166.1456	1.481504	2.008542	0.4779131	2.690923
23640	-3448.888	-3615.211	166.3239	1.533284	2.008542	0.4779131	2.548766
23646	-3439.307	-3606.257	166.9496	1.555382	2.008542	0.4779131	2.136673
23652	-3429.492	-3596.669	167.1778	1.541048	1.902362	0.4779131	2.037725
23658	-3429.486	-3595.79	166.3035	1.477845	2.021456	0.4332928	2.639821
23664	-3421.222	-3587.612	166.3897	1.395481	1.937966	0.4332928	2.667882
23670	-3422.274	-3588.793	166.5188	1.400364	1.937966	0.555504	2.457736
23676	-3423.995	-3590.807	166.812	1.481663	1.943097	0.3755	2.418319
23682	-3421.643	-3589.185	167.5424	1.502746	1.648766	0.3755	2.055377
23688	-3426.978	-3593.805	166.8271	1.398724	1.648766	0.519467	2.41693
23694	-3437.626	-3603.37	165.7443	1.477427	2.217254	0.6384782	2.716344
23700	-3431.028	-3597.661	166.633	1.531967	1.69999	0.6188521	2.338484
23706	-3447.183	-3614.261	167.0783	1.546979	1.764132	0.4381611	2.201562
23712	-3441.868	-3608.683	166.8142	1.360717	1.689321	0.5163361	2.434906
23718	-3446.239	-3613.049	166.8103	1.470536	1.689321	0.5014964	2.383377
23724	-3435.152	-3600.432	165.2802	1.362568	2.355691	0.6264413	3.032767
23730	-3436.423	-3601.881	165.4582	1.389713	2.266494	0.6264413	2.93761
23736	-3438.241	-3604.378	166.1374	1.475858	2.108614	0.6264413	2.521805
23742	-3441.341	-3606.421	165.0805	1.355484	2.256355	0.7880159	3.062479
23748	-3434.924	-3599.704	164.78	1.525868	2.256355	0.9715699	3.019217
23754	-3422.153	-3587.663	165.5102	1.347311	2.137189	0.5748082	3.019217
23760	-3431.618	-3597.988	166.3693	1.526	2.357329	0.5748082	2.306838
23766	-3430.353	-3596.948	166.5945	1.447719	2.231682	0.4555798	2.378514
23772	-3429.61	-3594.402	164.7918	1.14756	2.394041	0.4577989	3.591552
23778	-3425.759	-3590.525	164.7668	1.166665	2.154981	0.4577989	3.668508
23784	-3434.911	-3599.625	164.714	1.132748	2.154981	0.5089692	3.668508
23790	-3444.418	-3608.993	164.5743	1.240229	2.275354	0.6726097	3.509105
23796	-3432.677	-3598.896	166.2188	1.305668	2.025351	0.446962	2.780786
23802	-3436.486	-3601.101	164.6149	1.117873	2.378191	0.5717672	3.608778
23808	-3435.278	-3599.167	163.8894	1.061617	2.378191	0.5717672	4.058318
23814	-3434.437	-3601.272	166.8355	1.358531	1.729818	0.5469293	2.375255
23820	-3435.953	-3602.125	166.1721	1.38058	2.329458	0.4816186	2.623964
23826	-3430.636	-3596.63	165.9941	1.357135	2.277786	0.4816186	2.764305
23832	-3427.564	-3593.931	166.3677	1.406245	1.707471	0.2945107	2.937856
23838	-3430.582	-3596.948	166.3659	1.463535	2.163253	0.3941664	2.606069
23844	-3434.582	-3600.453	165.8711	1.590531	2.696045	0.4928027	2.557383
23850	-3420.312	-3587.641	167.3292	1.595322	2.005841	0.3900879	1.966399
23856	-3441.795	-3609.092	167.2966	1.589879	1.697986	0.3553403	2.164616
23862	-3441.986	-3608.868	166.8829	1.561576	1.697986	0.4653616	2.314578
23868	-3427.55	-3593.911	166.3613	1.341327	1.868581	0.4653616	2.709524
23874	-3434.321	-3600.518	166.1977	1.340251	1.941258	0.5468138	2.701344
23880	-3435.557	-3602.552	166.9943	1.625947	1.674489	0.4651915	2.212085
23886	-3432.966	-3600.099	167.1337	1.690139	2.007655	0.6098457	1.784305
23892	-3433.416	-3600.864	167.4477	1.69859	1.905714	0.3644963	1.891675
23898	-3437.935	-3604.791	166.8555	1.645641	2.495696	0.4045865	2.054799
23904	-3428.924	-3595.667	166.7434	1.515933	1.918904	0.4050368	2.412693
23910	-3438.099	-3604.912	166.8129	1.420764	1.918904	0.4186149	2.412693
23916	-3454.088	-3620.468	166.3808	1.560475	1.929486	0.5918641	2.412693
23922	-3448.052	-3613.949	165.8971	1.42472	2.389964	0.6369831	2.600127
23928	-3442.16	-3609.075	166.9153	1.508075	1.929597	0.5128681	2.182414
23934	-3425.056	-3591.898	166.8426	1.512223	2.179545	0.4303187	2.225911
23940	-3426.149	-3593.038	166.8891	1.579236	1.910197	0.3522254	2.350636
23946	-3435.738	-3602.058	166.3198	1.430213	2.435315	0.4242941	2.531067
23952	-3437.338	-3604.341	167.003	1.514545	2.323548	0.4414393	2.056349
23958	-3429.87	-3595.579	165.7091	1.710654	2.209581	1.044979	2.302964
23964	-3424.935	-3591.686	166.7511	1.495808	1.746396	0.5798202	2.302964
23970	-3424.97	-3591.549	166.5792	1.578963	1.746396	0.5540428	2.384121
23976	-3422.786	-3589.397	166.6115	1.533527	2.028572	0.4838186	2.354314
23982	-3427.689	-3594.31	166.6212	1.569373	2.036954	0.4207776	2.393231
23988	-3433.533	-3600.113	166.5804	1.638384	2.036954	0.7365153	2.066892
23994	-3425.305	-3591.745	166.44	1.510488	2.038443	0.3740403	2.59944
24000	-3427.887	-3594.017	166.1304	1.468743	2.038443	0.3999551	2.783822
24006	-3426.789	-3593.621	166.8315	1.484533	1.507083	0.4110373	2.541443
24012	-3429.278	-3595.395	166.1171	1.523418	2.179779	0.5109328	2.588907
24018	-3438.925	-3605.827	166.9017	1.534507	2.179779	0.5448603	2.046564
24024	-3438.852	-3604.158	165.306	1.314792	2.506531	0.4348014	3.182909
24030	-3440.112	-3604.115	164.0034	1.204377	2.664169	0.4249762	3.971383
24036	-3445.882	-3608.563	162.6813	1.162441	2.236619	0.6394744	4.670372
24042	-3438.915	-3602.968	164.0527	1.204582	2.396225	0.6394744	3.821626
24048	-3445.739	-3610.096	164.3577	1.207403	2.396225	0.6189237	3.660635
24054	-3435.961	-3601.316	165.3557	1.36897	1.922714	0.6746014	3.088647
24060	-3437.914	-3603.902	165.9878	1.316166	2.027764	0.3174517	3.068958
24066	-3440.318	-3606.641	166.3234	1.420331	1.62757	0.3174517	2.95682
24072	-3439.959	-3605.306	165.3467	1.322569	1.62757	0.3174517	3.591223
24078	-3434.869	-3600.388	165.5192	1.34951	1.35751	0.3174517	3.591223
24084	-3433.068	-3600.256	167.1877	1.481063	1.35751	0.3174517	2.512569
24090	-3441.622	-3604.273	162.6518	1.042168	2.523966	0.494803	4.794704
24096	-3438.966	-3602.434	163.468	1.043593	1.775668	0.494803	4.570775
24102	-3431.97	-3595.067	163.0973	1.075913	2.35219	0.4989768	4.570775
24108	-3434.624	-3597.371	162.7472	1.105593	2.162529	0.4989768	4.80674
24114	-3430.922	-3595.538	164.6154	1.224031	1.892909	0.4517626	3.816909
24120	-3421.459	-3587.515	166.0562	1.394992	1.94901	0.4517626	2.847524
24126	-3432.298	-3598.63	166.3324	1.398154	2.100537	0.4517626	2.622697
24132	-3442.328	-3608.783	166.4546	1.46539	2.296869	0.4051377	2.491802
24138	-3431.451	-3598.311	166.8593	1.516557	1.599171	0.3614753	2.524124
24144	-3425.764	-3592.601	166.8364	1.562915	2.289939	0.3715696	2.231888
24150	-3427.054	-3594.344	167.2894	1.567223	2.23485	0.3715696	1.950545
24156	-3421.321	-3588.196	166.8749	1.569162	2.046309	0.3715696	2.289345
24162	-3422.123	-3588.169	166.0461	1.409472	2.60156	0.4012927	2.689726
24168	-3428.492	-3594.175	165.6837	1.369679	2.60156	0.4012927	2.934329
24174	-3438.932	-3604.846	165.9142	1.369679	2.60156	0.4576925	2.731473
24180	-3428.031	-3594.764	166.7331	1.502201	2.344613	0.5315645	2.134636
24186	-3422.695	-3589.624	166.9293	1.651326	2.392467	0.4783631	1.947488
24192	-3427.882	-3595.265	167.3838	1.730912	1.93105	0.319889	1.967094
24198	-3435.946	-3603.797	167.8513	1.704033	1.630962	0.376633	1.714545
24204	-3443.728	-3611.432	167.7039	1.694976	1.700218	0.3787471	1.78827
24210	-3433.693	-3601.085	167.3917	1.70325	1.806293	0.3899684	1.933714
24216	-3429.778	-3596.993	167.2148	1.630659	1.823544	0.5605456	1.896334
24222	-3428.815	-3596.071	167.2556	1.637409	1.74927	0.5605456	1.896334
24228	-3421.168	-3588.866	167.6976	1.637409	1.656837	0.5605456	1.630611
24234	-3417.717	-3584.338	166.6212	1.523726	1.656837	0.5319819	2.451812
24240	-3431.246	-3596.628	165.3821	1.54898	2.156501	0.7042319	2.859867
24246	-3420.688	-3587.259	166.5707	1.359167	1.989205	0.4090347	2.587576
24252	-3434.874	-3601.482	166.6079	1.353123	1.84641	0.4090347	2.621898
24258	-3437.595	-3603.862	166.2667	1.453666	2.280658	0.546158	2.470413
24264	-3433.794	-3600.001	166.2067	1.546396	1.994531	0.8310039	2.311339
24270	-3440.769	-3607.645	166.8768	1.681306	1.840466	0.8310039	1.842125
24276	-3433.696	-3600.71	167.0146	1.624213	1.894924	0.5457486	2.020569
24282	-3428.942	-3595.962	167.0195	1.634332	1.976806	0.5054869	2.020569
24288	-3438.727	-3606.299	167.5724	1.746373	1.997348	0.4621461	1.602977
24294	-3430.814	-3598.631	167.8166	1.673495	1.721819	0.4621461	1.602977
24300	-3426.209	-3593.697	167.4884	1.673495	1.969879	0.4621461	1.72667
24306	-3422.83	-3589.983	167.1525	1.668218	1.732045	0.4621461	2.059674
24312	-3430.881	-3596.853	165.9721	1.317746	1.700545	0.4075381	3.087723
24318	-3429.352	-3595.348	165.9966	1.254205	1.459694	0.454728	3.160693
24324	-3441.385	-3604.892	163.5065	1.188512	1.828789	0.6334289	4.329425
24330	-3434.929	-3599.346	164.4167	1.139582	1.457268	0.5227122	4.079314
24336	-3441.277	-3605.196	163.9193	1.200222	1.464203	0.8452758	4.079314
24342	-3432.433	-3596.46	164.0272	1.088284	1.761459	0.6798258	4.079314
24348	-3438.947	-3604.352	165.4059	1.363505	1.761459	0.6798258	3.118023
24354	-3431.126	-3596.167	165.041	1.267566	2.342495	0.582739	3.273005
24360	-3423.488	-3588.75	165.2622	1.228086	2.281181	0.5206816	3.241203
24366	-3428.072	-3594.005	165.9331	1.258394	2.281181	0.4194853	2.927144
24372	-3428.922	-3593.115	164.1931	1.258394	2.097872	0.5815096	3.849747
24378	-3426.861	-3592.19	165.3291	1.280365	2.036484	0.5815096	3.195088
24384	-3420.603	-3586.373	165.7695	1.325976	2.084875	0.4973987	2.967233
24390	-3429.236	-3595.009	165.7731	1.302436	2.041218	0.5407726	2.952206
24396	-3437.849	-3604.228	166.3789	1.471968	1.7438	0.424649	2.712028
24402	-3430.853	-3596.903	166.0506	1.317766	2.269317	0.424649	2.818105
24408	-3433.456	-3599.62	166.1644	1.352702	2.032925	0.3743386	2.866263
24414	-3426.252	-3592.59	166.3388	1.325608	1.785998	0.3743386	2.868101
24420	-3425.772	-3591.826	166.0535	1.309588	2.24223	0.3743386	2.888949
24426	-3423.638	-3586.147	162.5091	1.12877	1.655338	0.6515309	4.971343
24432	-3432.244	-3597.082	164.8381	1.223825	1.911822	0.6515309	3.501661
24438	-3437.521	-3602.45	164.9287	1.238719	1.911822	0.6515309	3.440068
24444	-3436.366	-3600.482	164.1162	1.282266	2.134127	0.6100386	3.844558
24450	-3434.977	-3600.015	165.0378	1.275687	2.212759	0.5679765	3.323658
24456	-3426.473	-3592.885	166.4121	1.42093	1.939099	0.5664596	2.500816
24462	-3433.755	-3600.508	166.7532	1.476362	1.710195	0.4164396	2.500816
24468	-3432.822	-3599.66	166.8381	1.548829	1.710195	0.4597547	2.35226
24474	-3423.067	-3590.255	167.1881	1.522607	2.186214	0.4103686	2.014943
24480	-3430.194	-3596.699	166.5047	1.543628	2.227158	0.5124986	2.314953
24486	-3424.658	-3591.287	166.6286	1.50647	2.127543	0.4929957	2.314953
24492	-3436.305	-3602.979	166.6746	1.496358	2.127543	0.4220111	2.371581
24498	-3436.494	-3603.079	166.585	1.432975	1.939744	0.3302403	2.650483
24504	-3431.741	-3597.174	165.4322	1.342718	1.939744	0.3302403	3.395915
24510	-3446.668	-3612.017	165.3482	1.318156	2.363144	0.398165	3.239284
24516	-3438.884	-3604.329	165.4454	1.277252	2.310293	0.3833992	3.239284
24522	-3430.212	-3595.517	165.305	1.27976	2.314753	0.4543484	3.240962
24528	-3442.859	-3608.577	165.7185	1.472481	1.925819	0.7274336	2.764848
24534	-3435.422	-3602.13	166.7084	1.486638	1.925819	0.3955988	2.461929
24540	-3432.531	-3599.062	166.5306	1.561428	2.015238	0.7215663	2.170449
24546	-3425.474	-3592.48	167.006	1.461933	2.015238	0.4670181	2.170449
24552	-3436.528	-3603.311	166.7838	1.498787	2.127638	0.4763914	2.238375
24558	-3434.991	-3601.661	166.6693	1.579497	2.127638	0.4964869	2.238375
24564	-3432.816	-3598.814	165.9976	1.303941	2.127638	0.4437884	2.884245
24570	-3431.411	-3596.817	165.4058	1.206686	1.983906	0.4437884	3.343993
24576	-3434.375	-3599.538	165.1635	1.264519	1.895928	0.5124239	3.414494
24582	-3433.115	-3599.218	166.1029	1.35903	2.32349	0.4315737	2.735902
24588	-3433.706	-3600.058	166.3522	1.322715	1.733343	0.4315737	2.815815
24594	-3428.129	-3593.71	165.5804	1.168185	1.890954	0.4449009	3.295629
24600	-3432.636	-3597.696	165.0598	1.352614	1.890954	0.7233034	3.247857
24606	-3435.389	-3601.865	166.4766	1.511571	2.380297	0.5051773	2.309665
24612	-3439.183	-3605.438	166.2551	1.495124	1.858371	0.7179048	2.451842
24618	-3433.095	-3599.173	166.0774	1.391342	2.336568	0.4691542	2.686549
24624	-3423.142	-3588.962	165.8207	1.385127	1.881898	0.5181241	2.952624
24630	-3429.496	-3595.272	165.7759	1.274947	1.881898	0.4657791	3.097892
24636	-3446.41	-3611.86	165.4492	1.325209	2.226423	0.4983589	3.111582
24642	-3445.971	-3612.674	166.7023	1.300161	1.598476	0.6088643	2.493596
24648	-3453.057	-3620.393	167.3367	1.424883	1.454558	0.5897954	2.092337
24654	-3442.592	-3608.347	165.755	1.343663	1.530538	0.7099079	2.992022
24660	-3431.924	-3598.142	166.2181	1.343663	1.530538	0.4967588	2.900128
24666	-3428.086	-3593.641	165.5559	1.193891	1.843573	0.6087652	3.156998
24672	-3425.635	-3589.675	164.0403	1.118693	1.812251	0.7357567	3.994705
24678	-3437.49	-3600.466	162.9757	1.214571	1.856195	0.7357567	4.527926
24684	-3419.214	-3584.147	164.9332	1.178138	1.856195	0.4998349	3.625391
24690	-3425.531	-3589.729	164.1975	1.121861	2.501165	0.4998349	3.877191
24696	-3435.812	-3599.923	164.1105	1.164049	2.501165	0.6322929	3.787274
24702	-3438.176	-3602.135	163.9586	1.104631	2.27321	0.7581486	3.880859
24708	-3442.093	-3605.327	163.2334	1.112087	2.22068	0.6374378	4.394796
24714	-3438.519	-3602.05	163.5306	1.060096	1.879999	0.6030301	4.394796
24720	-3447.77	-3613.901	166.131	1.35845	2.213768	0.5666715	2.616836
24726	-3439.929	-3605.614	165.6848	1.372476	2.213768	0.5836023	2.865661
24732	-3441.281	-3607.74	166.4593	1.394532	2.082289	0.3254171	2.706698
24738	-3430.879	-3596.947	166.068	1.458176	2.082289	0.4793611	2.725226
24744	-3438.743	-3605.224	166.4811	1.392675	1.507424	0.4793611	2.738489
24750	-3436.564	-3602.737	166.1732	1.393476	2.498118	0.3790835	2.678983
24756	-3429.792	-3595.903	166.1106	1.277668	1.882777	0.4122881	2.953485
24762	-3429.641	-3596.526	166.8858	1.348389	1.882777	0.420448	2.424114
24768	-3435.944	-3602.732	166.7886	1.440395	1.521414	0.3767748	2.630266
24774	-3442.901	-3609.263	166.3617	1.43718	1.521414	0.6360912	2.630266
24780	-3441.327	-3606.923	165.5958	1.359601	1.771914	0.6307307	3.042923
24786	-3440.036	-3605.547	165.511	1.418071	1.966911	0.5660091	3.042923
24792	-3434.464	-3601.477	167.0133	1.585396	2.020352	0.4075759	2.153682
24798	-3435.98	-3603.509	167.5289	1.596463	1.928464	0.3699948	1.888907
24804	-3430.016	-3596.806	166.7892	1.46987	2.527948	0.3699948	2.246598
24810	-3428.136	-3594.564	166.4284	1.445823	2.69441	0.5110585	2.278717
24816	-3434.475	-3600.896	166.4212	1.481858	2.571425	0.5855032	2.223281
24822	-3439.603	-3605.881	166.278	1.481858	2.571425	0.4691576	2.432799
24828	-3429.115	-3594.368	165.2531	1.177661	1.758701	0.4738968	3.501031
24834	-3433.76	-3598.968	165.2089	1.112796	2.092154	0.4219216	3.501031
24840	-3430.098	-3595.656	165.5575	1.292064	2.092154	0.5896062	3.025926
24846	-3433.326	-3598.725	165.3986	1.241551	2.092154	0.6575274	3.093657
24852	-3437.175	-3602.206	165.0311	1.134709	2.176705	0.5731428	3.417313
24858	-3439.671	-3604.588	164.917	1.266182	1.912001	0.7093159	3.385769
24864	-3435.128	-3600.812	165.6838	1.311393	2.411402	0.7093159	2.734815
24870	-3435.777	-3601.577	165.8	1.440683	2.411402	0.6354822	2.644838
24876	-3437.636	-3603.404	165.7682	1.354692	2.329941	0.6354822	2.742824
24882	-3431.41	-3596.74	165.3296	1.278119	2.494168	0.6354822	3.004366
24888	-3421.645	-3588.2	166.5556	1.267483	1.679901	0.4579341	2.718187
24894	-3422.373	-3588.598	166.2249	1.333857	1.679901	0.5217432	2.814145
24900	-3427.83	-3592.944	165.1135	1.219477	1.971375	0.5217432	3.434727
24906	-3422.621	-3586.681	164.0601	1.252777	2.422441	0.5957696	3.817836
24912	-3423.393	-3586.488	163.0953	1.218405	2.106505	0.6367361	4.44875
24918	-3429.535	-3594.123	164.5886	1.171893	1.950486	0.5203423	3.775645
24924	-3424.956	-3589.712	164.7559	1.163988	1.950486	0.4764789	3.725631
24930	-3431.262	-3594.701	163.4386	1.065382	2.065311	0.6183353	4.369248
24936	-3423.81	-3587.591	163.7816	1.033825	1.867227	0.4863001	4.375228
24942	-3422.268	-3587.151	164.8833	1.107657	1.616438	0.5638385	3.727365
24948	-3434.714	-3599.838	165.1236	1.133616	1.638413	0.5638385	3.564325
24954	-3432.811	-3598.18	165.3687	1.34749	2.171477	0.5132848	3.149435
24960	-3451.62	-3616.756	165.1364	1.281826	1.827807	0.5751576	3.38768
24966	-3436.76	-3602.413	165.6535	1.232639	1.688182	0.5212795	3.214581
24972	-3450.982	-3616.435	165.453	1.341945	1.522403	0.5772313	3.285572
24978	-3445.439	-3609.583	164.1442	1.322031	2.190603	0.6858795	3.727439
24984	-3451.757	-3616.214	164.4571	1.223058	2.190603	0.5371274	3.727439
24990	-3446.352	-3610.906	164.554	1.305556	2.190603	0.5371274	3.623581
24996	-3442.636	-3608.116	165.4801	1.302344	2.508195	0.474785	3.044087
25002	-3446.555	-3612.452	165.8969	1.460376	2.006313	0.474785	2.859586
25008	-3443.314	-3609.993	166.679	1.497221	2.099847	0.5008358	2.290292
25014	-3438.472	-3605.078	166.606	1.464784	1.49174	0.3727048	2.745863
25020	-3427.156	-3593.694	166.5385	1.374948	1.516126	0.5372579	2.652128
25026	-3440.061	-3607.126	167.0653	1.539994	1.686332	0.3669514	2.335005
25032	-3440.11	-3605.443	165.3333	1.335614	2.08054	0.5546806	3.168883
25038	-3434.84	-3599.805	164.9656	1.300454	2.047626	0.5205008	3.448971
25044	-3442.638	-3607.39	164.7521	1.109579	2.053909	0.5328335	3.670636
25050	-3433.576	-3598.654	165.0774	1.109579	2.366948	0.5328335	3.382113
25056	-3436.688	-3600.517	163.8287	1.119079	2.64696	0.5127987	4.037632
25062	-3433.384	-3597.513	164.1287	1.131888	1.731929	0.5722021	4.094249
25068	-3445.667	-3608.692	163.0246	1.073777	2.429884	0.4562032	4.631525
25074	-3447.536	-3610.751	163.2152	1.013442	2.181558	0.4562032	4.631525
25080	-3435.698	-3601.62	165.9227	1.181238	1.450293	0.4562032	3.250384
25086	-3426.545	-3592.831	166.2863	1.315932	1.705976	0.4452795	2.855813
25092	-3428.348	-3594.537	166.1887	1.269969	1.705976	0.4452795	2.942581
25098	-3432.555	-3599.069	166.5143	1.402133	1.974342	0.3522994	2.671169
25104	-3439.854	-3606.609	166.7554	1.430799	2.072471	0.4322374	2.369684
25110	-3437.954	-3605.438	167.4835	1.464798	1.585017	0.3857592	2.134517
25116	-3428.032	-3595.826	167.7935	1.515201	1.585017	0.4423142	1.821864
25122	-3425.819	-3592.239	166.4204	1.478519	2.246608	0.4794216	2.437804
25128	-3429.873	-3596.127	166.2542	1.299251	1.388534	0.4794216	2.986893
25134	-3435.522	-3600.964	165.4419	1.251777	1.500218	0.6611975	3.284389
25140	-3424.471	-3590.451	165.9796	1.195851	1.581461	0.4049848	3.207077
25146	-3433.807	-3600.001	166.1937	1.303364	1.652293	0.4049848	2.986014
25152	-3426.282	-3592.15	165.8688	1.217714	1.772081	0.466139	3.117504
25158	-3432.32	-3599.13	166.8095	1.3805	1.851404	0.5098801	2.365894
25164	-3439.436	-3606.141	166.7053	1.447839	1.849911	0.6610367	2.246766
25170	-3443.47	-3609.881	166.4108	1.346501	1.804895	0.6097399	2.559912
25176	-3440.017	-3605.609	165.5915	1.234225	1.942969	0.3741582	3.310725
25182	-3429.179	-3595.911	166.7318	1.412594	2.236023	0.4066394	2.369131
25188	-3426.013	-3592.098	166.0855	1.380258	2.252355	0.5008237	2.682755
25194	-3427.648	-3594.022	166.3736	1.386599	2.494038	0.5008237	2.42261
25200	-3430.084	-3596.492	166.4077	1.342907	2.105617	0.6042051	2.456746
25206	-3416.072	-3582.061	165.989	1.322439	2.35497	0.4715429	2.774484
25212	-3418.864	-3584.338	165.4746	1.142222	2.35497	0.517438	3.146496
25218	-3424.138	-3589.672	165.5342	1.295941	1.827738	0.468065	3.246578
25224	-3425.934	-3590.975	165.0408	1.163424	2.277721	0.4213941	3.510858
25230	-3413.281	-3578.258	164.9766	1.342063	2.069529	0.4213941	3.510858
25236	-3424.935	-3590.414	165.4795	1.408105	2.009541	0.6684168	2.965103
25242	-3426.257	-3592.099	165.8419	1.462425	1.771364	0.7290351	2.75325
25248	-3421.63	-3587.487	165.8565	1.347436	2.264186	0.6267124	2.721862
25254	-3434.111	-3600.516	166.405	1.398917	1.674226	0.5425766	2.646266
25260	-3422.114	-3588.073	165.9588	1.286176	1.643175	0.5425766	2.998807
25266	-3420.777	-3584.49	163.713	1.178519	1.643175	0.5425766	4.362994
25272	-3419.579	-3585.429	165.8494	1.26084	1.717435	0.4824813	3.107926
25278	-3424.836	-3590.164	165.3279	1.283401	2.333182	0.4824813	3.190782
25284	-3426.598	-3592.34	165.7414	1.185697	2.137959	0.4824813	3.065292
25290	-3436.962	-3602.161	165.1988	1.251611	2.298333	0.4722311	3.306919
25296	-3433.384	-3598.249	164.8649	1.314116	2.298333	0.4056155	3.53654
25302	-3426.649	-3591.827	165.1782	1.2705	1.848788	0.5071678	3.424474
25308	-3430.637	-3594.925	164.2881	1.240346	2.109835	0.5071678	3.868249
25314	-3434.493	-3596.681	162.1878	0.9757606	2.82683	0.5865281	4.93149
25320	-3436.053	-3598.506	162.4535	1.020087	2.196306	0.5865281	4.93149
25326	-3438.367	-3601.8	163.4335	1.118889	1.855189	0.5865281	4.438653
25332	-3439.873	-3605.328	165.455	1.163369	2.144992	0.4533093	3.27624
25338	-3451.083	-3616.533	165.4497	1.344204	2.745218	0.5316233	2.913584
25344	-3449.239	-3613.934	164.6954	1.296013	2.745218	0.6039697	3.326346
25350	-3433.324	-3600.355	167.0314	1.602994	1.746982	0.6215188	2.010917
25356	-3441.215	-3608.372	167.1566	1.602994	1.746982	0.6127056	1.935475
25362	-3422.892	-3590.124	167.2318	1.815509	2.036544	0.6127056	1.611052
25368	-3439.379	-3606.716	167.3375	1.847598	2.231412	0.6127056	1.427207
25374	-3432.285	-3599.82	167.5353	1.847598	2.352143	0.4486469	1.427207
25380	-3435.738	-3603.226	167.4878	1.788335	2.352143	0.4913907	1.452425
25386	-3430.191	-3597.448	167.2567	1.584272	1.726502	0.4913907	2.015537
25392	-3428.626	-3595.832	167.2062	1.449657	1.899471	0.4051938	2.166298
25398	-3424.235	-3591.495	167.2594	1.439511	1.723618	0.4221759	2.189978
25404	-3429.911	-3596.26	166.3492	1.496175	1.707017	0.7432508	2.433043
25410	-3426.403	-3593.154	166.7512	1.501632	1.82044	0.4958426	2.352988
25416	-3438.944	-3605.277	166.3334	1.51864	1.785718	0.878308	2.29604
25422	-3451.157	-3617.606	166.4491	1.589836	1.964747	0.7589806	2.193838
25428	-3446.815	-3612.8	165.985	1.198388	1.64419	0.6275874	2.959703
25434	-3430.177	-3596.667	166.4902	1.527586	2.023508	0.4844938	2.435877
25440	-3426.541	-3592.939	166.3975	1.468594	1.911385	0.4844938	2.572268
25446	-3424.682	-3591.121	166.4389	1.462524	1.990935	0.4830921	2.522166
25452	-3425.899	-3591.955	166.0569	1.485862	2.192153	0.5787123	2.579884
25458	-3432.113	-3599.345	167.2316	1.644673	2.192153	0.5787123	1.706439
25464	-3430.757	-3597.986	167.2297	1.750285	2.192153	0.5099951	1.708851
25470	-3428.528	-3595.716	167.188	1.606846	1.930005	0.5664724	1.879942
25476	-3429.417	-3595.865	166.4484	1.579392	2.549808	0.6504445	2.088623
25482	-3428.625	-3594.873	166.2479	1.402091	2.246857	0.6504445	2.430326
25488	-3438.272	-3604.729	166.4563	1.4943	2.246857	0.5368127	2.345692
25494	-3447.491	-3613.276	165.7849	1.434314	2.440313	0.5368127	2.738789
25500	-3432.049	-3597.786	165.7374	1.400769	2.440313	0.5368127	2.788244
25506	-3427.218	-3594.14	166.9217	1.412969	2.440313	0.4168195	2.166679
25512	-3425.879	-3592.18	166.301	1.300305	1.904874	0.5255029	2.696544
25518	-3430.238	-3596.449	166.2115	1.39554	1.904874	0.7496111	2.498687
25524	-3434.926	-3601.504	166.5778	1.425624	1.822496	0.7556736	2.275496
25530	-3428.564	-3594.986	166.4229	1.489438	2.300454	0.595116	2.29563
25536	-3433.93	-3599.856	165.9254	1.441196	2.300454	0.595116	2.637988
25542	-3434.326	-3601.171	166.8446	1.565897	1.875318	0.4071675	2.331182
25548	-3432.623	-3600.018	167.3945	1.717959	2.191959	0.4071675	1.743048
25554	-3433.878	-3601.42	167.5423	1.809971	2.291979	0.5507536	1.343254
25560	-3434.649	-3602.405	167.7553	1.569778	2.086433	0.3763531	1.676886
25566	-3431.367	-3599.226	167.8591	1.751091	2.02105	0.3579511	1.524105
25572	-3439.213	-3606.899	167.6866	1.733776	2.181409	0.3297944	1.64061
25578	-3439.531	-3607.013	167.4814	1.733776	2.181409	0.4979092	1.55788
25584	-3441.923	-3609.428	167.5055	1.731557	2.181409	0.5397964	1.491424
25590	-3430.596	-3598.377	167.7811	1.676846	1.770187	0.4941559	1.563534
25596	-3443.491	-3609.889	166.398	1.422848	1.770187	0.57087	2.569793
25602	-3440.516	-3607.137	166.6211	1.281811	1.482676	0.57087	2.641907
25608	-3430.084	-3595.048	164.9637	1.295926	2.309884	0.57087	3.322344
25614	-3435.619	-3600.48	164.8609	1.15476	2.243417	0.57087	3.485942
25620	-3429.503	-3595.783	166.2793	1.316114	2.266868	0.4596562	2.641301
25626	-3432.814	-3598.237	165.4226	1.276271	2.266868	0.5127713	3.12961
25632	-3433.139	-3598.89	165.751	1.21984	1.891564	0.4501434	3.158336
25638	-3429.509	-3594.495	164.9854	1.224218	1.891564	0.4501434	3.605116
25644	-3435.613	-3601.375	165.762	1.328667	1.932992	0.4501434	3.071978
25650	-3424.793	-3589.834	165.0411	1.233112	2.233451	0.4501434	3.453269
25656	-3419.431	-3584.363	164.9325	1.316059	2.037802	0.4892278	3.492516
25662	-3419.404	-3584.93	165.5263	1.310303	1.740621	0.5081738	3.23593
25668	-3422.022	-3587.274	165.2517	1.382451	2.383256	0.5411585	3.10509
25674	-3431.317	-3597.278	165.9611	1.433624	1.936078	0.5479043	2.789734
25680	-3430.539	-3596.929	166.3905	1.46034	2.216838	0.5129237	2.443071
25686	-3431.404	-3596.382	164.9777	1.206226	2.216838	0.575653	3.391651
25692	-3426.654	-3590.654	164.0008	1.171795	1.923767	0.5146834	4.126613
25698	-3431.938	-3596.142	164.2048	1.174602	2.21042	0.4739097	3.953808
25704	-3430.132	-3595.914	165.7821	1.295062	2.098152	0.4650654	3.006675
25710	-3426.404	-3591.627	165.223	1.226463	1.956537	0.4650654	3.427107
25716	-3435.75	-3601.465	165.7151	1.249178	1.776639	0.4282956	3.228422
25722	-3430.889	-3596.077	165.1883	1.298138	1.776639	0.480596	3.455064
25728	-3427.629	-3592.845	165.2155	1.331597	1.776639	0.480596	3.419559
25734	-3431.734	-3598.109	166.3745	1.409594	1.776639	0.480596	2.679023
25740	-3430.318	-3596.948	166.6302	1.499048	1.940488	0.4445811	2.440316
25746	-3434.988	-3600.998	166.0106	1.499048	2.040979	0.7198075	2.532448
25752	-3436.137	-3602.093	165.9557	1.407775	1.749586	0.8045245	2.669251
25758	-3433.692	-3599.795	166.1034	1.407775	1.682862	0.5143695	2.849056
25764	-3425.727	-3590.236	164.5092	1.199962	1.833955	0.5143695	3.851808
25770	-3441.635	-3605.972	164.337	1.136101	1.818929	0.5008184	4.005154
25776	-3425.367	-3591.417	166.05	1.358199	1.818929	0.4908087	2.881254
25782	-3429.543	-3594.49	164.9479	1.188073	1.781012	0.5185198	3.620953
25788	-3436.845	-3601.226	164.381	1.147852	1.906592	0.5185198	3.925631
25794	-3433.237	-3596.849	163.6118	1.149714	1.906592	0.7610067	4.169935
25800	-3450.818	-3615.318	164.5001	1.283908	2.060938	0.8549103	3.465587
25806	-3431.008	-3596.966	165.9581	1.53391	2.400702	0.5744018	2.547226
25812	-3422.261	-3589.184	166.9224	1.645838	2.194035	0.426347	2.086544
25818	-3420.34	-3587.233	166.8934	1.548395	2.194035	0.426347	2.169213
25824	-3429.03	-3596.129	167.0999	1.548395	2.143301	0.5249193	1.939423
25830	-3423.061	-3590.04	166.9792	1.450738	1.798755	0.5249193	2.218141
25836	-3430.95	-3597.754	166.8039	1.529079	2.283204	0.4686521	2.159715
25842	-3442.815	-3609.916	167.1012	1.477231	2.283204	0.3948635	2.087602
25848	-3433.98	-3600.694	166.7136	1.533115	2.283204	0.5330517	2.146587
25854	-3426.985	-3593.384	166.3994	1.452346	2.161246	0.5330517	2.441327
25860	-3423.675	-3589.599	165.9245	1.261306	2.161246	0.3438932	3.059898
25866	-3431.424	-3595.8	164.3762	1.11387	2.274642	0.3438932	4.012596
25872	-3443.602	-3609.146	165.5432	1.285506	2.132639	0.3394392	3.286918
25878	-3443.726	-3608.413	164.6867	1.2648	2.132639	0.3394392	3.797724
25884	-3448.091	-3614.643	166.5518	1.435794	2.174079	0.3394392	2.573688
25890	-3433.914	-3600.077	166.1629	1.401021	2.718379	0.4301774	2.555514
25896	-3447.836	-3613.922	166.0861	1.41096	2.458464	0.3642794	2.752063
25902	-3449.358	-3615.506	166.1477	1.407833	1.923198	0.4233494	2.824877
25908	-3452.72	-3618.708	165.988	1.467475	2.246349	0.3381279	2.877324
25914	-3440.468	-3606.314	165.8461	1.321474	2.246349	0.5494187	2.819515
25920	-3429.969	-3595.716	165.7469	1.385557	1.754806	0.5494187	3.015274
25926	-3426.551	-3591.849	165.2979	1.234073	1.939741	0.5810962	3.275018
25932	-3433.563	-3601.063	167.4994	1.570015	1.977909	0.4312748	1.826136
25938	-3435.873	-3603.063	167.1899	1.570015	1.809511	0.4312748	2.103061
25944	-3445.897	-3609.347	163.4501	1.10837	1.705928	0.4777843	4.586165
25950	-3437.309	-3599.516	162.2071	1.157483	2.358723	0.6475904	4.895808
25956	-3430.197	-3593.452	163.2546	1.108751	1.885706	0.6475904	4.485474
25962	-3423.98	-3588.846	164.8656	1.255045	1.885706	0.6475904	3.479862
25968	-3428.96	-3592.394	163.4333	1.244551	1.966297	0.6495835	4.278895
25974	-3429.624	-3595.218	165.5947	1.244306	1.973685	0.587649	3.075036
25980	-3443.357	-3608.715	165.3576	1.385461	2.272556	0.5405836	3.075036
25986	-3443.028	-3608.394	165.3668	1.38359	2.182929	0.5263064	3.112904
25992	-3465.929	-3630.952	165.0228	1.266605	2.110568	0.6500126	3.301474
25998	-3451.36	-3617.079	165.7187	1.408361	2.003313	0.4900682	2.983849
26004	-3443.074	-3608.648	165.5738	1.280979	1.632148	0.4973899	3.278645
26010	-3444.151	-3610.392	166.2409	1.464574	2.003313	0.4900682	2.631921
26016	-3435.829	-3602.175	166.346	1.371458	1.949671	0.4900682	2.644115
26022	-3429.24	-3595.867	166.6276	1.396174	2.424647	0.5051422	2.272593
26028	-3438.396	-3605.697	167.3011	1.642522	2.424647	0.3939109	1.793535
26034	-3423.549	-3591.108	167.5589	1.684164	1.888362	0.3929414	1.793535
26040	-3435.269	-3601.768	166.4991	1.601029	2.308898	0.5701424	2.195848
26046	-3433.494	-3599.449	165.9545	1.44308	2.0654	0.4251564	2.867925
26052	-3431.824	-3597.118	165.2939	1.277922	2.258142	0.4251564	3.297388
26058	-3431.598	-3596.259	164.6614	1.262639	2.592505	0.7440993	3.297388
26064	-3426.1	-3591.192	165.0921	1.369685	1.958372	0.6307673	3.2675
26070	-3440.888	-3607.198	166.3097	1.390785	1.658976	0.3841226	2.885199
26076	-3444.655	-3611.32	166.6647	1.349553	1.658976	0.3841226	2.694039
26082	-3442.678	-3608.623	165.9445	1.303496	2.231247	0.4045562	2.926179
26088	-3453.453	-3620.179	166.7261	1.492291	2.231247	0.4045562	2.326224
26094	-3440.791	-3606.845	166.0539	1.461232	2.507016	0.4681221	2.606048
26100	-3437.132	-3602.091	164.9596	1.404476	2.427974	0.8025405	3.042025
26106	-3431.819	-3596.988	165.1693	1.599932	2.31955	0.8437379	2.802424
26112	-3430.341	-3596.224	165.8833	1.472538	2.610175	0.5932808	2.550555
26118	-3425.67	-3592.294	166.6244	1.547315	2.484296	0.6061557	2.055981
26124	-3439.705	-3606.469	166.7643	1.615615	2.766213	0.6061557	1.825825
26130	-3441.863	-3609.042	167.1783	1.669444	2.596724	0.6061557	1.549169
26136	-3450.233	-3617.099	166.8659	1.663752	2.596724	0.6061557	1.776756
26142	-3443.175	-3610.549	167.3741	1.666469	2.01097	0.3368063	1.960058
26148	-3443.224	-3610.543	167.3198	1.567856	1.885279	0.453854	1.960058
26154	-3426.922	-3593.977	167.055	1.546872	2.122742	0.3303561	2.215803
26160	-3440.136	-3607.246	167.1098	1.516744	2.122742	0.319173	2.215803
26166	-3436.347	-3601.05	164.7028	1.407814	2.122742	0.3473218	3.699435
26172	-3442.215	-3607.714	165.4993	1.373151	2.260196	0.2716445	3.312353
26178	-3442.672	-3609.653	166.9811	1.386479	2.202478	0.3359859	2.329902
26184	-3447.804	-3613.881	166.0776	1.522203	2.202478	0.641186	2.484875
26190	-3449.231	-3615.769	166.5377	1.457031	2.610966	0.641186	2.099482
26196	-3432.274	-3598.376	166.1023	1.475141	2.610966	0.4962181	2.506553
26202	-3428.723	-3595.937	167.2139	1.579283	2.089416	0.2541033	2.22136
26208	-3426.387	-3593.351	166.9638	1.468906	2.044532	0.4330752	2.22136
26214	-3430.121	-3596.38	166.2591	1.55091	2.122362	0.4623417	2.554341
26220	-3432.03	-3599.054	167.0248	1.481699	1.82313	0.536872	2.146143
26226	-3435.944	-3602.762	166.8177	1.37975	1.82313	0.397257	2.498077
26232	-3438.547	-3605.453	166.9062	1.401858	1.754867	0.4688242	2.373694
26238	-3424.83	-3591.719	166.8894	1.480443	1.754867	0.3724722	2.448153
26244	-3429.332	-3595.796	166.4638	1.502462	2.024936	0.6929326	2.27182
26250	-3425.996	-3593.03	167.034	1.688765	2.024936	0.5739303	1.883123
26256	-3428.327	-3595.873	167.5454	1.602428	1.624609	0.5739303	1.764585
26262	-3431.748	-3599.764	168.0156	1.625498	1.441612	0.3162881	1.839127
26268	-3436.117	-3603.783	167.6654	1.550933	1.816513	0.4319603	1.79201
26274	-3430.818	-3598.275	167.4567	1.56797	1.816513	0.4319603	1.923158
26280	-3437.365	-3604.915	167.5506	1.750285	1.890079	0.3963973	1.747822
26286	-3441.35	-3609.189	167.8389	1.659815	1.51978	0.4221743	1.747822
26292	-3429.618	-3596.929	167.3105	1.546227	1.888856	0.4777723	1.951453
26298	-3434.663	-3602.346	167.6831	1.664506	1.888856	0.4777723	1.609709
26304	-3434.483	-3602.093	167.6102	1.702838	1.973277	0.4682813	1.609709
26310	-3433.319	-3601.443	168.1246	1.696092	1.387968	0.4068283	1.609709
26316	-3437.2	-3604.861	167.6603	1.622811	1.297839	0.4068283	2.030722
26322	-3440.125	-3607.349	167.2236	1.659746	1.906384	0.5968453	1.797967
26328	-3431.87	-3599.702	167.8329	1.701909	1.604135	0.405382	1.70242
26334	-3431.666	-3599.197	167.531	1.664871	2.24508	0.3792474	1.70242
26340	-3435.276	-3602.871	167.5951	1.646922	2.24508	0.3566037	1.70242
26346	-3436.305	-3603.795	167.4897	1.694047	1.882005	0.5008027	1.70242
26352	-3444.457	-3611.634	167.177	1.701492	2.160291	0.5008027	1.802626
26358	-3440.015	-3606.665	166.6502	1.46168	2.491474	0.5008027	2.198983
26364	-3434.75	-3599.812	165.0624	1.287405	2.922552	0.4356548	3.228941
26370	-3449.186	-3614.255	165.0697	1.235834	1.846798	0.5078918	3.508115
26376	-3437.314	-3601.092	163.7784	1.100056	1.846798	0.5078918	4.326536
26382	-3444.034	-3609.993	165.9591	1.418362	1.939233	0.4335519	2.915514
26388	-3441.337	-3605.9	164.5632	1.238224	1.939233	0.5869602	3.696678
26394	-3452.876	-3617.134	164.2579	1.092673	2.726367	0.4463547	3.850667
26400	-3430.131	-3594.442	164.3103	1.225018	2.303355	0.459139	3.850667
26406	-3439.109	-3602.804	163.6947	1.172424	2.303355	0.4999547	4.192521
26412	-3430.721	-3595.207	164.4861	1.111439	2.16603	0.4144065	3.903944
26418	-3435.735	-3599.329	163.594	1.065676	2.16603	0.397514	4.455025
26424	-3443.817	-3607.953	164.1358	1.095934	1.752698	0.7520739	3.963351
26430	-3446.601	-3610.279	163.6774	1.198257	1.848425	0.4710228	4.362512
26436	-3427.782	-3592.586	164.8036	1.197869	1.730202	0.4710228	3.763582
26442	-3439.143	-3603.76	164.6164	1.257867	1.730202	0.4359017	3.872546
26448	-3437.365	-3602.609	165.2433	1.265242	1.954909	0.4239291	3.436269
26454	-3428.155	-3594.548	166.3937	1.472679	1.954909	0.4097055	2.638639
26460	-3430.428	-3597.033	166.6056	1.509656	1.954909	0.4097055	2.484029
26466	-3423.168	-3590.137	166.9687	1.548906	1.954909	0.4097055	2.228546
26472	-3431.307	-3598.123	166.8159	1.551536	1.954909	0.4097055	2.324781
26478	-3429.468	-3596.777	167.3082	1.722888	2.248816	0.4534564	1.718947
26484	-3424.676	-3592.297	167.6207	1.699315	1.889088	0.3973179	1.733533
26490	-3436.578	-3604.054	167.4758	1.623046	1.994916	0.4967375	1.719184
26496	-3438.114	-3605.53	167.4161	1.784066	1.994916	0.4967375	1.647099
26502	-3438.204	-3605.888	167.6842	1.704211	1.78737	0.4017367	1.724289
26508	-3443.287	-3610.535	167.2475	1.749824	1.851637	0.6143564	1.724289
26514	-3441.376	-3609.21	167.8345	1.810941	2.056575	0.4290101	1.375652
26520	-3445.804	-3612.881	167.0777	1.579516	1.751155	0.4956656	2.121388
26526	-3427.944	-3595.295	167.3501	1.533091	1.529802	0.4523923	2.121388
26532	-3424.311	-3591.003	166.6924	1.459141	2.171395	0.4771968	2.305967
26538	-3424.194	-3590.877	166.6834	1.459141	2.187914	0.4771968	2.305967
26544	-3429.194	-3595.735	166.5412	1.429107	2.187914	0.371381	2.538286
26550	-3433.006	-3599.475	166.4688	1.502272	2.014487	0.371381	2.59864
26556	-3437.795	-3604.483	166.688	1.496602	2.014487	0.3462878	2.498144
26562	-3423.754	-3590.662	166.9082	1.43092	2.014487	0.3937445	2.339945
26568	-3423.921	-3590.658	166.737	1.447091	1.81522	0.3937445	2.513836
26574	-3428.365	-3595.642	167.2767	1.527121	1.81522	0.3732488	2.144949
26580	-3419.568	-3586.228	166.6596	1.501428	1.738301	0.3801591	2.575651
26586	-3422.244	-3588.892	166.6478	1.58808	1.907187	0.3852283	2.456141
26592	-3421.657	-3588.253	166.5954	1.505962	2.09486	0.5486992	2.291039
26598	-3413.595	-3580.474	166.8796	1.505962	1.851372	0.3887213	2.379112
26604	-3424.136	-3590.887	166.7511	1.442263	1.814173	0.5280489	2.360048
26610	-3417.92	-3584.905	166.9845	1.42866	1.814173	0.3717759	2.39779
26616	-3414.981	-3581.223	166.2427	1.399712	2.17474	0.3717759	2.74452
26622	-3425.963	-3592.17	166.2066	1.336711	1.990399	0.4524006	2.775891
26628	-3426.56	-3592.828	166.2673	1.422427	1.977939	0.5053791	2.635206
26634	-3430.229	-3597.325	167.096	1.377383	1.738101	0.4354863	2.313103
26640	-3438.248	-3604.047	165.7987	1.250775	2.289175	0.405094	3.026282
26646	-3443.171	-3608.96	165.7891	1.260327	1.929265	0.405094	3.147344
26652	-3432.166	-3597.528	165.3624	1.221419	1.560787	0.4450075	3.519714
26658	-3432.272	-3597.073	164.8012	1.231217	2.124826	0.5644404	3.519714
26664	-3428.933	-3594.11	165.1768	1.229298	2.048212	0.5644404	3.326362
26670	-3425.309	-3590.991	165.6818	1.261513	2.139559	0.5749903	2.966746
26676	-3439.814	-3605.396	165.5814	1.318437	2.139559	0.5615418	3.005035
26682	-3430.49	-3596.468	165.9776	1.456888	1.758758	0.5323049	2.847748
26688	-3435.213	-3602.115	166.9017	1.491671	1.752319	0.5709015	2.215022
26694	-3433.227	-3599.844	166.6169	1.60161	1.758771	0.5805038	2.315306
26700	-3432.22	-3598.908	166.6881	1.484302	2.101166	0.6163896	2.178241
26706	-3434.713	-3600.71	165.9968	1.365374	2.101166	0.4579789	2.841227
26712	-3435.432	-3602.315	166.883	1.50388	1.553782	0.3729497	2.52262
26718	-3439.24	-3605.697	166.4566	1.448538	1.663089	0.6133201	2.52262
26724	-3427.872	-3594.401	166.5282	1.531497	1.663089	0.6893577	2.359852
26730	-3438.499	-3604.894	166.3946	1.469711	1.760718	0.6893577	2.442381
26736	-3431.525	-3597.861	166.3359	1.605637	2.251503	0.6403854	2.252199
26742	-3429.476	-3596.327	166.851	1.630409	2.211872	0.6403854	1.910692
26748	-3421.516	-3588.236	166.7209	1.630409	2.211872	0.4948794	2.143654
26754	-3421.231	-3587.725	166.4937	1.55274	1.887869	0.4948794	2.457788
26760	-3424.589	-3590.802	166.2126	1.572681	1.887869	0.6561757	2.469569
26766	-3419.32	-3585.88	166.56	1.565012	1.887869	0.4476483	2.4596
26772	-3441.671	-3607.94	166.2684	1.594407	2.51605	0.4847568	2.367868
26778	-3442.473	-3609.243	166.77	1.507231	2.370164	0.4383867	2.201256
26784	-3443.194	-3610.86	167.6664	1.634401	2.043729	0.4383867	1.627027
26790	-3431.948	-3599.255	167.3069	1.718282	2.48468	0.4831482	1.599662
26796	-3435.979	-3603.386	167.4074	1.559987	2.063181	0.4831482	1.79928
26802	-3429.834	-3596.93	167.0955	1.586992	2.063181	0.45802	2.021693
26808	-3437.617	-3604.957	167.3406	1.697587	2.063181	0.4384023	1.804539
26814	-3440.555	-3607.944	167.3886	1.75311	2.063181	0.3215403	1.894015
26820	-3448.425	-3616.03	167.6051	1.536538	2.063181	0.3215403	1.894015
26826	-3443.631	-3610.102	166.471	1.495753	2.957361	0.4266587	2.237836
26832	-3441.387	-3607.945	166.5587	1.477155	2.957361	0.4431965	2.173724
26838	-3427.858	-3594.06	166.2023	1.462689	2.749083	0.4431965	2.468886
26844	-3445.736	-3612.525	166.7889	1.567821	3.515003	0.4431965	1.810062
26850	-3432.448	-3599.949	167.5003	1.629552	1.564493	0.4897521	1.89774
26856	-3425.84	-3593.565	167.7246	1.629552	1.564493	0.4269167	1.81983
26862	-3425.501	-3593.253	167.752	1.672896	1.73478	0.4269167	1.689131
26868	-3434.318	-3601.497	167.179	1.682021	2.390088	0.4269167	1.819483
26874	-3419.213	-3586.781	167.5685	1.645648	2.149378	0.4269167	1.661417
26880	-3433.275	-3600.752	167.4773	1.639042	1.863166	0.4269167	1.84715
26886	-3437.529	-3605.204	167.6749	1.738906	1.955415	0.3966	1.639363
26892	-3426.315	-3594.151	167.8364	1.738906	1.955415	0.3055653	1.66121
26898	-3435.462	-3602.786	167.324	1.543563	1.955415	0.4803898	1.913926
26904	-3437.343	-3604.371	167.0281	1.526207	2.071401	0.4454756	2.117763
26910	-3443.43	-3611.193	167.7631	1.670537	1.904396	0.4826218	1.533612
26916	-3428.229	-3594.68	166.4511	1.436954	1.837067	0.3922089	2.690373
26922	-3444.276	-3611.075	166.8	1.376038	1.862748	0.3922089	2.502145
26928	-3430.369	-3595.885	165.5167	1.255186	1.944831	0.3739338	3.342026
26934	-3421.528	-3586.455	164.9272	1.341957	1.944831	0.6853547	3.342026
26940	-3446.298	-3612.137	165.8395	1.255722	1.512142	0.5626652	3.125075
26946	-3445.542	-3611.586	166.044	1.403121	2.157982	0.4552959	2.77316
26952	-3439.183	-3604.817	165.6335	1.240012	1.955458	0.4552959	3.18772
26958	-3436.976	-3603.393	166.4169	1.533015	1.955458	0.4552959	2.534986
26964	-3425.473	-3592.819	167.3456	1.521049	1.955458	0.4552959	1.943856
26970	-3418.908	-3585.74	166.8311	1.521049	2.192388	0.4552959	2.194049
26976	-3424.34	-3591.104	166.7639	1.508359	2.10239	0.5050565	2.22326
26982	-3433.84	-3599.561	165.7208	1.38667	1.514096	0.6316424	3.056903
26988	-3430.139	-3595.312	165.1733	1.422367	2.32768	0.641689	3.056903
26994	-3423.047	-3588.7	165.6528	1.398759	2.32768	0.642191	2.781365
27000	-3435.491	-3600.661	165.1699	1.48678	2.040025	0.8886254	2.933187
27006	-3427.352	-3591.963	164.6109	1.385748	2.040025	0.6755088	3.476516
27012	-3427.075	-3592.727	165.6524	1.300253	1.895074	0.6755088	2.96143
27018	-3422.902	-3588.909	166.0075	1.360343	1.895074	0.5382521	2.830399
27024	-3428.676	-3595.117	166.441	1.423969	1.895074	0.401388	2.671555
27030	-3447.212	-3613.246	166.0338	1.396772	2.147857	0.5717635	2.670643
27036	-3446.068	-3611.769	165.7008	1.42573	2.248634	0.6095276	2.789169
27042	-3451.237	-3615.961	164.724	1.349742	2.327332	0.7864894	3.256531
27048	-3453.875	-3619.857	165.9813	1.355821	2.385021	0.4229274	2.802385
27054	-3438.983	-3605.537	166.5534	1.522874	2.385021	0.4229274	2.34341
27060	-3431.042	-3597.587	166.5456	1.504428	2.385021	0.5760224	2.19706
27066	-3417.63	-3584.717	167.0874	1.47031	1.492619	0.5649174	2.230714
27072	-3425.349	-3592.821	167.4719	1.47031	1.356058	0.4845584	2.132415
27078	-3422.452	-3589.442	166.9903	1.487595	1.620825	0.4845584	2.305732
27084	-3425.573	-3591.087	165.5138	1.319821	1.999724	0.5051819	3.145472
27090	-3426.667	-3592.811	166.1448	1.401365	1.999724	0.4237943	2.802375
27096	-3426.877	-3593.763	166.8854	1.412341	1.769442	0.4237943	2.425149
27102	-3428.626	-3594.643	166.0175	1.412341	1.970347	0.4148228	2.893583
27108	-3444.423	-3611.171	166.7486	1.429423	1.471727	0.4148228	2.63871
27114	-3435.446	-3602.661	167.2147	1.488895	1.915437	0.4148228	2.116938
27120	-3432.012	-3599.262	167.2502	1.65895	1.775391	0.4148228	2.03923
27126	-3424.983	-3592.533	167.5502	1.65895	1.489649	0.421109	1.962589
27132	-3437.99	-3605.775	167.785	1.656263	1.488061	0.5277344	1.676781
27138	-3440.356	-3607.979	167.6232	1.75827	1.761163	0.5133005	1.600712
27144	-3434.433	-3601.641	167.2079	1.464986	1.630767	0.4870435	2.173043
27150	-3440.339	-3607.148	166.8084	1.464986	1.983362	0.4798473	2.293666
27156	-3425.504	-3592.706	167.2027	1.493655	1.423575	0.4520511	2.293666
27162	-3434.125	-3601.037	166.9122	1.413514	1.423575	0.6130695	2.366748
27168	-3438.16	-3604.408	166.2474	1.299225	1.427626	0.573591	2.882225
27174	-3439.933	-3607.45	167.5171	1.496304	1.427626	0.4734312	2.061577
27180	-3439.975	-3606.573	166.5984	1.496304	1.638398	0.4835229	2.540624
27186	-3433.65	-3600.677	167.0275	1.539411	1.774356	0.4835229	2.18368
27192	-3434.871	-3599.497	164.6265	1.239617	1.774356	0.643774	3.671615
27198	-3430.378	-3596.004	165.6262	1.323226	2.298823	0.4042915	3.084024
27204	-3438.244	-3604.098	165.8534	1.355655	2.057882	0.385085	3.030164
27210	-3459.113	-3625.112	165.9989	1.514377	2.057882	0.5275309	2.693106
27216	-3439.332	-3606.024	166.6917	1.531249	1.810227	0.5275309	2.343348
27222	-3434.284	-3600.965	166.681	1.41783	1.684756	0.4969987	2.504358
27228	-3432.884	-3598.092	165.2077	1.297977	2.165458	0.4969987	3.291845
27234	-3428.259	-3594.108	165.8489	1.422834	2.677519	0.4969987	2.675782
27240	-3440.216	-3606.24	166.0236	1.378475	2.242122	0.4658814	2.761403
27246	-3431.997	-3598.526	166.5293	1.384453	1.932648	0.5446258	2.473722
27252	-3434.493	-3601.627	167.1345	1.527986	2.16183	0.492652	1.958376
27258	-3433.189	-3599.804	166.6153	1.385716	2.231957	0.492652	2.364197
27264	-3436.744	-3602.952	166.208	1.496282	2.789576	0.492652	2.3786
27270	-3447.704	-3615.163	167.4589	1.704924	2.34364	0.4597946	1.579888
27276	-3426.694	-3594.437	167.7433	1.764359	1.88526	0.4597946	1.516543
27282	-3433.337	-3600.636	167.299	1.72219	1.88526	0.4597946	1.862543
27288	-3427.286	-3594.852	167.5659	1.742474	1.88526	0.5136536	1.596474
27294	-3443.519	-3611.031	167.5112	1.705823	2.045678	0.4191683	1.711295
27300	-3443.511	-3610.837	167.3257	1.738212	2.045678	0.4158627	1.822348
27306	-3445.534	-3612.819	167.2846	1.537789	1.923023	0.4158627	2.034349
27312	-3438.241	-3605.33	167.0889	1.537789	1.923023	0.5232981	2.040796
27318	-3424.534	-3591.687	167.1532	1.655959	2.556195	0.3908183	1.845698
27324	-3436.011	-3602.836	166.8252	1.708614	2.556195	0.6572509	1.737332
27330	-3448.321	-3615.801	167.4801	1.605784	2.556195	0.4068594	1.629551
27336	-3449.119	-3617.054	167.9353	1.755617	1.656988	0.4141322	1.551468
27342	-3436.6	-3604.582	167.9826	1.755617	1.809573	0.4338502	1.41254
27348	-3428.398	-3596.239	167.8412	1.797159	1.973712	0.4277601	1.420573
27354	-3434.725	-3602.367	167.6412	1.586597	1.467436	0.536723	1.826973
27360	-3428.953	-3596.408	167.455	1.589021	2.104154	0.536723	1.667664
27366	-3443.669	-3610.245	166.5757	1.599266	1.833823	0.711458	2.196267
27372	-3434.806	-3601.653	166.8476	1.575726	1.935547	0.604306	2.088718
27378	-3436.758	-3603.248	166.4899	1.419201	1.965544	0.5984332	2.413348
27384	-3419.707	-3586.905	167.198	1.548154	1.843196	0.4628439	2.061032
27390	-3425.521	-3592.479	166.9587	1.566186	2.049238	0.4628439	2.12527
27396	-3431.192	-3598.143	166.951	1.468843	1.657411	0.5604288	2.248844
27402	-3434.853	-3601.177	166.3237	1.343994	2.178312	0.5792712	2.506289
27408	-3431.747	-3597.739	165.9918	1.369523	1.844219	0.5792712	2.815372
27414	-3428.991	-3594.834	165.8433	1.303105	1.95424	0.5792712	2.904875
27420	-3430.37	-3596.158	165.7876	1.32403	1.95424	0.5792712	2.925807
27426	-3422.261	-3587.88	165.62	1.322513	2.172739	0.6093718	2.925807
27432	-3429.476	-3595.514	166.0377	1.347649	2.172739	0.4944061	2.76493
27438	-3425.216	-3591.468	166.2526	1.361046	2.172739	0.4944061	2.624788
27444	-3448.405	-3615.604	167.1996	1.665252	1.850602	0.2785344	2.227008
27450	-3448.469	-3615.722	167.2524	1.699665	2.379525	0.2785344	1.974144
27456	-3440.684	-3607.959	167.2753	1.554005	2.379525	0.4183682	1.855931
27462	-3440.143	-3606.588	166.4456	1.554523	2.379525	0.525611	2.281138
27468	-3434.355	-3601.132	166.7773	1.468691	1.955071	0.5143642	2.285274
27474	-3441.322	-3608.237	166.9143	1.501356	1.955071	0.5143642	2.175948
27480	-3441.298	-3608.155	166.8563	1.562142	1.908981	0.5299377	2.175948
27486	-3444.837	-3610.812	165.9754	1.399793	1.908981	0.4998409	2.858347
27492	-3454.954	-3620.981	166.0263	1.336234	2.129935	0.5188429	2.76892
27498	-3448.078	-3613.427	165.3489	1.376997	2.048862	0.6201533	3.08825
27504	-3430.413	-3595.948	165.5354	1.336121	2.048862	0.6638885	2.964713
27510	-3440.932	-3606.28	165.3478	1.383285	2.048862	0.773812	2.964713
27516	-3432.933	-3598.927	165.9938	1.450863	1.646455	0.7885733	2.673279
27522	-3425.399	-3591.304	165.9044	1.429393	1.775036	0.8101794	2.673279
27528	-3433.238	-3599.254	166.0159	1.40561	1.775036	0.4436023	2.939588
27534	-3434.481	-3601.367	166.8863	1.497327	1.448685	0.4436023	2.488871
27540	-3430.88	-3597.917	167.0374	1.495539	1.87019	0.4436023	2.211512
27546	-3441.272	-3608.391	167.1185	1.467585	1.785875	0.4436023	2.211512
27552	-3438.572	-3605.304	166.732	1.393976	1.894636	0.4273659	2.479431
27558	-3449.725	-3616.989	167.2646	1.480497	1.894636	0.4386731	2.069087
27564	-3441.633	-3608.658	167.0251	1.596799	1.895692	0.4386731	2.149388
27570	-3425.675	-3592.563	166.8883	1.604523	1.835945	0.4386731	2.256843
27576	-3423.999	-3591.122	167.1232	1.516846	1.725931	0.4954565	2.143573
27582	-3436.305	-3602.114	165.8085	1.253995	1.891529	0.4143949	3.142721
27588	-3423.49	-3589.746	166.2559	1.326136	1.891529	0.5257117	2.713193
27594	-3430.41	-3596.537	166.1268	1.442132	2.152666	0.5257117	2.627711
27600	-3439.702	-3605.762	166.0595	1.40554	2.068398	0.5091467	2.737094
27606	-3442.585	-3609.231	166.6457	1.529653	1.934291	0.5091467	2.34373
27612	-3440.794	-3608.303	167.509	1.729296	1.947202	0.4739577	1.667628
27618	-3437.319	-3605.398	168.0794	1.790879	1.70142	0.3994483	1.414687
27624	-3430.484	-3598.076	167.5921	1.65295	1.600801	0.4396228	1.861255
27630	-3432.444	-3599.522	167.0785	1.507965	2.123014	0.4396228	2.084463
27636	-3432.236	-3598.626	166.3907	1.389205	1.744257	0.5739619	2.602724
27642	-3440.663	-3606.257	165.5935	1.520537	2.319348	0.715563	2.686054
27648	-3433.69	-3599.329	165.6386	1.315716	2.49578	0.6428391	2.788236
27654	-3428.366	-3594.148	165.7816	1.304566	1.921136	0.4485182	3.08067
27660	-3429.04	-3594.704	165.6641	1.336419	1.818461	0.4485182	3.169435
27666	-3429.538	-3595.511	165.9725	1.35496	1.818461	0.4485182	2.97419
27672	-3435.612	-3601.7	166.0886	1.344652	1.727284	0.4226709	2.97419
27678	-3435.562	-3600.731	165.1688	1.231566	1.859204	0.5340417	3.42368
27684	-3430.87	-3596.374	165.5034	1.338534	2.019729	0.5559961	3.085568
27690	-3413.559	-3578.033	164.4739	1.241449	2.010315	0.5559961	3.748947
27696	-3429.721	-3594.81	165.0888	1.182613	1.820408	0.5559961	3.493283
27702	-3426.801	-3592.472	165.6713	1.313008	2.022782	0.5559961	2.999312
27708	-3431.986	-3597.653	165.6674	1.339975	1.795215	0.31734	3.328787
27714	-3449.393	-3615.07	165.6771	1.325423	1.795215	0.319479	3.328787
27720	-3435.056	-3601.064	166.0079	1.276245	1.381021	0.5646066	3.069753
27726	-3432.509	-3597.493	164.9834	1.212516	1.577047	0.5994293	3.594018
27732	-3429.463	-3592.617	163.1544	1.133194	1.89078	0.5994293	4.564581
27738	-3430.558	-3593.784	163.2261	1.0615	1.89078	0.5994293	4.564581
27744	-3436.246	-3600.243	163.9973	1.329649	1.98579	0.5994293	3.943148
27750	-3437.098	-3601.41	164.3124	1.193335	1.98579	0.4150701	4.014536
27756	-3437.482	-3602.702	165.2193	1.230597	1.785774	0.5831448	3.37776
27762	-3435.957	-3600.723	164.7652	1.265587	1.815226	0.7120981	3.507901
27768	-3433.363	-3598.715	165.352	1.31883	1.815226	0.726792	3.119937
27774	-3435.294	-3599.004	163.7097	1.216164	2.318238	0.726792	3.968401
27780	-3436.658	-3601.06	164.4021	1.211574	2.318238	0.726792	3.57187
27786	-3423.998	-3587.353	163.3554	1.175843	2.299199	0.7298982	4.196724
27792	-3439.854	-3604.168	164.3144	1.174588	2.215379	0.4310452	3.933021
27798	-3433.86	-3599.122	165.2614	1.144597	2.215379	0.4519	3.379937
27804	-3441.941	-3606.552	164.6111	1.228184	2.647075	0.729542	3.342816
27810	-3438.289	-3603.192	164.9029	1.342205	2.647075	0.568257	3.234657
27816	-3443.36	-3608.964	165.6043	1.495598	2.647075	0.568257	2.720743
27822	-3437.632	-3604.038	166.4053	1.383846	1.721293	0.5464075	2.632326
27828	-3439.455	-3605.272	165.8171	1.515827	1.75372	0.95398	2.58475
27834	-3430.095	-3597.318	167.223	1.714303	2.009396	0.3315732	2.037105
27840	-3435.05	-3601.793	166.7434	1.540168	2.009396	0.6158551	2.140644
27846	-3444.767	-3610.794	166.0275	1.529729	2.25347	0.5238363	2.6029
27852	-3443.912	-3610.422	166.5095	1.401253	1.482295	0.5238363	2.682145
27858	-3442.362	-3609.266	166.9043	1.529456	1.672421	0.5238363	2.270084
27864	-3438.631	-3602.565	163.9347	1.265844	2.126652	0.6004032	3.968433
27870	-3444.771	-3610.183	165.4124	1.353368	2.041222	0.583737	3.098565
27876	-3449.131	-3613.959	164.8277	1.264847	1.812629	0.6652312	3.508863
27882	-3443.557	-3609.406	165.8488	1.561384	2.12893	0.6094262	2.655563
27888	-3454.434	-3620.957	166.5238	1.632529	2.190507	0.4260474	2.354057
27894	-3435.342	-3601.919	166.577	1.541383	1.696732	0.6360489	2.354057
27900	-3429.892	-3596.68	166.7882	1.467715	2.240922	0.3717239	2.340194
27906	-3431.372	-3598.063	166.6911	1.499684	2.037595	0.3717239	2.452809
27912	-3432.585	-3599.386	166.8007	1.457808	2.045748	0.4701445	2.290538
27918	-3430.033	-3596.958	166.9246	1.520131	1.751451	0.4701445	2.286625
27924	-3436.548	-3603.091	166.5426	1.60183	2.492	0.3982931	2.295468
27930	-3425.378	-3592.512	167.1338	1.564694	2.425125	0.3982931	1.954805
27936	-3425.427	-3592.496	167.0689	1.669213	2.618612	0.3808594	1.887213
27942	-3428.916	-3596.229	167.3131	1.669213	2.228027	0.3821933	1.853303
27948	-3429.404	-3596.01	166.6059	1.548218	2.054832	0.4434546	2.383518
27954	-3438.302	-3604.948	166.6464	1.502328	2.054832	0.446474	2.383518
27960	-3440.468	-3606.125	165.6578	1.303284	2.054832	0.420888	3.138223
27966	-3441.613	-3607.101	165.4877	1.297962	2.123274	0.4288219	3.210588
27972	-3434.812	-3600.266	165.4539	1.345263	2.123274	0.4288219	3.202565
27978	-3435.536	-3600.642	165.1058	1.298204	2.123274	0.4269482	3.437277
27984	-3438.228	-3604.411	166.1829	1.390206	1.943915	0.5519106	2.673899
27990	-3431.789	-3596.87	165.0811	1.209693	2.007412	0.5600489	3.411866
27996	-3435.542	-3600.372	164.83	1.340001	2.007412	0.401053	3.640481
28002	-3418.723	-3583.79	165.0666	1.162867	2.007412	0.6235287	3.393165
28008	-3429.527	-3593.482	163.9548	1.253638	2.253559	0.77401	3.792297
28014	-3432.648	-3597.476	164.8273	1.166579	2.080871	0.7117187	3.436735
28020	-3422.946	-3586.814	163.8675	1.159527	2.080871	0.5271285	4.145637
28026	-3421.415	-3585.67	164.2551	1.155438	2.080871	0.4782825	3.972864
28032	-3426.201	-3591.002	164.8015	1.126326	2.080871	0.5275642	3.628257
28038	-3441.457	-3604.693	163.2359	1.205747	2.080871	0.5275642	4.476395
28044	-3420.125	-3585.83	165.7049	1.270304	1.983685	0.4204554	3.154955
28050	-3431.01	-3596.166	165.1558	1.342472	1.983685	0.7272731	3.160934
28056	-3431.96	-3597.156	165.1959	1.341685	2.056526	0.456579	3.349805
28062	-3432.667	-3597.175	164.5083	1.240781	2.174251	0.6235837	3.618121
28068	-3434.14	-3599.355	165.2144	1.467135	1.802252	0.6235837	3.200422
28074	-3425.386	-3592.872	167.4867	1.503545	1.50759	0.5492795	1.95499
28080	-3429.37	-3596.367	166.997	1.640961	2.052756	0.5492795	1.95499
28086	-3435.313	-3601.737	166.4235	1.619807	2.052756	0.6998722	2.206056
28092	-3442.712	-3607.415	164.7026	1.198958	2.619736	0.5129737	3.494844
28098	-3443.59	-3609.027	165.4378	1.298275	2.186947	0.5129737	3.132914
28104	-3437.221	-3602.795	165.5747	1.463192	2.321627	0.5686002	2.856232
28110	-3432.751	-3597.425	164.6743	1.136127	2.321627	0.5686002	3.583382
28116	-3441.953	-3606.304	164.351	1.2305	2.321627	0.6679194	3.634131
28122	-3446.575	-3611.797	165.2223	1.371989	2.247964	0.5914121	3.12558
28128	-3441.388	-3607.299	165.9109	1.41377	2.247964	0.5914121	2.684294
28134	-3432.562	-3596.433	163.8707	1.223757	2.226202	0.5340324	4.05521
28140	-3434.847	-3598.289	163.4418	1.219803	2.226202	0.5340324	4.30108
28146	-3432.424	-3598.287	165.8638	1.264348	2.154585	0.4431675	2.980416
28152	-3420.183	-3586.258	166.0755	1.312893	2.074162	0.5026385	2.788406
28158	-3431.57	-3597.688	166.1179	1.342131	2.074162	0.3355829	2.935365
28164	-3444.291	-3610.117	165.8253	1.419399	2.142786	0.4169391	2.943183
28170	-3433.448	-3599.42	165.9726	1.398821	2.178295	0.4310126	2.838932
28176	-3424.575	-3590.782	166.2068	1.4526	2.199044	0.4310126	2.655968
28182	-3442.288	-3609.134	166.8459	1.622189	2.199044	0.4255922	2.151243
28188	-3439.928	-3606.576	166.6481	1.655291	2.199044	0.4255922	2.257761
28194	-3443.699	-3610.003	166.3048	1.584518	2.199044	0.7082015	2.245628
28200	-3421.157	-3588.818	167.6608	1.719844	2.154968	0.3789595	1.605525
28206	-3425.981	-3592.907	166.9256	1.576229	2.090875	0.4948091	2.089066
28212	-3438.909	-3605.968	167.0592	1.612605	1.745075	0.4076958	2.216074
28218	-3425.66	-3593.031	167.3704	1.612605	1.745075	0.3960574	2.027052
28224	-3439.301	-3607.177	167.8758	1.66827	1.954994	0.3960574	1.545351
28230	-3437.1	-3604.72	167.6199	1.736483	2.081799	0.4435646	1.563859
28236	-3440.731	-3608.521	167.7899	1.736483	1.952006	0.3826021	1.57908
28242	-3436.694	-3604.667	167.9725	1.841061	2.240835	0.3616673	1.263421
28248	-3436.664	-3604.776	168.112	1.96276	1.878794	0.3364499	1.263421
28254	-3434.589	-3602.726	168.1377	1.93699	1.878794	0.3364499	1.263421
28260	-3436.791	-3604.265	167.4738	1.825391	2.279751	0.4233897	1.553184
28266	-3432.226	-3599.819	167.5928	1.7033	2.279751	0.4272771	1.550197
28272	-3435.615	-3603.25	167.6348	1.737091	2.213609	0.3412605	1.645025
28278	-3436.866	-3604.304	167.4373	1.630792	1.849374	0.3412605	2.000478
28284	-3436.168	-3603.537	167.3686	1.6315	1.960789	0.3412605	2.000478
28290	-3437.099	-3604.443	167.3441	1.569957	1.738014	0.4575598	2.000478
28296	-3438.208	-3604.97	166.7623	1.569957	1.738014	0.4086041	2.434188
28302	-3439.527	-3606.158	166.6308	1.566571	1.559532	0.4086041	2.59445
28308	-3434.628	-3601.342	166.7141	1.471273	1.75989	0.4086041	2.517331
28314	-3445.213	-3611.066	165.853	1.437228	2.133896	0.4589426	2.872706
28320	-3446.943	-3613.976	167.0339	1.695186	2.249334	0.3582849	2.048572
28326	-3444.336	-3611.564	167.2275	1.766869	2.249334	0.2529716	2.034181
28332	-3441.389	-3608.236	166.8469	1.587951	2.112773	0.2528462	2.443131
28338	-3443.905	-3611.843	167.9381	1.788278	1.79926	0.4755725	1.369409
28344	-3432.456	-3600.461	168.0045	1.815678	1.656756	0.4755725	1.369409
28350	-3430.112	-3597.788	167.6753	1.839737	1.976818	0.4755725	1.448677
28356	-3435.212	-3602.636	167.4243	1.771973	2.295144	0.4755725	1.554598
28362	-3440.83	-3608.623	167.7939	1.769376	2.119436	0.3674655	1.50259
28368	-3441.569	-3609.266	167.6977	1.725165	2.119436	0.3674655	1.606133
28374	-3451.422	-3619.222	167.8003	1.711729	1.853673	0.3523904	1.677262
28380	-3447.191	-3613.901	166.7096	1.426756	1.60051	0.5247717	2.488658
28386	-3460.806	-3626.912	166.1062	1.360121	2.171637	0.3666382	2.859068
28392	-3443.343	-3609.619	166.2758	1.402382	1.756934	0.4180484	2.819693
28398	-3440.152	-3606.481	166.3296	1.485538	2.052738	0.4422726	2.597704
28404	-3435.23	-3602.008	166.7784	1.415747	2.273801	0.4422726	2.282531
28410	-3431.618	-3598.362	166.7441	1.448352	1.700306	0.4778995	2.459353
28416	-3435.234	-3602.032	166.7976	1.503083	1.647739	0.4664504	2.425971
28422	-3433.985	-3600.629	166.6437	1.578148	1.939564	0.4664504	2.357798
28428	-3435.65	-3603.145	167.4953	1.578148	1.556154	0.4664504	1.966609
28434	-3425.923	-3593.757	167.8342	1.678819	1.706426	0.3849734	1.696692
28440	-3419.716	-3587.647	167.9315	1.804359	1.757728	0.3849734	1.510198
28446	-3427.407	-3595.153	167.7468	1.780272	1.791362	0.3916695	1.637701
28452	-3426.419	-3594.463	168.044	1.703396	1.736282	0.3916695	1.502138
28458	-3430.017	-3597.653	167.6366	1.78036	1.801822	0.3640044	1.750397
28464	-3444.636	-3612.387	167.751	1.78036	1.70359	0.3399448	1.750397
28470	-3437.357	-3605.065	167.7078	1.859858	1.960274	0.4578268	1.439513
28476	-3430.659	-3598.234	167.5746	1.64876	2.076176	0.4578268	1.644417
28482	-3442.506	-3610.275	167.7691	1.649903	2.076176	0.3554952	1.644417
28488	-3440.388	-3608.374	167.9857	1.742484	1.997068	0.3554952	1.449625
28494	-3441.766	-3609.749	167.9834	1.789546	2.298788	0.3756072	1.248072
28500	-3437.244	-3605.157	167.9127	1.863662	1.923207	0.4714262	1.273009
28506	-3443.228	-3611.38	168.1518	1.867187	1.76999	0.4566385	1.170365
28512	-3445.008	-3612.871	167.8628	2.036372	2.310589	0.4566385	0.9897561
28518	-3439.218	-3607.048	167.8294	1.961274	2.310589	0.3454327	1.279832
28524	-3458.569	-3626.298	167.7291	1.961274	2.556682	0.3470635	1.257696
28530	-3444.72	-3612.527	167.8068	1.961274	2.399806	0.3470635	1.257696
28536	-3431.645	-3599.261	167.6157	1.810841	2.246241	0.3470635	1.583746
28542	-3439.761	-3607.496	167.7347	1.789968	2.246241	0.3470635	1.511268
28548	-3446.333	-3614.253	167.9206	1.789968	1.900728	0.3439494	1.524722
28554	-3455.265	-3623.357	168.0925	1.881562	1.683426	0.327101	1.458554
28560	-3446.609	-3614.95	168.3411	1.855056	1.820794	0.327101	1.209011
28566	-3440.945	-3609.126	168.1806	1.861414	1.820794	0.4020876	1.209011
28572	-3447.879	-3616.002	168.1222	1.947061	1.985575	0.375592	1.143177
28578	-3437.42	-3605.123	167.7033	1.881406	1.992964	0.5281793	1.318654
28584	-3435.057	-3602.684	167.6267	1.75782	1.905668	0.5281793	1.513965
28590	-3436.055	-3603.554	167.4989	1.75782	2.222652	0.4180077	1.613843
28596	-3439.148	-3606.705	167.5572	1.75782	2.073771	0.4180077	1.631392
28602	-3448.189	-3615.995	167.8063	1.803238	2.072087	0.4149421	1.417103
28608	-3447.961	-3615.975	168.014	1.746315	1.558519	0.4149421	1.549686
28614	-3452.623	-3619.119	166.4962	1.393914	1.692628	0.4008859	2.736137
28620	-3441.272	-3608.865	167.5935	1.757745	2.446111	0.4149421	1.462057
28626	-3436.678	-3604.691	168.0136	1.757745	1.712859	0.4149421	1.462057
28632	-3429.502	-3597.259	167.7564	1.757745	1.809283	0.4149421	1.606553
28638	-3433.053	-3600.707	167.6545	1.780194	1.809283	0.4149421	1.663741
28644	-3440.812	-3608.719	167.9078	1.880906	1.809283	0.5379717	1.230347
28650	-3430.142	-3598.137	167.9951	1.880906	1.809283	0.4461681	1.285491
28656	-3437.45	-3605.602	168.1525	1.812381	1.750118	0.4461681	1.243496
28662	-3427.465	-3595.612	168.1471	1.833653	2.066859	0.3881573	1.157554
28668	-3435.299	-3603.576	168.2766	1.998244	1.76417	0.294867	1.235155
28674	-3431.931	-3598.134	166.2035	1.406283	2.309139	0.4498153	2.62943
28680	-3434.322	-3601.16	166.838	1.406106	2.08138	0.5263824	2.22682
28686	-3440.494	-3607.386	166.8921	1.516342	2.172115	0.5263824	2.086825
28692	-3430.984	-3597.937	166.9529	1.440469	2.421411	0.3560316	2.212604
28698	-3433.644	-3599.798	166.1547	1.35441	2.818335	0.5404727	2.44481
28704	-3432.057	-3597.145	165.0882	1.300952	2.103204	0.4695603	3.408019
28710	-3436.668	-3601.619	164.9513	1.211584	1.798225	0.5108857	3.606132
28716	-3432.859	-3596.277	163.4186	1.167522	1.703738	0.7061991	4.381378
28722	-3433.215	-3597.185	163.9701	1.206817	2.450613	0.4338852	4.038578
28728	-3431.937	-3596.505	164.5685	1.193728	2.06611	0.4338852	3.820824
28734	-3438.215	-3603.54	165.3258	1.249751	2.02925	0.5241678	3.269938
28740	-3435.264	-3599.789	164.5248	1.236742	2.226262	0.5240412	3.681214
28746	-3442.516	-3608.223	165.7075	1.232243	2.013059	0.4138445	3.173121
28752	-3436.805	-3602.588	165.7839	1.345245	2.037406	0.4138445	3.05185
28758	-3429.943	-3595.511	165.5682	1.323025	2.037406	0.5539637	3.05185
28764	-3430.87	-3596.978	166.1077	1.427038	2.357464	0.4742496	2.633896
28770	-3437.903	-3604.914	167.0114	1.55891	2.160724	0.4429263	2.077376
28776	-3437.616	-3604.421	166.8054	1.529145	2.199555	0.5030175	2.150167
28782	-3447.662	-3613.966	166.304	1.708204	2.078114	0.7820677	2.150167
28788	-3444.323	-3610.754	166.431	1.514041	2.078114	0.7431643	2.224532
28794	-3447.252	-3613.481	166.229	1.489419	1.447578	0.7431643	2.626605
28800	-3460.964	-3627.112	166.1479	1.512108	1.479739	0.7341391	2.654758
28806	-3451.668	-3618.48	166.8124	1.492945	1.70893	0.5922485	2.269587
28812	-3438.243	-3603.165	164.9219	1.237228	2.038738	0.6249586	3.422515
28818	-3444.402	-3608.422	164.0198	1.325794	2.27459	0.7911094	3.694849
28824	-3447.959	-3614.009	166.0501	1.370974	1.918689	0.6559709	2.684005
28830	-3448.879	-3612.498	163.6191	1.181329	2.27459	0.7137691	4.062665
28836	-3436.189	-3600.579	164.3901	1.335613	2.651185	0.4683211	3.632011
28842	-3429.614	-3593.508	163.894	1.333458	2.644032	0.8273479	3.632011
28848	-3423.439	-3587.453	164.0135	1.260153	2.10815	0.8273479	3.764381
28854	-3428.226	-3591.587	163.3604	1.134849	2.28054	0.8273479	4.156024
28860	-3441.231	-3605.023	163.792	1.291886	2.673112	0.7128929	3.787453
28866	-3444.218	-3608.678	164.4606	1.16378	2.304718	0.530746	3.730219
28872	-3437.93	-3602.866	164.9354	1.298555	2.304718	0.6691705	3.256666
28878	-3440.664	-3605.29	164.626	1.397895	2.011872	0.7275414	3.430607
28884	-3441.652	-3606.511	164.8594	1.146195	2.087574	0.5076364	3.599548
28890	-3439.451	-3604.268	164.8176	1.306154	2.087574	0.4389243	3.599548
28896	-3440.811	-3605.422	164.6111	1.27986	2.087574	0.754447	3.463259
28902	-3428.991	-3594.992	166.0011	1.281115	2.087574	0.4620558	2.889999
28908	-3436.441	-3601.722	165.2817	1.329051	2.087574	0.4562836	3.296599
28914	-3434.979	-3600.11	165.1306	1.2799	2.113145	0.6187884	3.254909
28920	-3428.664	-3594.406	165.7414	1.251769	1.962476	0.6187884	2.9596
28926	-3429.787	-3595.698	165.9114	1.410965	1.989619	0.6187884	2.750282
28932	-3427.415	-3594.001	166.5857	1.567136	1.989619	0.453139	2.397367
28938	-3430.642	-3597.066	166.4238	1.397238	1.96371	0.5708677	2.494954
28944	-3431.12	-3596.926	165.8053	1.298547	1.96371	0.496367	3.005533
28950	-3434.618	-3600.249	165.6312	1.435197	2.262638	0.5385142	2.885835
28956	-3428.668	-3593.97	165.3014	1.325689	2.615881	0.4859212	3.094529
28962	-3428.329	-3594.097	165.7678	1.301377	2.313028	0.5586737	2.849168
28968	-3424.034	-3590.304	166.2693	1.444465	1.796649	0.5586737	2.636984
28974	-3419.031	-3584.75	165.7193	1.431422	2.626824	0.6113317	2.65644
28980	-3442.273	-3608.136	165.8628	1.553552	2.392013	0.710888	2.479074
28986	-3434.098	-3600.812	166.7135	1.52346	2.392013	0.580349	2.068403
28992	-3435.942	-3602.635	166.693	1.435276	2.528889	0.3591782	2.344135
28998	-3438.946	-3606.559	167.6125	1.630428	2.163854	0.3829939	1.695047
29004	-3434.972	-3601.171	166.1992	1.458615	2.44965	0.606497	2.398262
29010	-3433.494	-3599.69	166.1963	1.477843	2.44965	0.6219941	2.373949
29016	-3431.155	-3597.754	166.5992	1.442036	1.857039	0.5958173	2.373949
29022	-3421.876	-3587.943	166.0665	1.442036	2.478866	0.6175822	2.473062
29028	-3420.199	-3586.456	166.2565	1.426966	1.838286	0.6577586	2.550991
29034	-3419.579	-3584.318	164.7393	1.248434	1.99516	0.5507847	3.601111
29040	-3427.368	-3592.47	165.1016	1.302003	1.99516	0.6106547	3.30584
29046	-3445.536	-3609.924	164.3885	1.284139	2.260774	0.8910691	3.442759
29052	-3438.368	-3603.617	165.2487	1.284139	2.002019	0.649569	3.194767
29058	-3437.981	-3603.464	165.483	1.203179	1.852007	0.52491	3.266784
29064	-3441.119	-3605.468	164.3489	1.163315	1.778575	0.52491	3.975166
29070	-3439.903	-3603.836	163.9334	1.077896	1.778575	0.5991097	4.196102
29076	-3430.078	-3595.31	165.2311	1.124337	1.345528	0.4331267	3.75859
29082	-3427.324	-3592.368	165.0445	1.274562	1.99157	0.5786385	3.384284
29088	-3433.946	-3599.228	165.2829	1.290545	2.21494	0.3505022	3.396575
29094	-3441.027	-3605.719	164.6921	1.16866	1.977645	0.4392078	3.788192
29100	-3440.867	-3604.517	163.6496	1.070975	1.977645	0.4392078	4.437373
29106	-3432.74	-3597.527	164.7868	1.297423	1.977645	0.4392078	3.65914
29112	-3421.874	-3587.103	165.229	1.244624	1.944462	0.5300541	3.353896
29118	-3439.418	-3604.139	164.7209	1.218277	1.944462	0.5151932	3.67929
29124	-3436.84	-3602.427	165.587	1.247583	1.757289	0.6590071	3.097425
29130	-3427.819	-3593.714	165.8956	1.295429	1.907582	0.3821875	3.097425
29136	-3433.062	-3598.475	165.4133	1.385475	2.107503	0.4132224	3.225255
29142	-3425.247	-3591.228	165.9807	1.388684	2.107503	0.4786923	2.812924
29148	-3423.959	-3590.292	166.3336	1.347079	1.768118	0.4455384	2.78316
29154	-3432.468	-3598.844	166.3756	1.455553	1.618749	0.4455384	2.752263
29160	-3432.972	-3599.064	166.0919	1.360908	1.618749	0.589042	2.841017
29166	-3422.343	-3588.585	166.242	1.365936	1.855159	0.523055	2.713653
29172	-3413.835	-3579.671	165.8361	1.365617	1.928085	0.523055	2.933375
29178	-3418.769	-3585.382	166.6134	1.533988	1.928085	0.4790325	2.395643
29184	-3422.177	-3588.61	166.4329	1.533988	2.282014	0.4889738	2.372774
29190	-3422.171	-3588.413	166.2426	1.399026	2.405243	0.5796766	2.447357
29196	-3432.645	-3598.984	166.3387	1.43967	2.250479	0.5796766	2.411971
29202	-3440.186	-3606.632	166.4458	1.549505	2.250479	0.5567259	2.296222
29208	-3437.222	-3603.723	166.5007	1.510779	1.862421	0.4814119	2.503719
29214	-3439.877	-3606.106	166.2291	1.374726	2.052435	0.5745372	2.594402
29220	-3438.199	-3604.702	166.5037	1.583352	2.500614	0.4559076	2.261431
29226	-3434.989	-3601.665	166.6757	1.520625	2.500614	0.4559076	2.190966
29232	-3434.622	-3601.085	166.4622	1.478997	2.043212	0.3985049	2.573521
29238	-3440.967	-3607.664	166.6968	1.516225	2.438067	0.3985049	2.26845
29244	-3433.582	-3600.046	166.4643	1.411465	2.154856	0.2806394	2.731907
29250	-3446.2	-3612.719	166.5197	1.392589	2.394715	0.3417797	2.544953
29256	-3443.587	-3609.742	166.1551	1.405111	2.394715	0.4772627	2.603183
29262	-3418.373	-3584.065	165.6917	1.424938	2.394715	0.6085553	2.749567
29268	-3423.25	-3588.599	165.3481	1.315584	2.119478	0.4616237	3.249244
29274	-3414.25	-3579.739	165.4887	1.237951	1.975337	0.4616237	3.261099
29280	-3433.13	-3599.417	166.2873	1.437023	1.875182	0.4616237	2.697721
29286	-3435.569	-3600.479	164.91	1.319684	1.851027	0.5601868	3.502689
29292	-3424.306	-3589.653	165.3475	1.32632	1.842819	0.4638439	3.337464
29298	-3436.55	-3602.918	166.3677	1.506995	2.317581	0.5690363	2.338619
29304	-3433.611	-3600.223	166.6117	1.309708	1.832161	0.4334241	2.623834
29310	-3452.614	-3618.999	166.3854	1.488111	1.857651	0.4351702	2.641604
29316	-3444.555	-3611.111	166.5556	1.408868	2.436698	0.4441745	2.37315
29322	-3439.416	-3604.902	165.4859	1.320551	2.651458	0.6553484	2.82226
29328	-3444.21	-3608.4	164.1899	1.276382	2.651458	0.5282836	3.724512
29334	-3449.234	-3613.56	164.3259	1.276382	2.182374	0.5282836	3.783028
29340	-3449.508	-3614.49	164.9816	1.374269	2.182374	0.6640979	3.22738
29346	-3440.899	-3606.219	165.3197	1.403661	2.436313	0.5520339	3.025628
29352	-3436.974	-3603.472	166.4983	1.603305	2.481394	0.4420219	2.274047
29358	-3437.474	-3604.746	167.2716	1.639068	2.216512	0.3944443	1.889996
29364	-3436.616	-3603.545	166.9282	1.679405	2.688555	0.3722052	1.964938
29370	-3431.914	-3598.886	166.9714	1.535187	2.688555	0.3594027	2.049663
29376	-3434.318	-3601.369	167.0504	1.48981	2.056594	0.3594027	2.23987
29382	-3440.127	-3607.166	167.0397	1.57913	2.056594	0.356144	2.193433
29388	-3448.214	-3614.778	166.5638	1.57913	1.688493	0.4410563	2.535682
29394	-3436.656	-3603.117	166.4615	1.506223	1.773348	0.377922	2.683724
29400	-3441.201	-3607.326	166.1251	1.412852	2.260478	0.4995757	2.636928
29406	-3449.305	-3615.598	166.2936	1.410569	2.260478	0.5425756	2.490768
29412	-3442.535	-3608.611	166.0757	1.345214	1.622391	0.5573952	2.887629
29418	-3431.239	-3597.513	166.2741	1.243057	1.911254	0.493269	2.777839
29424	-3424.074	-3590.366	166.2922	1.366955	2.205106	0.446946	2.636314
29430	-3427.749	-3594.239	166.4897	1.450796	2.205106	0.3855649	2.533353
29436	-3440.743	-3606.971	166.2281	1.44735	2.602006	0.3855649	2.57281
29442	-3442.115	-3608.459	166.3442	1.542535	2.602006	0.3855649	2.440796
29448	-3430.009	-3597.222	167.2138	1.558458	2.157541	0.3855649	2.016417
29454	-3427.432	-3594.533	167.1008	1.51096	2.239468	0.4473016	2.016417
29460	-3422.969	-3589.919	166.9502	1.446084	2.466033	0.4473016	2.081534
29466	-3428.85	-3594.908	166.0576	1.47696	2.59175	0.4473016	2.591311
29472	-3440.848	-3607.468	166.6192	1.681541	1.971587	0.4473016	2.316914
29478	-3426.791	-3593.745	166.9545	1.494055	1.987436	0.5563715	2.098687
29484	-3425.326	-3592.133	166.807	1.494055	2.049444	0.3867357	2.360018
29490	-3431.332	-3597.756	166.4236	1.425165	2.049444	0.6566229	2.368657
29496	-3420.508	-3586.532	166.0241	1.39667	2.210897	0.4652179	2.76093
29502	-3443.821	-3610.933	167.1119	1.486132	2.353036	0.3806111	2.069138
29508	-3451.862	-3617.756	165.8933	1.334539	2.314727	0.3777826	2.943231
29514	-3441.997	-3609.148	167.1513	1.559893	2.053183	0.5321413	1.923559
29520	-3443.408	-3609.303	165.8955	1.393953	2.674996	0.6790271	2.49832
29526	-3431.599	-3597.905	166.307	1.473164	2.373968	0.6567371	2.300152
29532	-3448.289	-3615.284	166.9951	1.467808	2.373968	0.3264808	2.224161
29538	-3433.206	-3599.949	166.7438	1.459233	2.048669	0.5675167	2.224161
29544	-3440.041	-3607.225	167.184	1.691094	2.300095	0.3512776	1.942962
29550	-3432.762	-3599.948	167.1856	1.501063	2.226029	0.471294	1.942962
29556	-3426.862	-3593.746	166.8842	1.525001	2.189604	0.4476589	2.166819
29562	-3438.949	-3606.157	167.2086	1.605439	2.189604	0.441148	1.906133
29568	-3434.254	-3601.477	167.2239	1.609449	2.008606	0.441148	1.962072
29574	-3438.19	-3603.499	165.309	1.424026	2.642471	0.4377979	3.073992
29580	-3440.184	-3606.181	165.9973	1.301405	1.825543	0.3734026	3.073992
29586	-3428.306	-3595.167	166.8614	1.582911	1.825543	0.3647534	2.382627
29592	-3444.756	-3611.792	167.0355	1.486465	2.081467	0.4115817	2.175768
29598	-3433.905	-3600.264	166.3586	1.415614	1.84299	0.652884	2.496661
29604	-3440.266	-3606.627	166.361	1.582816	2.026047	0.5248127	2.439757
29610	-3427.76	-3593.979	166.2196	1.371336	2.186284	0.4438908	2.688017
29616	-3435.856	-3601.968	166.1122	1.349025	1.917133	0.4438908	2.861585
29622	-3427.575	-3593.597	166.022	1.457477	2.328399	0.4438908	2.709928
29628	-3438.253	-3603.388	165.1352	1.210263	2.060516	0.4287481	3.49027
29634	-3438.272	-3603.643	165.3702	1.308187	2.434606	0.4968618	3.105744
29640	-3431.949	-3597.392	165.4426	1.231778	2.177126	0.4968618	3.18845
29646	-3427.957	-3593.008	165.0517	1.267193	1.756834	0.6409904	3.416869
29652	-3439.629	-3605.522	165.8929	1.355579	1.539285	0.5902981	2.99704
29658	-3434.365	-3600.885	166.5205	1.438838	1.410128	0.5323418	2.677491
29664	-3432.449	-3598.72	166.271	1.406943	1.983819	0.4448018	2.704169
29670	-3444.698	-3610.141	165.4425	1.255718	1.97902	0.4448018	3.294165
29676	-3435.428	-3601.389	165.9609	1.253907	2.130895	0.4448018	2.934425
29682	-3435.719	-3601.474	165.7552	1.275989	2.260787	0.4803323	2.965004
29688	-3431.955	-3598.066	166.1107	1.307307	2.210008	0.5048339	2.721982
29694	-3448.609	-3613.284	164.675	1.222148	2.141737	0.6749991	3.501334
29700	-3422.629	-3588.424	165.7951	1.312814	2.141737	0.4268524	3.014639
29706	-3429.12	-3594.13	165.0101	1.33102	2.524546	0.6072124	3.178458
29712	-3422.131	-3587.21	165.0785	1.247161	2.524546	0.4870902	3.298074
29718	-3437.102	-3603.638	166.5361	1.460783	1.945149	0.4870902	2.475248
29724	-3429.806	-3596.629	166.8228	1.373263	1.945149	0.455971	2.383642
29730	-3429.345	-3595.708	166.3629	1.428053	1.76129	0.4177556	2.749553
29736	-3430.657	-3596.722	166.0653	1.367469	2.386298	0.4177556	2.749553
29742	-3443.392	-3608.848	165.4557	1.321109	3.039624	0.6121088	2.772249
29748	-3439.839	-3604.257	164.4179	1.316484	3.039624	0.6121088	3.394702
29754	-3441.914	-3607.145	165.2312	1.451439	3.039624	0.6121088	2.829527
29760	-3435.905	-3602.253	166.3485	1.508159	2.231068	0.6291752	2.32355
29766	-3428.702	-3595.94	167.2377	1.56262	2.750665	0.3360074	1.866505
29772	-3426.325	-3593.784	167.4597	1.672204	2.119564	0.3232785	1.87629
29778	-3432.206	-3599.107	166.9007	1.630862	2.536529	0.5285484	1.87629
29784	-3436.256	-3603.172	166.9157	1.633563	2.190482	0.4980276	2.017575
29790	-3432.288	-3598.926	166.6381	1.49689	2.419405	0.416935	2.302002
29796	-3427.786	-3594.581	166.795	1.574842	1.964374	0.416935	2.310989
29802	-3424.416	-3590.412	165.9964	1.53428	1.886103	0.4469751	2.827612
29808	-3448.449	-3612.047	163.5981	1.09232	2.405553	0.5258679	4.23898
29814	-3450.477	-3614.615	164.1381	1.354288	2.267569	0.8587268	3.566642
29820	-3438.167	-3603.673	165.5056	1.397822	2.267569	0.7229205	2.825595
29826	-3429.102	-3595.127	166.0248	1.398205	2.003894	0.4699591	2.825595
29832	-3431.319	-3597.432	166.1127	1.49136	2.003894	0.4173942	2.772897
29838	-3438.395	-3604.716	166.3213	1.584421	2.671965	0.3823771	2.412093
29844	-3434.683	-3601.333	166.6494	1.486579	2.343157	0.4599606	2.276418
29850	-3435.757	-3601.444	165.6872	1.31004	2.417904	0.4599606	2.957588
29856	-3447.323	-3612.848	165.5248	1.297608	2.831756	0.4599606	2.944811
29862	-3439.698	-3604.018	164.3201	1.328825	2.982989	0.8178555	3.303443
29868	-3434.906	-3598.699	163.7927	1.229098	2.384431	0.734278	3.888441
29874	-3439.504	-3603.363	163.8583	1.222615	2.270852	0.734278	3.888441
29880	-3438.36	-3603.652	165.2928	1.213319	1.923261	0.5990095	3.280579
29886	-3440.967	-3603	162.0328	1.10287	2.207325	0.6108884	5.096105
29892	-3445.86	-3609.102	163.2425	1.123693	2.740267	0.8175388	4.107543
29898	-3452.44	-3616.229	163.7898	1.08169	2.740267	0.459705	4.107543
29904	-3461.414	-3626.13	164.7162	1.29839	2.254941	0.5026801	3.545585
29910	-3431.224	-3597.305	166.0807	1.541796	2.196504	0.66314	2.453833
29916	-3430.381	-3596.43	166.0492	1.41562	2.196504	0.5666123	2.637852
29922	-3429.171	-3595.719	166.5488	1.506094	2.196504	0.6695019	2.172452
29928	-3433.871	-3599.997	166.1268	1.530511	2.035937	0.614953	2.530354
29934	-3431.998	-3598.079	166.0807	1.452671	2.035937	0.5573425	2.659878
29940	-3426.006	-3592.58	166.5733	1.585405	2.294404	0.4312527	2.311033
29946	-3429.996	-3595.91	165.9143	1.463115	1.990273	0.5306426	2.797136
29952	-3421.882	-3587.538	165.6564	1.398059	2.415327	0.6405762	2.753538
29958	-3416.44	-3581.77	165.3304	1.318928	2.415327	0.6174046	3.018296
29964	-3416.458	-3582.111	165.6525	1.314225	1.664052	0.6237487	3.084678
29970	-3424.194	-3589.539	165.3453	1.416465	1.678769	0.7392322	3.109442
29976	-3428.916	-3594.894	165.9777	1.502109	1.8069	0.6777693	2.672469
29982	-3436.283	-3600.548	164.2656	1.292189	1.8069	1.053592	3.566481
29988	-3431.898	-3597.241	165.3426	1.332706	2.285904	0.7736551	2.919731
29994	-3427.156	-3593.008	165.852	1.459726	2.285904	0.6225487	2.652229
30000	-3428.652	-3594.572	165.9208	1.501454	2.285904	0.6225487	2.583907
30006	-3446.093	-3612.4	166.3071	1.501916	2.483002	0.6225487	2.27696
30012	-3445.589	-3612.881	167.2925	1.635793	2.031398	0.558288	1.755151
30018	-3423.846	-3591.056	167.2104	1.684667	2.151446	0.558288	1.730783
30024	-3423.453	-3590.897	167.4444	1.762527	2.137758	0.5677122	1.499835
30030	-3421.249	-3589.017	167.7678	1.832232	2.137758	0.3684822	1.46558
30036	-3420.674	-3588.686	168.0113	1.814336	1.761619	0.3684822	1.46558
30042	-3432.005	-3600.072	168.0671	1.740536	1.761619	0.4066958	1.421781
30048	-3412.689	-3579.674	166.985	1.607961	1.761619	0.5397938	2.112322
30054	-3418.34	-3585.605	167.2649	1.570226	1.589614	0.5773776	1.990912
30060	-3442.194	-3609.856	167.6622	1.763254	1.82545	0.6160177	1.420249
30066	-3428.801	-3596.339	167.5382	1.60102	2.091001	0.6160177	1.517115
30072	-3414.906	-3581.651	166.7454	1.504748	2.789432	0.4413006	2.084163
30078	-3425.771	-3592.477	166.7053	1.571727	2.336699	0.5287936	2.112911
30084	-3430.271	-3597.598	167.327	1.564169	2.014842	0.4713632	1.884579
30090	-3440.84	-3607.761	166.9206	1.560592	1.701723	0.3549754	2.422712
30096	-3429.73	-3596.378	166.6482	1.494784	2.325507	0.4848321	2.250338
30102	-3442.916	-3609.337	166.4214	1.463439	2.645373	0.4895883	2.30924
30108	-3450.981	-3617.012	166.0305	1.432906	2.645373	0.4962117	2.567428
30114	-3442.771	-3608.959	166.1875	1.423054	2.229087	0.52834	2.573559
30120	-3437.768	-3603.055	165.287	1.417636	2.229087	0.5330572	3.118809
30126	-3428.046	-3593.455	165.4092	1.388792	2.225897	0.5330572	3.064176
30132	-3436.752	-3602.568	165.8162	1.256318	2.225897	0.5075812	2.92398
30138	-3433.862	-3599.109	165.2471	1.345999	2.225897	0.6145209	3.113413
30144	-3435.887	-3601.423	165.5366	1.414924	2.171311	0.6145209	2.916356
30150	-3435.992	-3601.556	165.5643	1.394814	2.171311	0.6092121	2.916356
30156	-3424.829	-3590.321	165.4926	1.51528	2.508516	0.525535	2.857739
30162	-3431.171	-3596.117	164.9466	1.459921	2.674866	0.9320003	2.857739
30168	-3430.485	-3596.386	165.9019	1.4989	2.266497	0.6725199	2.560872
30174	-3433.073	-3599.14	166.0662	1.356019	1.992132	0.6725199	2.642525
30180	-3430.215	-3596.342	166.127	1.4458	2.007608	0.6725199	2.543653
30186	-3444.543	-3610.716	166.1723	1.592525	2.007608	0.6725199	2.423456
30192	-3435.754	-3601.827	166.0733	1.434666	2.093101	0.6725199	2.553385
30198	-3423.135	-3589.382	166.2465	1.479049	2.074249	0.5303495	2.553385
30204	-3437.012	-3602.347	165.3341	1.361677	2.004923	0.5504675	3.182701
30210	-3449.641	-3614.128	164.487	1.277236	2.572622	0.6006311	3.509576
30216	-3447.605	-3612.427	164.8226	1.238972	2.616055	0.4083166	3.509576
30222	-3435.053	-3599.37	164.3173	1.256955	2.616055	0.5534324	3.648966
30228	-3434.53	-3599.691	165.1609	1.194708	1.567375	0.5534324	3.545137
30234	-3436.051	-3600.495	164.4435	1.185193	2.419846	0.7101387	3.545137
30240	-3433.412	-3597.64	164.2281	1.158091	1.989053	0.617076	3.893556
30246	-3428.559	-3593.044	164.4853	1.264432	2.12889	0.5902402	3.660209
30252	-3433.309	-3599.177	165.8685	1.33964	2.099267	0.5210172	2.871098
30258	-3434.938	-3601.875	166.937	1.453511	1.940952	0.3415001	2.402555
30264	-3445.804	-3612.229	166.4255	1.453511	2.221672	0.3230968	2.646885
30270	-3439.526	-3605.709	166.183	1.295459	2.221672	0.4586562	2.729095
30276	-3442.666	-3607.554	164.8885	1.216675	2.750081	0.4586562	3.39397
30282	-3439.053	-3602.835	163.782	1.046977	2.750081	0.5148051	4.076312
30288	-3435.382	-3600.236	164.8549	1.336848	2.750081	0.7692186	3.076719
30294	-3434.863	-3599.538	164.6747	1.238522	2.640222	0.6145294	3.391918
30300	-3431.829	-3595.037	163.2082	1.113952	2.640222	0.6145294	4.306861
30306	-3438.491	-3602.387	163.8966	1.108354	1.814116	0.4656347	4.306861
30312	-3444.926	-3607.602	162.6758	1.05794	2.227529	0.6179045	4.75159
30318	-3439.564	-3602.87	163.3062	1.057891	1.57571	0.6065066	4.632136
30324	-3457.39	-3620.146	162.756	1.066944	1.517662	0.8298354	4.797792
30330	-3433.054	-3597.783	164.7295	1.237525	2.013511	0.6836561	3.496466
30336	-3433.067	-3599.112	166.0454	1.270173	2.013511	0.6018274	2.760746
30342	-3431.899	-3596.817	164.9184	1.295566	2.16457	0.5225349	3.439001
30348	-3431.901	-3596.977	165.0757	1.144584	2.270586	0.3531836	3.58203
30354	-3426.969	-3591.739	164.7699	1.173493	2.146108	0.4650563	3.658255
30360	-3441.478	-3606.114	164.6356	1.316717	2.30562	0.4125913	3.658255
30366	-3437.241	-3602.287	165.0469	1.15306	2.321797	0.4180907	3.503406
30372	-3432.744	-3598.721	165.9771	1.370655	1.950098	0.4180907	2.94673
30378	-3420.629	-3585.902	165.2728	1.319035	2.401894	0.4180907	3.249218
30384	-3424.379	-3590.127	165.748	1.34871	2.401894	0.5623872	2.801182
30390	-3420.1	-3585.484	165.3839	1.326589	2.67814	0.5653574	2.950998
30396	-3431.996	-3597.988	165.9915	1.356826	2.628934	0.3546744	2.804457
30402	-3429.106	-3594.174	165.0684	1.280642	2.628934	0.6921632	3.074422
30408	-3428.972	-3593.363	164.391	1.042461	2.300616	0.53548	3.837131
30414	-3433.448	-3597.9	164.4524	1.132885	2.300616	0.5237232	3.760475
30420	-3419.795	-3585.148	165.3532	1.114681	2.171794	0.3802812	3.436464
30426	-3431.124	-3595.973	164.8488	1.163151	2.171794	0.3802812	3.701607
30432	-3418.68	-3583.649	164.9693	1.150082	1.880057	0.4123459	3.701607
30438	-3417.532	-3582.554	165.0227	1.065536	1.880057	0.4466184	3.683204
30444	-3432.21	-3596.199	163.9885	1.21518	1.880057	0.4466184	4.189936
30450	-3432.67	-3596.339	163.6697	1.25111	2.104438	0.5466736	4.180956
30456	-3432.871	-3596.985	164.1146	1.200155	1.859768	0.5466736	4.039068
30462	-3423.135	-3586.68	163.5456	1.260127	2.23726	0.6145527	4.1474
30468	-3430.776	-3596.383	165.6064	1.244597	2.23726	0.6145527	2.955323
30474	-3429.441	-3595.544	166.1038	1.337977	2.326098	0.6145527	2.565756
30480	-3432.542	-3598.227	165.6853	1.269266	2.152132	0.5737669	2.956899
30486	-3428.127	-3592.327	164.2	1.088919	2.097053	0.5041184	4.012393
30492	-3435.287	-3600.791	165.5035	1.393108	1.913248	0.7616298	2.92223
30498	-3429.657	-3595.02	165.3626	1.36414	2.445036	0.6145109	2.96536
30504	-3433.463	-3600.672	167.2087	1.52667	1.889287	0.356739	2.181411
30510	-3434.854	-3600.607	165.7539	1.580866	2.631798	0.6852718	2.477484
30516	-3429.574	-3595.166	165.5923	1.566325	2.404441	0.6852718	2.655946
30522	-3430.96	-3598.243	167.2831	1.744585	2.404441	0.4157018	1.712696
30528	-3433.405	-3601.195	167.7897	1.744585	1.991794	0.3557953	1.595881
30534	-3423.046	-3590.702	167.6553	1.766685	1.903893	0.3557953	1.714102
30540	-3448.662	-3614.561	165.8988	1.320972	1.98238	0.4648873	2.9614
30546	-3444.459	-3609.463	165.0036	1.23322	1.66826	0.6551446	3.487801
30552	-3441.619	-3606.228	164.609	1.154537	2.09842	0.6551446	3.608794
30558	-3435.83	-3600.869	165.0389	1.137385	1.823276	0.4903814	3.608794
30564	-3444.565	-3611.062	166.4974	1.287219	1.741316	0.4903814	2.682643
30570	-3443.685	-3610.128	166.4439	1.431358	1.741316	0.4383627	2.682643
30576	-3434.481	-3601.438	166.9564	1.441807	1.741316	0.4384235	2.356201
30582	-3430.855	-3596.461	165.6059	1.320308	2.349169	0.4384235	3.04423
30588	-3433.796	-3598.577	164.7804	1.199411	2.367875	0.5464942	3.490525
30594	-3434.445	-3599.251	164.8054	1.162209	1.9894	0.4733631	3.68778
30600	-3437.772	-3602.242	164.47	1.222379	2.001192	0.6091854	3.719695
30606	-3444.829	-3609.361	164.5314	1.26937	2.099946	0.5052219	3.716446
30612	-3446.297	-3611.715	165.4181	1.328478	2.295897	0.5377721	3.068186
30618	-3436.996	-3603.129	166.1325	1.361935	1.748957	0.5377721	2.810012
30624	-3434.798	-3600.81	166.0129	1.31606	2.170606	0.463567	2.832009
30630	-3444.525	-3610.209	165.6838	1.256036	2.170606	0.4686374	3.06102
30636	-3429.32	-3596.123	166.8039	1.480631	1.852505	0.5393866	2.27515
30642	-3427.093	-3593.974	166.8814	1.621219	2.180978	0.5393866	2.007689
30648	-3423.017	-3590.007	166.9899	1.662575	2.007291	0.5393866	1.973289
30654	-3435.919	-3602.27	166.3509	1.547978	2.007291	0.6181524	2.386325
30660	-3423.596	-3589.931	166.3341	1.430201	2.388924	0.6181524	2.339609
30666	-3412.347	-3578.469	166.1227	1.385186	1.990002	0.464113	2.785096
30672	-3424.194	-3590.029	165.8349	1.300271	1.990002	0.5522215	2.923559
30678	-3430.307	-3595.257	164.9501	1.277463	1.70256	0.5522215	3.5667
30684	-3433.007	-3599.906	166.8987	1.483164	1.671256	0.4962858	2.332406
30690	-3438.846	-3605.126	166.2802	1.33195	2.029847	0.4099572	2.767287
30696	-3432.801	-3599.739	166.9373	1.560448	2.109301	0.3685298	2.235831
30702	-3427.55	-3594.623	167.073	1.588924	1.980072	0.4680621	2.055702
30708	-3436.367	-3603.072	166.7053	1.465897	1.980072	0.5005981	2.337884
30714	-3439.752	-3604.97	165.2183	1.190234	1.547627	0.4888022	3.583009
30720	-3433.801	-3598.699	164.8973	1.237198	1.547627	0.5851465	3.653912
30726	-3444.933	-3608.518	163.5851	1.172533	2.304772	0.5974527	4.168386
30732	-3436.483	-3600.459	163.9767	1.150202	2.304772	0.3644986	4.185874
30738	-3442.061	-3606.6	164.5393	1.154116	2.597242	0.3644986	3.778281
30744	-3454.55	-3620.075	165.5257	1.18348	1.973654	0.3644986	3.380011
30750	-3446.62	-3611.551	164.9306	1.230571	1.915017	0.5294547	3.547544
30756	-3443.321	-3609.149	165.8282	1.269424	1.915017	0.4217311	3.105138
30762	-3441.204	-3607.071	165.8671	1.332588	2.091087	0.5129289	2.886874
30768	-3445.185	-3611.639	166.4539	1.376559	2.091087	0.5732938	2.440371
30774	-3436.626	-3601.747	165.1213	1.226824	2.183354	0.5732938	3.307978
30780	-3440.386	-3606.428	166.0419	1.467934	2.336027	0.4474614	2.684893
30786	-3438.349	-3604.856	166.5069	1.524036	2.336027	0.4211742	2.390183
30792	-3424.729	-3590.512	165.7835	1.390087	2.336027	0.3821385	2.963969
30798	-3447.434	-3613.802	166.3687	1.330934	1.745038	0.4567834	2.768511
30804	-3440.779	-3606.649	165.8699	1.356526	2.59293	0.4433193	2.784666
30810	-3428.624	-3593.365	164.7402	1.271218	2.370902	0.4433193	3.571484
30816	-3435.009	-3598.451	163.4421	1.127053	2.272376	0.4433193	4.425553
30822	-3431.103	-3595.225	164.1222	1.139722	2.023486	0.4957332	4.059775
30828	-3439.104	-3603.943	164.8387	1.284844	2.023486	0.4503281	3.609201
30834	-3429.128	-3594.523	165.3951	1.273699	2.023486	0.4503281	3.290322
30840	-3422.475	-3587.569	165.0948	1.27729	2.54434	0.4149836	3.340541
30846	-3433.326	-3598.142	164.816	1.24452	2.4559	0.5599466	3.405184
30852	-3431.283	-3597.058	165.775	1.313045	2.194767	0.5599466	2.874831
30858	-3426.999	-3592.465	165.4665	1.351504	2.399091	0.408475	3.126688
30864	-3428.972	-3594.778	165.8068	1.376756	2.399091	0.4240897	2.889894
30870	-3436.8	-3601.597	164.7969	1.277123	2.399091	0.3844623	3.59124
30876	-3443.405	-3607.619	164.2144	1.228936	1.974233	0.6829232	3.813771
30882	-3435.624	-3601.022	165.3976	1.256216	2.184769	0.4487515	3.247145
30888	-3438.278	-3603.495	165.2169	1.236075	2.160361	0.5805586	3.247145
30894	-3435.887	-3602.104	166.2179	1.439578	2.160361	0.5580051	2.538881
30900	-3432.373	-3599.583	167.2095	1.535928	1.685623	0.5496316	2.034771
30906	-3430.493	-3597.146	166.6532	1.515166	2.126797	0.5371642	2.248115
30912	-3441.012	-3607.989	166.977	1.572097	2.126797	0.4113949	2.141691
30918	-3437.544	-3604.689	167.145	1.501876	1.624198	0.3958133	2.298814
30924	-3428.246	-3594.951	166.7052	1.433576	1.624198	0.5150757	2.486635
30930	-3427.544	-3592.294	164.7496	1.256392	2.390385	0.5150757	3.497643
30936	-3417.419	-3582.974	165.5545	1.324675	1.952259	0.5150757	3.125504
30942	-3424.643	-3589.535	164.8914	1.314139	2.131789	0.447308	3.528797
30948	-3435.308	-3600.886	165.5787	1.259369	2.070388	0.447308	3.177378
30954	-3432.98	-3598.178	165.1983	1.217057	2.083026	0.5123788	3.35727
30960	-3431.631	-3594.981	163.35	1.226612	2.328308	0.8224249	4.098732
30966	-3437.091	-3600.522	163.4308	1.1767	2.328308	0.8224249	4.081166
30972	-3441.238	-3604.431	163.1925	1.050868	2.328308	0.8224249	4.287894
30978	-3437.556	-3601.023	163.4673	1.190008	2.157243	0.8224249	4.104986
30984	-3443.376	-3607.671	164.2955	1.160529	2.030394	0.8537354	3.667294
30990	-3434.98	-3598.306	163.3261	1.248825	2.233774	0.8416628	4.115607
30996	-3434.936	-3597.453	162.5167	1.257225	2.260839	0.8416628	4.560166
31002	-3439.259	-3602.213	162.9544	1.217128	2.260839	0.8416628	4.336173
31008	-3426.726	-3592.606	165.8797	1.289286	1.949243	0.5181615	2.950126
31014	-3432.437	-3598.063	165.6254	1.417903	2.52809	0.4114044	2.950126
31020	-3435.241	-3601.332	166.0916	1.285252	1.890257	0.4188772	2.950126
31026	-3429.337	-3596.007	166.67	1.432329	1.890257	0.4188772	2.505769
31032	-3430.071	-3597.489	167.4174	1.656123	1.838876	0.4188772	1.896923
31038	-3431.849	-3599.49	167.6417	1.68277	1.838876	0.3706221	1.78915
31044	-3434.41	-3602.177	167.7665	1.721686	1.8271	0.2987227	1.78915
31050	-3424.209	-3592.267	168.0582	1.708737	1.864184	0.3175847	1.542397
31056	-3433.223	-3601.181	167.9589	1.718485	1.864184	0.3591181	1.542397
31062	-3437.142	-3602.753	165.6113	1.469113	2.806517	0.6164832	2.644229
31068	-3436.936	-3602.208	165.272	1.266879	2.720229	0.5543103	3.052417
31074	-3422.288	-3587.814	165.5267	1.287898	2.256472	0.4833186	3.093018
31080	-3433.944	-3600.805	166.8609	1.467365	1.797992	0.4215644	2.39696
31086	-3439.201	-3606.135	166.9343	1.473352	1.797992	0.5097708	2.248564
31092	-3436.38	-3602.222	165.8419	1.310001	2.147492	0.5097708	2.89981
31098	-3443.701	-3609.074	165.3729	1.310001	2.069684	0.4678993	3.248077
31104	-3435.514	-3603.903	168.3885	2.089602	1.486995	0.4415557	0.944944
31110	-3429.887	-3598.179	168.2925	1.894518	1.791188	0.4607508	0.9945662
31116	-3435.41	-3603.681	168.2709	2.025446	1.469835	0.5484992	0.9618584
31122	-3435.924	-3604.043	168.1184	1.942085	1.652869	0.3573056	1.357431
31128	-3427.582	-3595.826	168.2443	1.801	1.652869	0.4205366	1.269285
31134	-3442.48	-3610.317	167.8366	1.712481	1.652869	0.4942619	1.553587
31140	-3450.628	-3616.758	166.1306	1.407919	1.685472	0.6535834	2.70513
31146	-3443.835	-3610.654	166.8192	1.5889	2.266664	0.3672881	2.239764
31152	-3436.636	-3603.999	167.3629	1.513344	1.75467	0.4219873	2.060995
31158	-3436.213	-3602.466	166.2524	1.453426	1.650473	0.6442873	2.624608
31164	-3437.328	-3603.937	166.6088	1.630694	2.03914	0.4565566	2.320241
31170	-3423.82	-3591.198	167.3773	1.590415	2.03914	0.4015968	1.909187
31176	-3428.865	-3596.383	167.5175	1.626211	1.885351	0.5940109	1.62606
31182	-3425.322	-3592.807	167.4849	1.638768	1.918138	0.5940109	1.62606
31188	-3433.592	-3600.928	167.3356	1.59624	2.024697	0.5747759	1.737896
31194	-3429.895	-3596.477	166.5827	1.461281	1.850005	0.599793	2.371302
31200	-3439.823	-3604.143	164.3198	1.299154	2.079817	0.6413316	3.709693
31206	-3434.285	-3598.805	164.5201	1.119665	1.548435	0.4848583	4.029083
31212	-3451.92	-3616.664	164.7443	1.147855	1.976976	0.4848583	3.72427
31218	-3435.552	-3601.05	165.4979	1.180806	1.749689	0.4848583	3.34838
31224	-3434.075	-3600.306	166.2313	1.445965	1.701168	0.5311727	2.723984
31230	-3441.66	-3607.197	165.537	1.257161	1.607572	0.6471133	3.19095
31236	-3443.489	-3608.452	164.9627	1.364039	1.774948	0.5841956	3.453071
31242	-3425.79	-3591.319	165.529	1.379561	1.774948	0.5841956	3.109782
31248	-3437.511	-3601.755	164.2439	1.237422	1.774948	0.7248582	3.831485
31254	-3440.068	-3606.697	166.629	1.37744	1.623647	0.5243742	2.56006
31260	-3433.753	-3597.655	163.902	1.159772	2.763887	0.5243742	3.930923
31266	-3438.472	-3603.34	164.8682	1.231683	2.178389	0.4703704	3.551704
31272	-3437.664	-3602.666	165.0015	1.269481	1.657254	0.7914358	3.370634
31278	-3447.393	-3612.099	164.7055	1.184082	1.657254	0.7723393	3.60664
31284	-3441.262	-3604.965	163.7031	1.124211	1.965494	0.5892842	4.243101
31290	-3447.787	-3611.672	163.8856	1.230168	1.952243	0.9908021	3.806138
31296	-3450.08	-3614.838	164.7575	1.228824	1.920451	0.6546824	3.540161
31302	-3431.608	-3596.306	164.698	1.246306	1.879003	0.4747174	3.738318
31308	-3441.275	-3607.702	166.4276	1.252606	1.79981	0.5420089	2.672304
31314	-3436.843	-3602.277	165.4343	1.327055	1.823389	0.618855	3.149082
31320	-3444.026	-3610.696	166.6698	1.440141	1.823389	0.3853149	2.567092
31326	-3442.827	-3609.718	166.891	1.443773	1.823389	0.3742146	2.440416
31332	-3449.641	-3615.849	166.2079	1.406669	1.740582	0.3742146	2.91619
31338	-3437.955	-3603.983	166.0273	1.399582	1.740582	0.4851746	2.906177
31344	-3431.236	-3596.405	165.1689	1.265493	2.192576	0.4776413	3.344234
31350	-3444.9	-3609.73	164.8302	1.122738	1.909275	0.6752918	3.547365
31356	-3432.137	-3596.223	164.0865	1.191686	1.739661	0.4609912	4.183791
31362	-3440.371	-3604.606	164.2347	1.207753	1.696228	0.4609912	4.106673
31368	-3431.385	-3595.241	163.8563	1.174722	2.207782	0.5537079	4.079553
31374	-3428.379	-3592.386	164.0073	1.266099	2.207782	0.8016207	3.750049
31380	-3428.864	-3592.861	163.9968	1.179711	1.89562	0.8016207	3.909145
31386	-3449.986	-3613.378	163.3926	1.165963	1.89562	0.6392205	4.378539
31392	-3439.853	-3603.385	163.5319	1.157362	2.012267	0.4707773	4.412114
31398	-3437.215	-3601.24	164.0253	1.212611	1.966098	0.662006	3.95057
31404	-3451.632	-3615.55	163.918	1.190712	2.222856	0.6501178	3.95057
31410	-3443.178	-3607.352	164.1736	1.216151	2.283184	0.4309626	3.969183
31416	-3447.395	-3611.356	163.9615	1.097874	2.980439	0.4309626	3.969183
31422	-3436.452	-3600.672	164.2198	1.136848	2.624375	0.5168837	3.805605
31428	-3446.189	-3611.303	165.1144	1.091047	1.873903	0.4648448	3.598825
31434	-3438.72	-3604.748	166.0285	1.308954	1.842097	0.4768747	2.929412
31440	-3418.873	-3586.087	167.2142	1.470793	1.76673	0.5103926	2.080584
31446	-3420.337	-3587.442	167.1049	1.523921	1.76673	0.324794	2.343401
31452	-3416.063	-3582.48	166.4176	1.368607	1.876455	0.3890794	2.741556
31458	-3417.492	-3583.747	166.2545	1.461647	1.992761	0.3890794	2.741556
31464	-3427.887	-3593.568	165.6818	1.417226	1.992761	0.8012262	2.741556
31470	-3433.134	-3599.131	165.9973	1.363167	1.992761	0.5406775	2.796943
31476	-3425.435	-3591.127	165.6923	1.318242	1.68114	0.5035697	3.160698
31482	-3432.581	-3597.061	164.48	1.295472	1.922659	0.5035697	3.792328
31488	-3440.02	-3604.117	164.0972	1.221268	1.922659	0.6266731	3.947264
31494	-3439.917	-3604.286	164.369	1.304972	1.876564	0.6288539	3.75745
31500	-3437.579	-3601.739	164.1599	1.314497	2.406622	0.6288539	3.701964
31506	-3435.004	-3600.024	165.0204	1.301993	1.538848	0.4247396	3.701964
31512	-3432.396	-3597.308	164.912	1.201436	1.364526	0.4777633	3.843882
31518	-3438.28	-3601.437	163.1572	1.104673	1.646843	0.4243976	4.827428
31524	-3439.907	-3602.614	162.7067	1.078935	1.646843	0.7406044	4.827428
31530	-3438.166	-3602.708	164.5422	1.277167	1.878475	0.8575276	3.506483
31536	-3430.726	-3595.88	165.1535	1.291431	1.724458	0.4496779	3.530466
31542	-3435.096	-3600.47	165.3738	1.286253	1.983539	0.5328927	3.227596
31548	-3425.314	-3590.957	165.6423	1.207705	1.987877	0.389722	3.262417
31554	-3434.262	-3599.796	165.5343	1.422739	2.247519	0.4840828	3.009977
31560	-3436.343	-3600.795	164.4519	1.324436	2.247519	0.8629286	3.40436
31566	-3435.826	-3600.936	165.1109	1.264058	2.112344	0.4344567	3.449764
31572	-3430.373	-3595.308	164.9352	1.243251	2.112344	0.5518761	3.449764
31578	-3441.299	-3606.154	164.8551	1.319835	2.115458	0.5518761	3.45079
31584	-3441.413	-3605.647	164.2337	1.407808	1.853494	0.9164557	3.58149
31590	-3447.412	-3613.428	166.0154	1.421563	1.593426	0.7422822	2.735105
31596	-3452.505	-3619.399	166.8936	1.480809	2.040133	0.3999879	2.300243
31602	-3440.491	-3607.028	166.5374	1.499829	2.263068	0.3999879	2.435695
31608	-3441.378	-3607.582	166.2042	1.429024	2.263068	0.4678696	2.610369
31614	-3443.804	-3610.443	166.6383	1.290426	1.810672	0.4133679	2.650637
31620	-3442.446	-3609.506	167.0599	1.537334	2.019443	0.3369755	2.247454
31626	-3441.893	-3609.218	167.325	1.629175	1.919539	0.396537	1.972517
31632	-3437.997	-3604.273	166.2757	1.392454	1.380595	0.486432	2.914436
31638	-3422.426	-3588.374	165.9481	1.261035	1.479365	0.486432	3.144246
31644	-3440.169	-3605.888	165.7192	1.381469	1.479365	0.55385	3.144246
31650	-3420.279	-3585.281	165.0017	1.208504	1.880612	0.5594751	3.503964
31656	-3426.631	-3592.168	165.5378	1.295628	2.189131	0.5594751	3.030371
31662	-3428.666	-3594.384	165.7183	1.241632	2.182737	0.4094245	3.109048
31668	-3433.787	-3598.703	164.9161	1.256271	1.622182	0.4094245	3.77123
31674	-3427.984	-3592.737	164.7525	1.127584	1.660646	0.4094245	3.924062
31680	-3424.844	-3590.16	165.3159	1.170369	1.705249	0.4094245	3.556885
31686	-3427.262	-3591.42	164.1576	1.240758	2.196699	0.5338494	3.89071
31692	-3430.598	-3596.273	165.6746	1.244028	2.234508	0.4991073	3.022065
31698	-3434.132	-3599.174	165.0425	1.446407	2.234508	0.9561732	2.925728
31704	-3421.987	-3587.202	165.2147	1.473466	2.054425	0.7838868	2.981287
31710	-3428.315	-3592.638	164.3228	1.427016	2.157531	0.7838868	3.501895
31716	-3429.056	-3594.579	165.5223	1.343699	1.86363	0.6041321	3.084376
31722	-3441.053	-3606.339	165.2858	1.453518	2.085635	0.4849527	3.192024
31728	-3422.877	-3587.542	164.6657	1.226009	1.860515	0.5628396	3.693178
31734	-3422.332	-3587.004	164.6727	1.281832	2.44803	0.6866393	3.364317
31740	-3428.01	-3592.551	164.5407	1.206378	2.019427	0.6866393	3.620115
31746	-3419.065	-3583.689	164.6236	1.281596	1.843814	0.6163598	3.64574
31752	-3419.434	-3585.183	165.7497	1.381513	1.899934	0.4527807	3.056964
31758	-3417.454	-3583.651	166.1963	1.363993	1.756322	0.4527807	2.853105
31764	-3418.308	-3584.708	166.4007	1.390479	2.254774	0.4293734	2.557704
31770	-3427.117	-3592.914	165.7969	1.562018	2.254774	0.7131492	2.557704
31776	-3421.825	-3587.719	165.8942	1.440616	2.604876	0.4898356	2.665351
31782	-3429.402	-3594.877	165.4749	1.349987	2.256335	0.7081416	2.888325
31788	-3419.634	-3584.725	165.0908	1.316216	2.53402	0.6485847	3.10187
31794	-3423.385	-3588.621	165.236	1.322616	2.418819	0.5824376	3.10187
31800	-3429.438	-3593.111	163.6728	1.209425	2.266278	0.5026888	4.192544
31806	-3431.628	-3596.593	164.9659	1.202723	2.266278	0.4923006	3.462249
31812	-3427.977	-3593.278	165.3017	1.283244	2.266278	0.569566	3.144703
31818	-3437.826	-3603.954	166.1279	1.600162	2.266278	0.569566	2.447873
31824	-3430.01	-3595.061	165.051	1.387631	2.327734	0.6105187	3.176599
31830	-3430.518	-3597.364	166.8459	1.609733	2.36507	0.6128	1.899773
31836	-3431.637	-3598.7	167.0627	1.737424	2.395807	0.5565685	1.708118
31842	-3434.287	-3601.391	167.104	1.758675	2.020268	0.6545119	1.708118
31848	-3433.278	-3600.784	167.5067	1.607831	1.953025	0.3808836	1.871329
31854	-3441.956	-3609.598	167.642	1.607831	1.71765	0.3871844	1.871329
31860	-3427.594	-3595.003	167.4087	1.620125	1.71765	0.3871844	2.020077
31866	-3432.838	-3600.448	167.6093	1.533395	1.504686	0.3871844	2.042782
31872	-3440.483	-3605.999	165.5164	1.179754	2.350581	0.3871844	3.238133
31878	-3431.244	-3596.446	165.2019	1.346355	2.466715	0.5433938	3.129106
31884	-3432.402	-3597.512	165.1099	1.387227	2.101684	0.7167227	3.129106
31890	-3441.249	-3606.74	165.4909	1.356046	1.969512	0.7316899	2.954192
31896	-3446.556	-3612.814	166.2581	1.38052	1.60055	0.457176	2.864468
31902	-3436.09	-3602.14	166.0493	1.436896	1.830183	0.457176	2.864715
31908	-3434.869	-3600.7	165.8306	1.40841	1.821482	0.6172274	2.864715
31914	-3434.927	-3600.66	165.7336	1.438672	1.971754	0.6172274	2.849437
31920	-3433.69	-3599.676	165.9856	1.38874	1.994038	0.6172274	2.718211
31926	-3423.621	-3589.319	165.6984	1.362546	1.994038	0.5169443	3.000304
31932	-3428.357	-3593.637	165.2793	1.360011	2.777953	0.534533	2.99491
31938	-3429.62	-3594.209	164.5889	1.12881	2.482538	0.6398675	3.529776
31944	-3423.219	-3589.724	166.5051	1.584048	1.789612	0.5166244	2.447283
31950	-3429.7	-3593.885	164.1851	1.317173	2.132578	0.4672264	3.914549
31956	-3437.341	-3600.748	163.4067	1.217864	1.693914	0.4564311	4.574342
31962	-3428.294	-3591.209	162.9145	1.129053	1.854719	0.6305626	4.688965
31968	-3434.732	-3598.37	163.6376	1.207892	2.422798	0.4462541	4.222362
31974	-3428.232	-3591.73	163.4979	1.136312	2.422798	0.7051258	4.12006
31980	-3435.78	-3598.974	163.1935	1.121924	2.002276	0.7179355	4.420509
31986	-3443.692	-3609.228	165.5361	1.240215	2.002276	0.4502773	3.234179
31992	-3447.837	-3613.219	165.3819	1.272588	1.666249	0.6665447	3.234179
31998	-3438.976	-3603.947	164.9712	1.252005	1.666249	0.6665447	3.487505
32004	-3450.226	-3615.766	165.5402	1.229478	1.666249	0.6665447	3.165882
32010	-3436.604	-3602.004	165.3999	1.238173	1.775799	0.6206999	3.238578
32016	-3442.749	-3606.947	164.1984	1.153835	2.31734	0.7073201	3.73798
32022	-3438.689	-3603.182	164.4933	1.213833	2.31734	0.486325	3.720541
32028	-3446.373	-3611.003	164.6306	1.162139	2.822831	0.486325	3.529567
32034	-3431.957	-3596.766	164.8094	1.202921	2.363668	0.486325	3.529567
32040	-3428.836	-3594.018	165.1822	1.3583	2.315423	0.4885112	3.232149
32046	-3430.477	-3596.154	165.6771	1.265828	2.018099	0.5870162	2.997746
32052	-3441.008	-3606.35	165.3425	1.369146	2.429035	0.4029951	3.187104
32058	-3431.797	-3596.673	164.8757	1.350855	1.97046	0.5411552	3.479276
32064	-3430.909	-3597.146	166.2373	1.336037	1.766376	0.507619	2.78452
32070	-3440.032	-3606.254	166.2227	1.389899	1.922593	0.507619	2.70077
32076	-3433.463	-3598.617	165.1532	1.429571	1.996153	0.6873862	3.136993
32082	-3432.092	-3598.68	166.5885	1.293677	1.508934	0.4771346	2.735022
32088	-3425.78	-3592.861	167.0815	1.411873	1.263474	0.4319209	2.525434
32094	-3425.862	-3592.898	167.0354	1.348461	1.263474	0.4319209	2.593458
32100	-3422.466	-3587.903	165.4376	1.3192	1.920846	0.4707446	3.253202
32106	-3425.266	-3590.855	165.5884	1.292912	1.781184	0.4707446	3.231109
32112	-3420.842	-3586.554	165.7119	1.325177	1.781184	0.6592634	2.966738
32118	-3421.892	-3588.091	166.1985	1.315336	1.77297	0.4806122	2.845484
32124	-3435.3	-3600.568	165.268	1.226455	1.77297	0.4945673	3.437983
32130	-3422.078	-3586.968	164.89	1.261289	1.851257	0.5462738	3.560711
32136	-3424.174	-3589.915	165.7409	1.252456	1.805736	0.4671621	3.159037
32142	-3431.125	-3596.994	165.8689	1.234895	2.303084	0.4671621	2.921419
32148	-3423	-3589.754	166.7547	1.333869	1.960512	0.4996238	2.398681
32154	-3428.845	-3594.635	165.7899	1.353613	2.329254	0.4346986	2.923997
32160	-3426.256	-3592.013	165.7572	1.269945	2.161256	0.5585749	2.923997
32166	-3429.083	-3595.688	166.6056	1.359317	2.161256	0.3155654	2.624679
32172	-3436.313	-3602.206	165.8932	1.296512	2.257222	0.5276652	2.823276
32178	-3440.367	-3606.477	166.1097	1.330275	2.001755	0.4694043	2.816615
32184	-3449.608	-3615.886	166.2777	1.47355	1.54005	0.4806869	2.797431
32190	-3448.383	-3614.36	165.9774	1.47355	1.697357	0.9283527	2.551151
32196	-3440.231	-3606.106	165.8746	1.443466	1.972102	0.595432	2.779742
32202	-3439.293	-3605.33	166.0367	1.275727	2.328711	0.4738605	2.779742
32208	-3428.436	-3594.27	165.8335	1.268986	1.931555	0.4738605	3.040684
32214	-3429.651	-3596.021	166.3699	1.358705	2.041722	0.466274	2.628884
32220	-3441.036	-3605.894	164.8576	1.231073	2.152389	0.4904512	3.546698
32226	-3438.779	-3604.844	166.0644	1.229245	2.152389	0.4904512	2.831618
32232	-3429.466	-3594.717	165.2514	1.302965	1.941262	0.5955049	3.248739
32238	-3435.662	-3601.962	166.2995	1.427503	1.724619	0.5955049	2.623675
32244	-3438.172	-3603.02	164.8476	1.262022	1.85116	0.5620121	3.570881
32250	-3435.093	-3600.093	165.0001	1.225559	1.85116	0.4523629	3.607985
32256	-3422.951	-3588.324	165.3737	1.244528	1.737676	0.4195491	3.456353
32262	-3429.592	-3594.069	164.4765	1.171844	1.737676	0.4195491	4.016327
32268	-3434.57	-3599.717	165.147	1.220506	2.417913	0.6062868	3.19499
32274	-3447.769	-3613.579	165.8107	1.299457	1.321943	0.5715665	3.19499
32280	-3426.572	-3592.855	166.2827	1.393905	1.657479	0.4969777	2.776231
32286	-3439.829	-3605.192	165.363	1.200892	1.609849	0.6631317	3.313196
32292	-3438.498	-3602.743	164.2451	1.228685	2.159693	0.6631317	3.750401
32298	-3428.85	-3593.972	165.1223	1.259032	2.084489	0.5696883	3.324069
32304	-3432.558	-3599.394	166.836	1.496706	1.971272	0.4556243	2.287157
32310	-3431.562	-3596.785	165.2232	1.398539	1.971656	0.5020395	3.283819
32316	-3428.992	-3596.488	167.4951	1.585212	1.711548	0.514293	1.835022
32322	-3440.47	-3607.887	167.4169	1.630373	1.711548	0.534949	1.835022
32328	-3424.05	-3591.434	167.3846	1.57806	1.917412	0.5064656	1.835022
32334	-3427.265	-3593.8	166.5356	1.482142	1.407202	0.5893542	2.589162
32340	-3425.521	-3593.473	167.9528	1.593049	1.407202	0.3191519	1.917615
32346	-3424.761	-3592.671	167.9099	1.637491	1.613486	0.3173607	1.816269
32352	-3415.08	-3582.05	166.9701	1.502201	2.184365	0.4634021	2.109384
32358	-3429.598	-3596.61	167.0118	1.501687	1.84326	0.4176225	2.265507
32364	-3425.825	-3591.496	165.6706	1.368732	1.84326	0.534017	3.051683
32370	-3423.52	-3588.025	164.5054	1.203427	1.84326	0.6053524	3.768569
32376	-3433.574	-3598.703	165.1294	1.192716	1.84326	0.6300242	3.391666
32382	-3419.863	-3585.169	165.3058	1.370393	1.93507	0.6300242	3.14942
32388	-3413.566	-3580.288	166.7214	1.408827	1.969505	0.4104281	2.468326
32394	-3413.478	-3579.942	166.4641	1.379902	1.969505	0.4104281	2.646259
32400	-3425.348	-3591.761	166.4123	1.330212	1.969807	0.4443291	2.67012
32406	-3421.699	-3588.449	166.7503	1.473824	2.112108	0.4443291	2.317381
32412	-3431.077	-3597.348	166.2711	1.300467	2.027492	0.4008114	2.803459
32418	-3433.112	-3598.636	165.5248	1.434103	2.148944	0.5583797	2.969378
32424	-3421.985	-3587.192	165.2073	1.413817	2.037638	0.8676181	2.969378
32430	-3419.722	-3586.419	166.6964	1.441602	1.674548	0.4589187	2.524757
32436	-3429.182	-3596.246	167.0639	1.669876	2.085447	0.3709091	2.087887
32442	-3432.339	-3599.613	167.2737	1.567109	2.369246	0.440035	1.824307
32448	-3446.759	-3614.128	167.369	1.385148	1.821849	0.4416315	2.089402
32454	-3425.776	-3593.049	167.2722	1.597568	1.821849	0.4416315	2.012965
32460	-3430.374	-3596.493	166.1191	1.343965	2.100445	0.639913	2.606255
32466	-3445.215	-3611.924	166.7086	1.271963	2.100445	0.3176438	2.633079
32472	-3426.76	-3592.929	166.1694	1.376638	2.100445	0.4473044	2.741034
32478	-3436.912	-3603.389	166.4766	1.359379	2.100445	0.4022743	2.613999
32484	-3440.675	-3606.303	165.6281	1.167014	2.100445	0.4756358	3.163342
32490	-3436.06	-3601.944	165.8838	1.229791	1.670917	0.4756358	3.131371
32496	-3427.928	-3593.446	165.5185	1.333034	2.301745	0.5703606	2.973382
32502	-3446.621	-3610.524	163.9037	1.345051	2.301745	0.7500911	3.771203
32508	-3437.685	-3602.325	164.6396	1.160798	1.900317	0.5543568	3.739269
32514	-3432.062	-3597.73	165.6681	1.30273	2.217991	0.592952	2.908221
32520	-3437.071	-3602.058	164.9869	1.346243	2.217991	0.4968	3.376673
32526	-3438.738	-3604.79	166.052	1.329165	2.336391	0.4968	2.711605
32532	-3435.859	-3600.908	165.0497	1.363793	1.905749	0.6812613	3.274098
32538	-3437.234	-3602.867	165.6329	1.336333	2.217404	0.702628	2.8178
32544	-3438.46	-3603.316	164.8562	1.151408	2.308343	0.5321677	3.505414
32550	-3433.27	-3597.96	164.6907	1.175731	2.308343	0.5050299	3.613026
32556	-3437.014	-3600.343	163.3292	1.006126	2.099041	0.7687226	4.342139
32562	-3434.687	-3598.695	164.0088	1.247525	2.191288	0.7687226	3.787736
32568	-3425.08	-3588.622	163.5428	1.178343	2.191288	0.7687226	4.094275
32574	-3429.973	-3594.278	164.305	1.224601	1.973339	0.7609162	3.707085
32580	-3425.185	-3589.35	164.1651	1.140579	1.796549	0.4936609	4.115523
32586	-3430.654	-3594.638	163.9838	1.201785	1.795659	0.4936609	4.184125
32592	-3416.216	-3581.652	165.4361	1.237704	2.345019	0.4137833	3.222764
32598	-3418.279	-3583.593	165.3139	1.258451	2.331306	0.4742007	3.222764
32604	-3429.229	-3594.454	165.2256	1.143837	2.331306	0.4639408	3.352914
32610	-3445.876	-3611.962	166.0859	1.334564	1.624165	0.502008	2.940243
32616	-3449.147	-3615.217	166.0697	1.373231	1.837547	0.502008	2.841847
32622	-3439.307	-3604.357	165.0503	1.252568	2.54055	0.5544406	3.242991
32628	-3429.846	-3594.819	164.9731	1.349927	2.499428	0.5544406	3.242991
32634	-3431.975	-3597.209	165.2347	1.199789	2.071302	0.4370752	3.425738
32640	-3421.08	-3587.685	166.6044	1.458148	2.151545	0.4370752	2.414198
32646	-3429.102	-3596.214	167.112	1.624825	1.873431	0.5318578	1.978619
32652	-3443.345	-3610.291	166.9461	1.567648	2.445659	0.445395	2.01284
32658	-3434.94	-3602.052	167.1116	1.645029	2.082782	0.445395	1.979752
32664	-3441.367	-3607.781	166.4139	1.568438	2.22484	0.5912119	2.280264
32670	-3444.213	-3610.684	166.4716	1.508747	1.754401	0.3785489	2.682739
32676	-3429.437	-3595.977	166.5399	1.563606	2.077331	0.5471801	2.297563
32682	-3453.39	-3620.498	167.1077	1.657843	1.943596	0.5320884	1.930341
32688	-3441.992	-3609.56	167.5683	1.657843	2.257038	0.3656105	1.695978
32694	-3437.276	-3604.153	166.8769	1.634892	2.257038	0.6022264	1.910321
32700	-3444.318	-3610.795	166.477	1.467496	2.009638	0.5233618	2.446821
32706	-3435.394	-3601.623	166.2289	1.434197	2.329006	0.4584542	2.580555
32712	-3437.452	-3603.622	166.1705	1.383934	2.329006	0.5232862	2.580555
32718	-3432.617	-3598.526	165.9091	1.35834	2.516028	0.7004058	2.541837
32724	-3429.996	-3596.192	166.1961	1.369179	1.971304	0.5183444	2.701171
32730	-3438.317	-3604.017	165.7	1.327429	1.755968	0.4833721	3.141299
32736	-3432.398	-3597.821	165.4227	1.327429	1.91773	0.4833721	3.245508
32742	-3434.638	-3601.03	166.3916	1.262996	1.886957	0.4056738	2.798325
32748	-3428.792	-3595.787	166.9955	1.431567	1.75946	0.4548291	2.311696
32754	-3428.318	-3595.246	166.9277	1.459846	2.235267	0.4548291	2.156545
32760	-3435.196	-3601.375	166.1789	1.454949	2.186076	0.4313857	2.675618
32766	-3447.579	-3614.477	166.8973	1.466963	2.164804	0.3894952	2.274835
32772	-3436.921	-3603.787	166.8662	1.614183	2.057716	0.3616713	2.274835
32778	-3438.82	-3605.191	166.3713	1.415995	2.02813	0.3616713	2.719138
32784	-3439.081	-3604.525	165.4439	1.440285	1.907912	0.7631889	2.930539
32790	-3440.06	-3606.64	166.5798	1.471177	1.924669	0.5963641	2.340947
32796	-3442.454	-3608.545	166.0915	1.471177	2.112771	0.5963641	2.578638
32802	-3438.536	-3605.214	166.6776	1.485483	2.254815	0.5068119	2.237857
32808	-3442.483	-3609.177	166.6941	1.485483	2.182505	0.5068119	2.252392
32814	-3440.447	-3607.419	166.972	1.623056	1.800472	0.3996574	2.252392
32820	-3443.546	-3609.339	165.793	1.494659	2.001715	0.3996574	2.985487
32826	-3431.716	-3599.063	167.3463	1.545136	2.048938	0.3996574	1.959347
32832	-3424.372	-3591.987	167.6143	1.673747	1.843246	0.551534	1.586611
32838	-3432.749	-3599.884	167.135	1.624411	1.509201	0.551534	2.105019
32844	-3430.357	-3598.095	167.7384	1.768214	1.917009	0.4557038	1.508241
32850	-3427.038	-3593.98	166.9427	1.600174	2.347541	0.4557038	2.014427
32856	-3437.31	-3604.185	166.8745	1.505467	2.657562	0.4557038	2.021425
32862	-3439.749	-3606.871	167.1225	1.507786	2.171548	0.4725129	1.999197
32868	-3447.715	-3614.453	166.7377	1.453828	2.483198	0.4725129	2.180869
32874	-3440.493	-3606.908	166.415	1.484065	1.963622	0.4070885	2.618304
32880	-3441.83	-3608.756	166.9256	1.486033	2.163404	0.4070885	2.222974
32886	-3433.249	-3600.646	167.3971	1.53564	1.505592	0.4833811	2.065156
32892	-3431.584	-3598.226	166.6418	1.495495	1.505592	0.3851725	2.683583
32898	-3422.876	-3589.86	166.9839	1.597057	1.745676	0.3851725	2.302146
32904	-3441.447	-3608.533	167.0864	1.583932	2.410966	0.4693887	1.890928
32910	-3429.14	-3596.513	167.373	1.733845	1.85038	0.4693887	1.807042
32916	-3442.592	-3609.658	167.0659	1.47975	1.731185	0.3834665	2.332863
32922	-3426.195	-3591.418	165.2235	1.31625	1.731185	0.4992881	3.422828
32928	-3431.985	-3598.383	166.3983	1.432153	1.731185	0.4992881	2.649429
32934	-3431.281	-3596.827	165.5456	1.411943	1.966986	0.597069	2.998187
32940	-3436.287	-3601.733	165.4459	1.522954	2.392244	0.8471396	2.654867
32946	-3428.449	-3594.143	165.6937	1.564806	2.392244	0.5987628	2.672063
32952	-3428.298	-3594.089	165.7918	1.490539	2.392244	0.6618773	2.602705
32958	-3426.178	-3591.993	165.8148	1.484602	2.842255	0.355507	2.773697
32964	-3420.39	-3587.073	166.6831	1.454767	2.424616	0.355507	2.375646
32970	-3417.755	-3584.306	166.5505	1.378803	1.82157	0.4578919	2.595975
32976	-3421.689	-3587.891	166.2018	1.415144	1.750484	0.461735	2.811475
32982	-3427.753	-3594.201	166.4478	1.357329	1.750484	0.5211469	2.635229
32988	-3431.947	-3597.31	165.3638	1.332907	2.636576	0.4472451	3.087237
32994	-3427.893	-3593.861	165.968	1.329348	1.798496	0.3634346	3.097171
33000	-3423.13	-3589.832	166.7023	1.394963	1.798496	0.3634346	2.612051
33006	-3428.438	-3595.027	166.5894	1.340085	1.798496	0.4100055	2.658891
33012	-3422.022	-3588.488	166.4664	1.462015	2.086399	0.4418009	2.515904
33018	-3423.004	-3590.004	167.0002	1.605762	2.039757	0.4418009	2.100161
33024	-3429.749	-3595.995	166.246	1.356901	2.025068	0.4384083	2.742408
33030	-3421.967	-3588.677	166.7105	1.523167	2.041614	0.4119081	2.374769
33036	-3429.413	-3595.934	166.5211	1.50302	2.122845	0.4764644	2.404776
33042	-3423.723	-3589.458	165.7354	1.469533	2.122845	0.4764644	2.909664
33048	-3442.701	-3609.324	166.6235	1.456164	1.877953	0.3440996	2.61714
33054	-3451.53	-3616.079	164.5492	1.105868	1.790286	0.4491398	3.962192
33060	-3435.196	-3600.413	165.2169	1.268231	2.23018	0.511588	3.269039
33066	-3446.407	-3612.131	165.7238	1.408512	1.608967	0.5437636	3.079228
33072	-3434.816	-3601.231	166.4148	1.531521	1.779039	0.4674942	2.591835
33078	-3439.118	-3605.322	166.2041	1.263265	1.857681	0.4674942	2.8548
33084	-3432.701	-3599.194	166.4928	1.372071	1.857681	0.4674942	2.611474
33090	-3436.283	-3603.064	166.7815	1.442187	1.7702	0.4674942	2.422173
33096	-3439.378	-3606.477	167.0984	1.4905	1.538494	0.4674942	2.290548
33102	-3449.259	-3614.736	165.4763	1.312216	2.11563	0.4674942	3.170505
33108	-3452.043	-3617.844	165.8014	1.323684	2.11563	0.64145	2.80696
33114	-3444.606	-3610.492	165.8854	1.30815	2.280211	0.4170362	2.928994
33120	-3433.686	-3599.625	165.9387	1.30815	2.114512	0.4371075	2.928994
33126	-3438.888	-3604.983	166.095	1.29741	2.021232	0.4612454	2.847215
33132	-3443.307	-3609.389	166.0813	1.352914	1.951835	0.4669495	2.840632
33138	-3447.896	-3612.813	164.9175	1.344815	1.951835	0.8258339	3.241456
33144	-3444.179	-3609.948	165.7694	1.385207	2.362593	0.6105414	2.734655
33150	-3443.663	-3608.744	165.0813	1.414983	2.482569	0.6088507	3.097016
33156	-3436.277	-3602.503	166.2259	1.591201	2.820099	0.4591781	2.334652
33162	-3444.14	-3609.992	165.852	1.540059	2.276815	0.6313633	2.597887
33168	-3437.465	-3605.15	167.6852	1.618545	1.742412	0.6313633	1.536135
33174	-3420.838	-3588.278	167.4399	1.651234	1.859232	0.4407801	1.848765
33180	-3422.24	-3589.485	167.2447	1.528967	1.741594	0.4537612	2.096241
33186	-3425.929	-3592.821	166.8925	1.439336	1.838542	0.4877803	2.304046
33192	-3428.061	-3594.875	166.8134	1.410203	1.838542	0.4877803	2.372884
33198	-3431.29	-3597.78	166.4899	1.567453	1.729475	0.4877803	2.521341
33204	-3429.062	-3594.548	165.4858	1.294356	2.227737	0.6059444	3.008382
33210	-3427.736	-3593.162	165.4263	1.291403	2.236467	0.6059444	3.04296
33216	-3438.816	-3604.414	165.598	1.425353	2.129983	0.6519644	2.855097
33222	-3437.017	-3602.873	165.8567	1.425353	2.129983	0.4818085	2.855097
33228	-3433.958	-3600.562	166.604	1.534839	2.129983	0.415485	2.398775
33234	-3443.302	-3607.768	164.4664	1.484218	1.944955	1.172106	3.221979
33240	-3440.745	-3606.065	165.3197	1.35614	1.944955	0.7844344	3.026836
33246	-3439.215	-3604.504	165.2886	1.487336	2.833951	0.7844344	2.689303
33252	-3430.798	-3595.797	164.9991	1.557601	2.067224	0.9621503	2.93703
33258	-3431.014	-3597.024	166.0099	1.354772	2.067224	0.5976941	2.715421
33264	-3426.373	-3591.978	165.605	1.265552	1.647642	0.4306183	3.33167
33270	-3444.507	-3609.234	164.7272	1.302435	2.509504	0.4348561	3.5294
33276	-3422.401	-3588.055	165.6536	1.283306	2.065648	0.4348561	3.133593
33282	-3424.629	-3590.031	165.4028	1.391359	2.065648	0.5182847	3.133593
33288	-3434.572	-3599.698	165.1265	1.194005	2.065648	0.5040261	3.426694
33294	-3443.669	-3609.13	165.4613	1.341589	2.195445	0.3409215	3.27985
33300	-3443.069	-3609.201	166.1317	1.32836	2.10692	0.5340369	2.702322
33306	-3427.511	-3592.543	165.0317	1.276742	2.358306	0.3741684	3.478836
33312	-3426.697	-3591.916	165.2185	1.296673	2.185439	0.3741684	3.411569
33318	-3425.326	-3590.374	165.0479	1.213237	2.185439	0.3741684	3.559887
33324	-3442.478	-3606.287	163.8086	1.141713	1.758257	0.3741684	4.454407
33330	-3424.921	-3589.05	164.1294	1.30163	2.138666	0.7992614	3.682552
33336	-3428.72	-3593.899	165.1789	1.40031	2.356834	0.4678666	3.217344
33342	-3425.421	-3590.666	165.2455	1.327988	2.356834	0.4711985	3.217344
33348	-3421.208	-3587.708	166.5002	1.323452	1.731369	0.4441363	2.711933
33354	-3428.809	-3595.404	166.5952	1.458547	1.731369	0.3392983	2.696868
33360	-3427.415	-3594.26	166.845	1.504186	2.104614	0.539408	2.136791
33366	-3424.171	-3591.287	167.1161	1.579294	2.0812	0.539408	1.91568
33372	-3427.297	-3593.728	166.4309	1.448148	1.949446	0.539408	2.494244
33378	-3435.846	-3602.246	166.3996	1.483218	1.943148	0.539408	2.494244
33384	-3431.737	-3598.427	166.6893	1.483218	1.790608	0.539408	2.371344
33390	-3419.388	-3585.408	166.0206	1.318687	1.914992	0.479119	2.898895
33396	-3425.83	-3591.479	165.649	1.302613	1.914992	0.5762377	3.038896
33402	-3426.727	-3592.098	165.3716	1.230059	1.914992	0.4940223	3.323501
33408	-3420.463	-3586.795	166.3322	1.415453	2.046782	0.4486076	2.634511
33414	-3431.737	-3598.285	166.5479	1.329889	1.974624	0.4486076	2.580085
33420	-3437.341	-3603.528	166.1873	1.337267	1.811665	0.4486076	2.857733
33426	-3434.049	-3599.066	165.0166	1.369064	1.703183	0.6862575	3.362486
33432	-3434.224	-3599.219	164.9953	1.312741	2.180659	0.4518102	3.448514
33438	-3430.364	-3596.156	165.7915	1.455354	2.295282	0.4185422	2.890296
33444	-3439.422	-3605.756	166.3346	1.401023	2.011693	0.4185422	2.688266
33450	-3436.455	-3603.355	166.9002	1.533206	2.382885	0.4185422	2.119142
33456	-3433.805	-3600.584	166.7787	1.5776	1.905099	0.4415835	2.313494
33462	-3413.687	-3580.943	167.2556	1.547371	1.905099	0.4415835	2.023118
33468	-3417.969	-3583.693	165.7235	1.382595	1.905099	0.5099662	3.011929
33474	-3411.483	-3577.493	166.0108	1.365973	2.389317	0.5099662	2.684303
33480	-3433.114	-3597.903	164.7891	1.208783	2.389317	0.5099662	3.507512
33486	-3416.913	-3581.81	164.8965	1.291658	1.875858	0.5719641	3.507512
33492	-3426.351	-3591.327	164.9765	1.308526	2.007081	0.6231667	3.360989
33498	-3428.965	-3593.484	164.5189	1.344002	2.094574	0.5410075	3.649088
33504	-3437.103	-3601.672	164.5697	1.261663	1.683347	0.7074878	3.677149
33510	-3429.041	-3594.71	165.6692	1.534193	2.072501	0.7074878	2.720141
33516	-3413.832	-3580.221	166.389	1.440771	1.596942	0.6816969	2.539284
33522	-3423.218	-3588.995	165.7772	1.424732	2.585235	0.7347452	2.534464
33528	-3428.746	-3594.378	165.6323	1.378917	2.585235	0.5309979	2.8279
33534	-3430.402	-3596.412	166.0101	1.420948	2.585235	0.60642	2.499195
33540	-3433.761	-3600.364	166.603	1.404988	2.378047	0.4567065	2.350268
33546	-3435.516	-3602.024	166.5076	1.506284	1.823753	0.4567065	2.543941
33552	-3443.54	-3610.3	166.7602	1.474007	1.823753	0.4567065	2.405865
33558	-3439.156	-3603.413	164.2564	1.15461	1.823753	0.4399578	4.098805
33564	-3437.06	-3602.316	165.2564	1.239864	1.823753	0.5758969	3.342691
33570	-3428.624	-3593.007	164.3829	1.094095	1.911188	0.5036066	3.967651
33576	-3437.67	-3600.988	163.3177	0.9795879	1.431156	0.5036066	4.817299
33582	-3433.01	-3596.295	163.2849	1.025762	1.593746	0.5036066	4.74355
33588	-3440.075	-3604.005	163.9304	1.020312	1.593746	0.4451051	4.440782
33594	-3429.621	-3593.606	163.9847	1.042841	1.716751	0.5993395	4.209578
33600	-3426.779	-3589.575	162.7957	1.094917	1.99019	0.5993395	4.753584
33606	-3427.166	-3590.667	163.5013	1.12812	1.99019	0.5993395	4.338496
33612	-3425.727	-3590.735	165.0085	1.355908	2.265837	0.721187	3.151231
33618	-3422.262	-3587.439	165.1768	1.323351	2.546888	0.4745379	3.20118
33624	-3418.329	-3583.519	165.1895	1.407271	2.01164	0.6424247	3.159374
33630	-3411.303	-3578.007	166.7036	1.482093	1.763143	0.5751	2.339501
33636	-3422.244	-3588.572	166.3284	1.55519	2.20996	0.6007638	2.339501
33642	-3428.795	-3595.762	166.9672	1.668556	1.863617	0.6007638	1.980424
33648	-3425.855	-3592.385	166.5301	1.506532	1.863617	0.4641896	2.506022
33654	-3431.177	-3598.056	166.8783	1.492537	1.708048	0.54579	2.272943
33660	-3435.575	-3602.116	166.5413	1.526312	1.965872	0.4097208	2.509682
33666	-3437.412	-3603.527	166.115	1.347062	1.947475	0.676366	2.631185
33672	-3427.568	-3592.134	164.5666	1.292979	1.999636	0.676366	3.569444
33678	-3435.627	-3600.639	165.0127	1.257247	2.055871	0.4229239	3.542118
33684	-3434.204	-3599.671	165.4667	1.231361	2.055871	0.47956	3.231969
33690	-3433.25	-3599.451	166.2013	1.397546	2.149574	0.39144	2.755728
33696	-3425.477	-3591.669	166.1911	1.370897	1.805346	0.5283798	2.755728
33702	-3425.596	-3592.13	166.5338	1.370897	1.844266	0.4671109	2.592402
33708	-3436.33	-3602.897	166.5669	1.3378	1.844266	0.4671109	2.592402
33714	-3446.169	-3612.992	166.8229	1.475036	1.921261	0.4671109	2.315655
33720	-3433.906	-3600.803	166.8968	1.475036	1.802255	0.4671109	2.315655
33726	-3448.696	-3615.784	167.0875	1.457371	1.337737	0.5081104	2.372133
33732	-3445.36	-3612.248	166.888	1.37725	1.694031	0.5081104	2.384369
33738	-3429.411	-3596.055	166.6438	1.52826	1.99668	0.5081104	2.323256
33744	-3437.273	-3603.883	166.6099	1.567249	1.99668	0.7239519	2.120087
33750	-3430.86	-3597.194	166.3334	1.451122	1.78023	0.5190601	2.638158
33756	-3434.836	-3601.687	166.8501	1.561088	1.779127	0.5190601	2.244328
33762	-3434.531	-3601.265	166.7339	1.624763	1.779127	0.6336972	2.167256
33768	-3440.256	-3606.718	166.4619	1.575939	2.07672	0.6336972	2.258253
33774	-3433.351	-3599.356	166.0048	1.3526	2.07672	0.5111762	2.797874
33780	-3439.285	-3604.992	165.7064	1.422534	2.642193	0.4731479	2.797874
33786	-3436.37	-3601.453	165.0829	1.259926	2.176268	0.4671539	3.413793
33792	-3446.882	-3612.887	166.0054	1.357514	2.111694	0.4065035	2.894221
33798	-3446.086	-3611.911	165.8254	1.306489	2.111694	0.4065035	3.033216
33804	-3445.022	-3610.162	165.14	1.283672	2.111694	0.387662	3.473291
33810	-3446.962	-3613.285	166.3226	1.351874	1.543849	0.387662	2.945177
33816	-3428.084	-3594.136	166.0523	1.450922	2.354006	0.387662	2.75193
33822	-3457.857	-3625.006	167.1493	1.566308	2.002184	0.4686075	2.010867
33828	-3449.587	-3616.072	166.4849	1.479508	2.139883	0.4686075	2.444917
33834	-3427.925	-3593.194	165.2696	1.273488	2.219815	0.4174766	3.334819
33840	-3426.844	-3592.074	165.2307	1.269092	2.219815	0.4174766	3.360277
33846	-3443.822	-3609.167	165.3458	1.460661	2.466301	0.4702322	3.046736
33852	-3445.444	-3610.894	165.4498	1.318863	2.466301	0.4361373	3.105369
33858	-3430.706	-3595.542	164.8358	1.19998	2.466301	0.5293765	3.444528
33864	-3436.75	-3600.527	163.7774	1.109036	2.776431	0.5293765	4.023356
33870	-3421.384	-3586.204	164.8198	1.220749	2.566468	0.5293765	3.413039
33876	-3428.683	-3594.431	165.7482	1.370454	1.988349	0.4513284	3.03427
33882	-3425.046	-3590.875	165.8281	1.352262	2.146043	0.4513284	2.943077
33888	-3436.016	-3601.903	165.8864	1.309182	2.07166	0.5287432	2.880681
33894	-3430.381	-3596.681	166.3004	1.461102	1.554067	0.3771264	2.90089
33900	-3425.743	-3592.728	166.9848	1.487074	1.936379	0.5814252	2.078505
33906	-3432.99	-3599.904	166.9141	1.64092	2.02942	0.6445136	1.926191
33912	-3428.948	-3596.251	167.3021	1.606138	1.787943	0.6445136	1.785102
33918	-3432.674	-3599.983	167.3097	1.579621	2.078017	0.5195087	1.80595
33924	-3445.803	-3613.304	167.501	1.579621	1.762603	0.5195087	1.80595
33930	-3422.792	-3590.059	167.2671	1.579621	1.749928	0.5195087	1.970675
33936	-3430.546	-3598.321	167.7759	1.78363	1.749928	0.4782494	1.517936
33942	-3421.442	-3589.178	167.736	1.78363	1.88293	0.4782494	1.484712
33948	-3425.163	-3593.051	167.8885	1.805354	1.88293	0.3833668	1.484712
33954	-3432.388	-3599.809	167.4208	1.494359	2.219858	0.3833668	1.900477
33960	-3419.122	-3586.861	167.7392	1.666587	1.925009	0.4040902	1.647903
33966	-3423.242	-3590.635	167.3926	1.694013	2.282055	0.4040902	1.731351
33972	-3430.938	-3598.164	167.226	1.626975	2.577411	0.4884398	1.684624
33978	-3425.916	-3593.474	167.5577	1.657493	1.905213	0.4884398	1.684624
33984	-3424.07	-3591.487	167.4179	1.657493	2.281909	0.4729847	1.6507
33990	-3429.082	-3596.659	167.5766	1.627353	1.774225	0.4729847	1.768823
33996	-3427.643	-3594.863	167.2203	1.660347	2.602282	0.4146352	1.749186
34002	-3425.451	-3592.89	167.4386	1.667662	2.00752	0.3992732	1.83022
34008	-3434.777	-3601.28	166.5035	1.590792	2.04928	0.6255025	2.23947
34014	-3435.359	-3602.268	166.9093	1.432841	1.878513	0.4954871	2.273295
34020	-3432.545	-3598.405	165.8606	1.424518	2.279258	0.4954871	2.789945
34026	-3435.618	-3600.924	165.3057	1.527577	2.841203	0.6063338	2.795126
34032	-3427.788	-3594.127	166.3396	1.432648	1.949582	0.5789957	2.523053
34038	-3440.147	-3606.885	166.7381	1.550549	1.644076	0.6004124	2.300596
34044	-3430.381	-3595.887	165.5066	1.57484	2.295532	0.6052123	2.805299
34050	-3419.155	-3584.661	165.5063	1.463668	2.28913	0.6052123	2.874969
34056	-3433.713	-3600.596	166.8826	1.434494	1.806743	0.443674	2.374943
34062	-3431.436	-3597.786	166.3498	1.45937	1.965588	0.3718107	2.715511
34068	-3435.467	-3601.414	165.9474	1.300376	1.965588	0.4304246	2.987521
34074	-3435.658	-3601.02	165.3617	1.271878	2.573067	0.4304246	3.160888
34080	-3423.295	-3588.517	165.2223	1.257043	1.899581	0.5285776	3.367872
34086	-3434.78	-3600.891	166.1115	1.361085	2.13819	0.5992603	2.622974
34092	-3442.422	-3608.011	165.5883	1.334082	2.400657	0.5704288	2.899864
34098	-3435.344	-3600.576	165.2314	1.176124	2.400657	0.5190861	3.255056
34104	-3424.39	-3590.376	165.9855	1.495105	2.400657	0.4699021	2.658249
34110	-3433.015	-3599.706	166.6911	1.488712	2.536375	0.3720977	2.292086
34116	-3418.335	-3584.909	166.5743	1.444301	2.123158	0.5712919	2.311677
34122	-3438.781	-3605.041	166.2607	1.380118	2.123158	0.5712919	2.549576
34128	-3428.418	-3594.966	166.5478	1.306488	2.495589	0.3992516	2.476754
34134	-3436.215	-3602.714	166.4992	1.517535	2.616766	0.4746153	2.249691
34140	-3438.757	-3604.963	166.2057	1.458205	2.024087	0.5119397	2.627802
34146	-3427.035	-3592.986	165.951	1.242543	1.807187	0.5119397	2.994114
34152	-3427.997	-3593.757	165.7607	1.350672	1.791456	0.5119397	3.04932
34158	-3422.354	-3587.55	165.196	1.36533	2.242341	0.5119397	3.219792
34164	-3441.411	-3607.583	166.1718	1.316467	1.990484	0.586221	2.677178
34170	-3434.265	-3599.388	165.1235	1.265987	2.715493	0.4575524	3.237014
34176	-3436.621	-3601.832	165.2108	1.284052	2.620406	0.4237432	3.237014
34182	-3446.584	-3612.01	165.4255	1.182741	2.252595	0.4321196	3.270131
34188	-3435.423	-3601.077	165.6545	1.320434	1.896165	0.3367615	3.285478
34194	-3439.012	-3604.98	165.9687	1.380336	1.85743	0.5630249	2.832708
34200	-3458.071	-3623.823	165.7518	1.291554	2.490138	0.3372243	3.051077
34206	-3449.101	-3615.372	166.2707	1.410799	2.134365	0.3372243	2.778367
34212	-3438.485	-3605.35	166.8652	1.513799	1.591621	0.5556232	2.30881
34218	-3437.429	-3604.16	166.7307	1.599969	2.050033	0.4687371	2.244255
34224	-3422.874	-3589.612	166.7377	1.473208	1.710416	0.4687371	2.453419
34230	-3436.023	-3603.195	167.1719	1.528221	1.415858	0.4687371	2.276332
34236	-3435.444	-3602.872	167.4282	1.582009	1.619193	0.4687371	1.976671
34242	-3449.838	-3616.425	166.5872	1.484743	1.947607	0.4151951	2.507306
34248	-3450.881	-3617.21	166.3292	1.503317	2.121928	0.4151951	2.593441
34254	-3441.492	-3608.797	167.3053	1.59656	1.846432	0.5302456	1.880236
34260	-3440.56	-3607.945	167.3844	1.630367	1.938478	0.4777075	1.823507
34266	-3435.293	-3602.679	167.3864	1.62832	1.938478	0.4777075	1.823507
34272	-3441.239	-3609.116	167.8775	1.682787	1.586077	0.4046083	1.694419
34278	-3441.003	-3608.796	167.7924	1.731543	1.836737	0.3403858	1.694419
34284	-3431.154	-3598.603	167.4493	1.785594	2.155753	0.4094699	1.667436
34290	-3430	-3597.18	167.1802	1.645795	2.155753	0.3649521	2.00891
34296	-3426.783	-3593.743	166.9607	1.550292	1.873551	0.3649521	2.321018
34302	-3434.63	-3601.629	166.9996	1.575004	2.326174	0.456484	1.99977
34308	-3428.158	-3595.186	167.028	1.64862	2.643877	0.456484	1.824321
34314	-3436.747	-3603.492	166.7451	1.589411	1.826605	0.4703829	2.326033
34320	-3434.533	-3601.403	166.8698	1.576465	1.938791	0.4703829	2.210088
34326	-3435.661	-3602.684	167.0223	1.46964	1.938791	0.4443778	2.210088
34332	-3434.546	-3601.259	166.7128	1.503282	2.439995	0.4443778	2.210907
34338	-3431.939	-3598.01	166.0707	1.37931	1.992292	0.5103589	2.772061
34344	-3445.586	-3612.099	166.5131	1.527599	2.124511	0.5289831	2.338844
34350	-3433.593	-3599.885	166.2916	1.600008	2.124511	0.5289831	2.433161
34356	-3427.067	-3594.057	166.9904	1.584586	2.124511	0.5289831	1.991262
34362	-3430.171	-3596.967	166.7963	1.505597	2.566249	0.4732545	2.081464
34368	-3422.874	-3589.545	166.6707	1.459817	2.566249	0.4039834	2.274228
34374	-3428.272	-3594.746	166.4741	1.338815	1.909637	0.3844776	2.718292
34380	-3423.837	-3589.863	166.0266	1.37321	2.227649	0.3844776	2.859184
34386	-3439.814	-3605.54	165.7258	1.218037	2.227649	0.408284	3.105386
34392	-3430.197	-3596.601	166.4048	1.445688	2.02558	0.4734509	2.551471
34398	-3434.369	-3601.032	166.6624	1.455757	2.02558	0.493251	2.362391
34404	-3429.279	-3595.498	166.2197	1.419858	2.062606	0.4494554	2.694555
34410	-3433.168	-3600.839	167.671	1.63038	1.789409	0.5115193	1.647495
34416	-3434.625	-3602.427	167.8017	1.634435	1.789409	0.5115193	1.549394
34422	-3434.365	-3602.153	167.7876	1.720752	1.904057	0.5115193	1.441338
34428	-3433.264	-3601.159	167.8956	1.720752	1.733278	0.5115193	1.441338
34434	-3433.213	-3600.999	167.7862	1.684875	2.143968	0.4132717	1.494147
34440	-3436.306	-3603.782	167.476	1.684875	2.143968	0.4727964	1.643235
34446	-3442.886	-3610.376	167.4892	1.713063	2.194081	0.5898375	1.454996
34452	-3444.831	-3612.733	167.9018	1.63073	2.194081	0.3973587	1.449705
34458	-3444.517	-3612.356	167.8392	1.841649	1.885899	0.3973587	1.472503
34464	-3455.842	-3623.766	167.9237	1.841649	2.019773	0.3973587	1.344911
34470	-3448.661	-3616.268	167.6067	1.559589	1.776147	0.4862541	1.778489
34476	-3440.057	-3607.908	167.851	1.785878	1.90223	0.4380642	1.440288
34482	-3433.62	-3601.421	167.8013	1.768839	2.183562	0.3829863	1.446874
34488	-3430.671	-3598.406	167.7349	1.810142	2.256027	0.3829863	1.43614
34494	-3427.136	-3594.743	167.6064	1.757	2.290885	0.3829863	1.558635
34500	-3436.853	-3604.976	168.1236	1.870333	1.77912	0.3837548	1.300802
34506	-3433.169	-3600.975	167.8058	1.933485	2.366901	0.3438305	1.300802
34512	-3425.824	-3593.776	167.9515	1.827894	1.555586	0.3558559	1.622627
34518	-3426.742	-3594.516	167.7738	1.730777	1.555586	0.4440959	1.69733
34524	-3434.247	-3601.881	167.6342	1.565208	1.555586	0.4440959	1.908584
34530	-3436.458	-3604.041	167.5823	1.492831	1.555586	0.4440959	1.992153
34536	-3434.696	-3602.122	167.4257	1.55618	1.764868	0.4440959	1.959425
34542	-3430.506	-3597.771	167.2652	1.604381	1.903494	0.4440959	1.976322
34548	-3436.888	-3603.926	167.0383	1.575754	2.219575	0.4440959	2.025768
34554	-3431.655	-3599.229	167.574	1.608202	2.488107	0.4564732	1.516714
34560	-3422.838	-3590.606	167.7683	1.714278	2.263939	0.4564732	1.374821
34566	-3426.915	-3594.491	167.5755	1.753499	2.263939	0.5561717	1.36687
34572	-3439.551	-3607.24	167.6892	1.778481	2.263939	0.5561717	1.254729
34578	-3447.603	-3615.715	168.112	1.711687	1.992238	0.4393374	1.246569
34584	-3441.206	-3608.782	167.5762	1.781369	2.179994	0.4662209	1.492522
34590	-3423.961	-3591.783	167.8226	1.737508	2.296619	0.4045517	1.375136
34596	-3432.445	-3599.747	167.3021	1.701997	2.451282	0.4202833	1.706683
34602	-3420.588	-3588.119	167.5302	1.712521	2.008984	0.4202833	1.706683
34608	-3431.479	-3599.111	167.6324	1.812492	1.823209	0.4474369	1.607166
34614	-3430.633	-3598.403	167.7699	1.785007	2.170647	0.3716661	1.481057
34620	-3428.631	-3595.982	167.3517	1.699389	2.272438	0.3650836	1.813459
34626	-3432.78	-3599.617	166.8372	1.699389	2.330813	0.5791245	1.890188
34632	-3450.211	-3617.822	167.6103	1.59319	2.153317	0.4534332	1.633144
34638	-3434.854	-3602.454	167.5991	1.608851	2.07797	0.3904507	1.743268
34644	-3444.38	-3611.486	167.1067	1.548461	1.665229	0.5859454	2.067229
34650	-3431.249	-3598.255	167.0063	1.529543	1.932131	0.4191238	2.214217
34656	-3429.925	-3597.062	167.1368	1.509713	1.755186	0.4191238	2.214217
34662	-3433.338	-3599.823	166.4852	1.50804	1.796551	0.4716473	2.551334
34668	-3430.167	-3596.826	166.6583	1.45072	1.785101	0.3696922	2.60213
34674	-3438.004	-3603.961	165.9571	1.282775	2.302016	0.5824242	2.726897
34680	-3417.341	-3583.823	166.4821	1.41457	1.896596	0.4486793	2.597453
34686	-3422.443	-3588.809	166.3665	1.497008	1.896596	0.4335911	2.634752
34692	-3428.251	-3594.004	165.7528	1.397869	2.664237	0.4889552	2.761968
34698	-3436.741	-3603.473	166.7321	1.635544	2.695498	0.5444326	1.919407
34704	-3430.472	-3596.89	166.4187	1.480319	1.818537	0.4264764	2.650835
34710	-3435.101	-3601.32	166.2195	1.472976	1.818537	0.4683352	2.731742
34716	-3435.835	-3603.032	167.1974	1.480055	1.810481	0.4683352	2.113537
34722	-3425.525	-3591.762	166.2374	1.441112	2.180652	0.5498245	2.52668
34728	-3426.276	-3592.665	166.3893	1.583411	2.180652	0.5496487	2.341696
34734	-3429.84	-3596.764	166.924	1.513814	1.761048	0.4402939	2.320746
34740	-3443.377	-3610.23	166.8533	1.405187	1.667398	0.4533205	2.458584
34746	-3439.575	-3606.102	166.5265	1.416365	1.930883	0.4533205	2.550737
34752	-3433.431	-3599.552	166.1203	1.29176	1.831649	0.4533205	2.913117
34758	-3438.678	-3604.607	165.9285	1.468729	1.831649	0.4533205	2.922019
34764	-3443.045	-3606.191	163.1454	1.078747	2.063006	0.6219626	4.524743
34770	-3437.818	-3603.531	165.7126	1.268292	2.201028	0.6229865	2.88155
34776	-3437.218	-3602.882	165.6634	1.268292	2.201028	0.5108328	3.013589
34782	-3443.469	-3608.874	165.4045	1.277903	2.059854	0.7492262	3.008249
34788	-3435.425	-3600.436	165.0114	1.280997	2.809917	0.5748208	3.156469
34794	-3436.053	-3602.163	166.1103	1.47558	2.132596	0.5748208	2.577095
34800	-3432.575	-3599.159	166.5831	1.637704	2.132596	0.6060439	2.144885
34806	-3431.192	-3598.804	167.6119	1.795691	2.132596	0.4072361	1.554581
34812	-3438.45	-3606.621	168.1706	1.930969	1.797777	0.482424	1.037845
34818	-3431.772	-3599.456	167.6839	1.67115	1.797777	0.5487723	1.561675
34824	-3442.342	-3610.041	167.6985	1.873238	1.823552	0.4771277	1.474751
34830	-3438.311	-3606.426	168.1153	1.94084	1.483154	0.4771277	1.276528
34836	-3437.391	-3605.627	168.2364	1.902253	1.812146	0.3440809	1.23118
34842	-3442.336	-3610.347	168.0106	1.850189	1.812146	0.5336634	1.172859
34848	-3443.774	-3611.732	167.9578	1.884278	1.91211	0.5336634	1.134709
34854	-3435.436	-3603.484	168.0482	1.962038	2.017216	0.358155	1.209367
34860	-3444.426	-3612.007	167.5811	1.706851	1.880825	0.3136856	1.880094
34866	-3463.87	-3631.43	167.5605	1.706851	1.738149	0.442956	1.777714
34872	-3435.479	-3603.501	168.0219	1.957627	1.833309	0.4555284	1.171382
34878	-3435.298	-3603.366	168.0674	1.913479	2.064761	0.4407659	1.068565
34884	-3435.18	-3603.182	168.0022	1.892435	2.064761	0.4407659	1.147245
34890	-3435.463	-3602.637	167.1749	1.892435	2.064761	0.7773724	1.422793
34896	-3439.192	-3606.835	167.6428	1.799588	2.094359	0.5992512	1.299056
34902	-3432.612	-3600.027	167.4143	1.699948	1.767304	0.6155842	1.678136
34908	-3437.876	-3605.118	167.2414	1.699948	2.033184	0.3394496	2.013883
34914	-3435.102	-3602.411	167.3093	1.729661	2.033184	0.3394496	1.94861
34920	-3445.178	-3612.54	167.3619	1.60808	2.033184	0.3725515	1.94861
34926	-3444.308	-3611.043	166.7349	1.611521	2.509768	0.5546181	1.98256
34932	-3437.065	-3604.023	166.9581	1.50998	1.798357	0.4904904	2.229988
34938	-3440.141	-3606.988	166.8469	1.50998	1.798357	0.4904904	2.301362
34944	-3437.053	-3603.823	166.77	1.446478	1.708142	0.4904904	2.427605
34950	-3450.994	-3618.072	167.0771	1.546127	1.708142	0.4904904	2.167592
34956	-3439.726	-3607	167.2744	1.516191	1.793156	0.3539277	2.188468
34962	-3430.014	-3595.462	165.4481	1.382374	2.060781	0.6056393	3.034076
34968	-3437.676	-3603.217	165.5409	1.335697	2.060781	0.4237981	3.183137
34974	-3450.058	-3614.085	164.0273	1.36056	2.060781	0.8528532	3.697214
34980	-3435.534	-3600.908	165.3738	1.335815	2.038079	0.6199269	3.101841
34986	-3438.728	-3603.579	164.8517	1.318925	1.995688	0.5424737	3.502017
34992	-3439.943	-3603.392	163.4491	1.152652	2.453603	0.534431	4.267829
34998	-3443.745	-3608.845	165.1006	1.193241	1.899792	0.534431	3.470982
35004	-3440.884	-3606.932	166.0481	1.395453	2.170787	0.4966586	2.727709
35010	-3431.216	-3596.824	165.6081	1.232793	1.998926	0.4966586	3.14982
35016	-3426.164	-3590.958	164.7946	1.123037	1.998926	0.4966586	3.690669
35022	-3431.266	-3597.084	165.8171	1.310136	2.13108	0.4614335	2.969338
35028	-3420.233	-3586.061	165.8279	1.318119	2.13108	0.4499878	2.970183
35034	-3422.729	-3588.745	166.0161	1.271944	1.642644	0.4256719	3.091789
35040	-3427.651	-3593.206	165.5549	1.450288	2.418434	0.6456477	2.778359
35046	-3418.875	-3583.355	164.4807	1.231784	2.418434	0.6456477	3.54681
35052	-3429.345	-3593.102	163.7577	1.226459	2.418434	0.6456477	3.966962
35058	-3423.704	-3588.577	164.8731	1.368229	2.106077	0.3890008	3.579814
35064	-3432.57	-3597.814	165.2442	1.45366	2.36657	0.592	3.026123
35070	-3430.243	-3594.901	164.6579	1.239485	2.149613	0.592	3.566349
35076	-3424.534	-3589.478	164.9441	1.328611	2.149613	0.592	3.346936
35082	-3429.06	-3594.01	164.9498	1.308625	2.607693	0.5528407	3.25166
35088	-3441.382	-3606.232	164.8496	1.356793	2.463454	0.5528407	3.323677
35094	-3430.947	-3595.66	164.7133	1.319081	2.200575	0.5528407	3.505739
35100	-3436.119	-3601.485	165.3657	1.242005	2.200575	0.5528407	3.167315
35106	-3438.327	-3603.208	164.8811	1.293172	2.704052	0.5093963	3.315277
35112	-3428.97	-3594.562	165.5921	1.293172	2.214335	0.569597	2.981813
35118	-3429.389	-3595.445	166.0566	1.397737	1.908305	0.4747538	2.836236
35124	-3432.41	-3598.218	165.8081	1.363867	1.908305	0.4837856	2.997342
35130	-3422.235	-3588.144	165.9088	1.341937	1.650736	0.5373484	2.997163
35136	-3423.021	-3588.857	165.8355	1.395212	2.018921	0.5585395	2.849711
35142	-3428.725	-3594.469	165.7436	1.357236	1.85321	0.4958538	3.048145
35148	-3425.258	-3590.779	165.5214	1.340879	2.050605	0.5720877	3.048145
35154	-3423.107	-3587.812	164.7049	1.242001	2.181977	0.5720877	3.544345
35160	-3435.843	-3601.166	165.3232	1.190842	1.878434	0.5720877	3.315507
35166	-3432.057	-3597.668	165.6111	1.248303	1.880478	0.5720877	3.110261
35172	-3429.216	-3595	165.7843	1.230941	2.11967	0.5371522	2.965068
35178	-3427.753	-3593.099	165.3457	1.313032	2.11967	0.5371522	3.178032
35184	-3428.103	-3592.262	164.1589	1.184967	1.809612	0.5371522	4.048909
35190	-3428.282	-3592.488	164.2059	1.165381	1.809612	0.455629	4.110573
35196	-3427.003	-3591.458	164.4549	1.19344	2.242959	0.455629	3.807623
35202	-3432.822	-3595.58	162.7586	1.144988	1.994081	0.5434887	4.792002
35208	-3429.06	-3594.321	165.2613	1.383657	2.119485	0.6651477	3.075432
35214	-3426.511	-3592.155	165.6442	1.277409	2.287822	0.6651477	2.853974
35220	-3422.771	-3587.69	164.919	1.282541	1.961616	0.6651477	3.391647
35226	-3440.091	-3605.963	165.8725	1.274164	1.961616	0.5145146	2.962657
35232	-3432.493	-3599.932	167.4389	1.671334	1.961616	0.4069682	1.835954
35238	-3439.119	-3605.384	166.2643	1.672161	2.173126	0.6192538	2.301672
35244	-3429.221	-3596.097	166.8759	1.664825	2.173126	0.6192538	1.904979
35250	-3432.277	-3599.103	166.8259	1.476564	2.173126	0.4994826	2.184191
35256	-3435.276	-3601.486	166.2099	1.661238	2.173126	0.5829853	2.376683
35262	-3434.953	-3601.255	166.3021	1.578202	2.524103	0.5861427	2.25206
35268	-3442.367	-3608.054	165.6869	1.63014	2.524103	0.8607276	2.387133
35274	-3441.342	-3607.504	166.1613	1.720052	1.999356	1.02814	2.091455
35280	-3438.086	-3603.235	165.1489	1.512378	2.355642	0.8834149	2.82974
35286	-3427.798	-3593.117	165.3191	1.280938	2.069295	0.5951364	3.177615
35292	-3435.492	-3600.462	164.9695	1.187164	2.439758	0.5951364	3.322551
35298	-3441.923	-3607.092	165.1686	1.233623	2.0051	0.5354091	3.36975
35304	-3458.17	-3623.506	165.3358	1.299519	2.11044	0.523258	3.208014
35310	-3439.796	-3605.301	165.5049	1.32808	2.0051	0.5484192	3.102925
35316	-3451.334	-3618.489	167.155	1.533987	1.929439	0.5484192	1.970363
35322	-3438.892	-3606.632	167.7406	1.753493	1.862681	0.3810601	1.644137
35328	-3434.549	-3601.906	167.3572	1.778928	2.63957	0.3810601	1.600792
35334	-3433.287	-3601.058	167.7705	1.750154	2.418376	0.3810601	1.392866
35340	-3434.694	-3601.556	166.8614	1.576027	2.083523	0.4083087	2.233687
35346	-3439.432	-3606.085	166.6529	1.505257	2.083523	0.4083087	2.411666
35352	-3454.063	-3619.937	165.8738	1.400462	2.890243	0.542675	2.569458
35358	-3438.435	-3603.666	165.2301	1.342656	2.532478	0.4230631	3.216656
35364	-3432.8	-3598.618	165.8179	1.42943	2.298631	0.4505076	2.85369
35370	-3445.4	-3610.892	165.4923	1.354806	1.766164	0.5869222	3.147351
35376	-3446.192	-3611.648	165.4563	1.186016	1.766164	0.54595	3.305253
35382	-3443.929	-3607.157	163.228	1.171338	1.766164	0.7316792	4.445307
35388	-3442.34	-3607.634	165.2935	1.336199	1.766164	0.6771922	3.201263
35394	-3425.997	-3590.976	164.9795	1.335889	1.766164	0.9446522	3.201263
35400	-3417.848	-3583.804	165.9564	1.355214	1.766164	0.3974039	3.060603
35406	-3424.218	-3589.181	164.9636	1.308259	2.235448	0.4534043	3.450641
35412	-3429.428	-3594.743	165.3147	1.311175	1.912961	0.609148	3.204821
35418	-3432.024	-3597.8	165.7758	1.240458	2.193981	0.3737947	3.11331
35424	-3430.676	-3595.546	164.8699	1.214725	2.55225	0.5108829	3.408666
35430	-3441.198	-3605.339	164.1412	1.275337	1.945658	0.4902161	4.002991
35436	-3427.015	-3590.06	163.0446	0.9809309	1.945658	0.5485651	4.735535
35442	-3430.673	-3594.496	163.8231	1.229269	2.044661	0.7723682	3.949553
35448	-3429.119	-3593.824	164.7048	1.24107	2.0027	0.3519235	3.828447
35454	-3426.622	-3591.18	164.5576	1.16876	2.0027	0.5912819	3.714565
35460	-3431.712	-3597.191	165.4787	1.264435	1.893427	0.5912819	3.157734
35466	-3431.105	-3596.051	164.9462	1.245593	2.027774	0.5912819	3.435501
35472	-3430.488	-3595.122	164.6343	1.362927	2.43782	0.6953374	3.335519
35478	-3426.912	-3592.138	165.226	1.254992	2.618698	0.6678616	3.017722
35484	-3429.719	-3594.347	164.6278	1.222832	1.727481	0.7495738	3.61812
35490	-3451.467	-3616.585	165.1187	1.111059	1.727481	0.4857161	3.61812
35496	-3443.699	-3607.729	164.0298	1.191356	1.952081	0.4669604	4.134785
35502	-3437.385	-3602.37	164.9853	1.191356	1.952081	0.5261116	3.528628
35508	-3445.99	-3611.129	165.1384	1.29974	1.875319	0.5924037	3.343562
35514	-3444.689	-3610.011	165.3216	1.21362	2.399866	0.4911311	3.206896
35520	-3435.482	-3600.918	165.4354	1.273032	2.175483	0.5801176	3.090922
35526	-3432.803	-3597.975	165.1715	1.271113	2.175483	0.611258	3.221794
35532	-3435.364	-3601.184	165.8201	1.42528	2.175483	0.5953942	2.753365
35538	-3425.881	-3592.45	166.5691	1.441161	2.175483	0.4950842	2.375194
35544	-3430.738	-3597.449	166.7112	1.543189	1.810757	0.4950842	2.356728
35550	-3425.423	-3591.8	166.3764	1.4892	1.810852	0.52141	2.573601
35556	-3433.586	-3600.279	166.6927	1.551834	1.810852	0.3295291	2.560448
35562	-3456.317	-3623.41	167.0923	1.646388	2.422792	0.3387301	2.009866
35568	-3456.566	-3621.178	164.6124	1.190215	2.384335	0.5868598	3.553286
35574	-3450.88	-3614.783	163.9034	1.190215	1.779509	0.5868598	4.159201
35580	-3458.929	-3624.389	165.4593	1.538527	2.070839	0.6656978	2.879484
35586	-3454.276	-3620.104	165.8281	1.448631	2.070839	0.4808765	2.879484
35592	-3431.718	-3597.349	165.6312	1.376212	2.070839	0.5092852	3.013183
35598	-3439.315	-3604.272	164.9567	1.398505	2.473135	0.5092852	3.273865
35604	-3436.451	-3601.002	164.5516	1.319789	3.103948	0.6416376	3.273865
35610	-3429.556	-3595.491	165.935	1.415757	2.42925	0.4948041	2.703228
35616	-3437.945	-3603.595	165.6493	1.423695	1.883561	0.6453715	2.917797
35622	-3438.527	-3603.759	165.2326	1.272581	2.028042	0.6336571	3.215246
35628	-3455.829	-3621.771	165.9427	1.121475	1.667902	0.3922472	3.252195
35634	-3430.072	-3595.118	165.0463	1.32638	2.336353	0.6306613	3.196097
35640	-3432.943	-3597.592	164.6485	1.35765	2.529598	0.6477562	3.341092
35646	-3444.636	-3610.048	165.4119	1.388809	2.708137	0.6477562	2.81602
35652	-3449.058	-3613.313	164.2547	1.34885	2.708137	0.7574248	3.444036
35658	-3446.344	-3610.647	164.303	1.301295	2.708137	0.732072	3.462011
35664	-3441.112	-3605.239	164.1273	1.337293	2.174166	0.7339463	3.697775
35670	-3441.894	-3605.351	163.4572	1.239907	2.561207	0.567667	4.154684
35676	-3444.398	-3607.412	163.0136	1.201916	2.926368	0.5608693	4.338908
35682	-3456.355	-3621.055	164.7002	1.332669	2.360054	0.8587527	3.221291
35688	-3442.196	-3606.66	164.4634	1.461572	2.37636	0.937593	3.229609
35694	-3433.501	-3599.218	165.7164	1.426756	2.242427	0.7316652	2.680565
35700	-3433.821	-3599.14	165.3181	1.358635	2.178482	0.7316652	2.984864
35706	-3435.142	-3600.295	165.1529	1.360951	2.002655	0.5260358	3.313678
35712	-3426.161	-3591.777	165.617	1.294113	1.880705	0.5031549	3.143927
35718	-3425.246	-3590.079	164.8331	1.242205	1.880705	0.5031549	3.634267
35724	-3429.907	-3595.216	165.309	1.254522	2.198804	0.5031549	3.240928
35730	-3445.216	-3610.434	165.2183	1.352292	2.028265	0.5571778	3.242654
35736	-3439.818	-3604.736	164.9183	1.279203	2.480963	0.5571778	3.319925
35742	-3423.464	-3589.492	166.0276	1.304721	1.605429	0.4754797	3.027779
35748	-3425.799	-3590.18	164.3804	1.246704	2.418989	0.5260573	3.698952
35754	-3423.052	-3588.603	165.5512	1.264708	2.066562	0.4928653	3.145106
35760	-3421.339	-3587.081	165.7425	1.238381	1.52953	0.4928653	3.25134
35766	-3428.271	-3593.602	165.3309	1.23014	2.425212	0.4416712	3.234884
35772	-3436.847	-3602.028	165.1811	1.262786	2.500225	0.5931657	3.136617
35778	-3443.001	-3607.428	164.4269	1.429074	2.506482	1.132652	3.118831
35784	-3434.03	-3599.982	165.9515	1.468761	2.324405	0.5475453	2.641349
35790	-3433.916	-3599.827	165.911	1.308541	2.348571	0.5475453	2.756823
35796	-3441.365	-3607.228	165.8628	1.431376	2.406912	0.4743795	2.765845
35802	-3431.077	-3597.457	166.3795	1.37464	2.206793	0.4743795	2.547181
35808	-3435.845	-3601.73	165.8844	1.446085	3.028557	0.4932372	2.547181
35814	-3437.242	-3603.106	165.8648	1.5451	3.095246	0.6132102	2.363572
35820	-3424.777	-3592.219	167.4418	1.628289	2.686032	0.4425398	1.548064
35826	-3435.402	-3602.622	167.2206	1.496413	1.491935	0.4439442	2.256816
35832	-3438.33	-3605.108	166.7778	1.429428	2.266048	0.39348	2.335111
35838	-3431.269	-3597.873	166.6033	1.370484	1.75492	0.3656764	2.702513
35844	-3428.636	-3594.846	166.2098	1.409219	1.943323	0.542459	2.654894
35850	-3419.847	-3586.034	166.1869	1.423255	2.079758	0.4132604	2.747174
35856	-3436.494	-3601.594	165.1004	1.281501	2.621248	0.4132604	3.314991
35862	-3431.186	-3594.478	163.2916	1.065156	2.783385	0.466533	4.381414
35868	-3445.297	-3610.908	165.6109	1.205043	2.783385	0.5100598	2.910733
35874	-3430.285	-3597.549	167.2634	1.691652	2.026736	0.4835956	1.821794
35880	-3421.679	-3589.086	167.4065	1.645802	2.08633	0.4835956	1.730307
35886	-3425.997	-3593.007	167.0103	1.637019	2.331647	0.3779157	2.047494
35892	-3426.751	-3594.058	167.3066	1.637019	2.331647	0.4383107	1.768672
35898	-3434.398	-3601.273	166.8746	1.637019	2.401141	0.4383107	2.037619
35904	-3426.507	-3593.478	166.9711	1.561709	2.401141	0.4587753	1.999252
35910	-3432.417	-3599.547	167.1298	1.562042	1.736563	0.4178072	2.194373
35916	-3425.866	-3593.407	167.5405	1.610761	1.830398	0.508564	1.738964
35922	-3437.258	-3604.943	167.6845	1.610761	1.537754	0.508564	1.775832
35928	-3433.866	-3601.108	167.2414	1.610761	1.537754	0.5146576	2.068782
35934	-3446.973	-3614.386	167.413	1.634957	1.537754	0.5146576	1.938316
35940	-3438.555	-3606.081	167.5262	1.618887	1.537754	0.4761343	1.915987
35946	-3426.601	-3593.479	166.8778	1.599309	1.997696	0.4761343	2.160934
35952	-3428.106	-3594.553	166.4476	1.548358	2.142656	0.4391804	2.456765
35958	-3427.503	-3594.284	166.7808	1.582825	1.946343	0.4391804	2.295663
35964	-3434.737	-3602.459	167.7213	1.790986	1.946343	0.4391804	1.512831
35970	-3429.595	-3597.102	167.5071	1.766223	1.946343	0.5235927	1.583323
35976	-3431.453	-3598.551	167.0978	1.774874	2.403292	0.5235927	1.690634
35982	-3437.303	-3604.742	167.4384	1.816666	2.106732	0.535952	1.513496
35988	-3428.385	-3596.11	167.7254	1.877545	2.106732	0.535952	1.239856
35994	-3419.346	-3587.055	167.7096	1.877545	1.718057	0.535952	1.44143
36000	-3422.266	-3590.018	167.7522	1.780645	2.147592	0.3966195	1.470053
36006	-3430.83	-3598.647	167.8175	1.833582	2.029116	0.3966195	1.431053
36012	-3437.791	-3605.44	167.6495	1.744561	2.287671	0.5629419	1.296386
36018	-3425.123	-3593.253	168.1296	1.850358	1.658097	0.3377635	1.449425
36024	-3434.991	-3602.241	167.2493	1.80219	2.048576	0.3377635	1.936648
36030	-3424.686	-3592.64	167.9537	1.785272	1.710064	0.3377635	1.602744
36036	-3429.628	-3597.637	168.0094	1.799292	1.710064	0.3377635	1.5517
36042	-3429.324	-3596.923	167.599	1.834851	1.9518	0.4518674	1.5517
36048	-3432.843	-3600.487	167.6432	1.735626	1.9518	0.4518674	1.592044
36054	-3436.936	-3603.391	166.455	1.490144	2.431657	0.4850088	2.341897
36060	-3436.371	-3603.066	166.6948	1.420392	2.068738	0.4850088	2.357278
36066	-3426.297	-3593.117	166.8197	1.452004	1.71562	0.3730422	2.524961
36072	-3434.344	-3601.248	166.9034	1.452004	1.71562	0.4533445	2.377133
36078	-3432.61	-3598.989	166.3784	1.378072	1.944703	0.4131046	2.706048
36084	-3444.677	-3610.926	166.2489	1.363612	1.688795	0.4131046	2.892322
36090	-3438.256	-3604.578	166.3225	1.347405	1.688795	0.4917214	2.772766
36096	-3444.304	-3609.62	165.316	1.321804	2.193618	0.5241802	3.178355
36102	-3449.356	-3615.465	166.1086	1.295674	2.2942	0.603417	2.609315
36108	-3437.098	-3603.816	166.7183	1.472615	2.2942	0.5518651	2.160006
36114	-3430.937	-3597.064	166.1262	1.427299	2.617987	0.5518651	2.463676
36120	-3426.897	-3593.769	166.8726	1.486374	2.371047	0.4795668	2.1006
36126	-3438.45	-3605.237	166.7873	1.553739	2.386565	0.4874935	2.09835
36132	-3432.802	-3600.097	167.2949	1.568604	1.858325	0.3656441	2.09835
36138	-3433.671	-3600.942	167.2707	1.512635	1.858325	0.4608252	2.032565
36144	-3426.961	-3593.722	166.7607	1.449766	2.01302	0.4465495	2.359672
36150	-3428.956	-3595.301	166.3456	1.453207	2.01302	0.6271938	2.439215
36156	-3435.522	-3601.575	166.0525	1.391131	2.01302	0.6271938	2.660179
36162	-3425.781	-3591.764	165.9826	1.32352	1.604259	0.6271938	2.902664
36168	-3423.158	-3589.716	166.5579	1.40331	1.539853	0.3975002	2.76141
36174	-3426.016	-3589.96	163.9446	1.1928	2.2518	0.5517266	4.007062
36180	-3423.271	-3588.894	165.6221	1.27823	1.948041	0.4775653	3.151536
36186	-3428.505	-3594.649	166.1449	1.389633	2.211596	0.4775653	2.677983
36192	-3428.774	-3595.387	166.6123	1.508338	2.211596	0.4775653	2.311271
36198	-3433.68	-3599.853	166.1732	1.459829	2.116274	0.4092561	2.725155
36204	-3424.515	-3591.044	166.5287	1.440751	1.820809	0.7723908	2.284828
36210	-3428.222	-3595.178	166.9559	1.391287	1.805323	0.5372215	2.256161
36216	-3432.285	-3599.316	167.0307	1.357625	1.230532	0.4576215	2.579441
36222	-3431.871	-3599.327	167.4562	1.363	1.230532	0.4576215	2.308538
36228	-3438.352	-3604.678	166.3255	1.457716	1.399609	0.5384443	2.784375
36234	-3437.126	-3603.264	166.1385	1.281912	1.275553	0.5458873	3.056324
36240	-3446.627	-3613.28	166.6526	1.295347	1.275553	0.3314667	2.975236
36246	-3433.835	-3599.854	166.0195	1.263646	1.275553	0.4753975	3.206439
36252	-3432.211	-3598.349	166.138	1.344536	1.655966	0.5495896	2.843657
36258	-3429.196	-3595.681	166.4847	1.41108	2.229013	0.569975	2.354149
36264	-3433.095	-3599.194	166.0981	1.401959	2.21505	0.569975	2.606726
36270	-3438.942	-3604.888	165.9459	1.365971	1.944569	0.721985	2.688146
36276	-3438.802	-3605.167	166.3647	1.388114	1.513466	0.5419678	2.747372
36282	-3452.103	-3618.466	166.3638	1.573432	1.907683	0.5166232	2.496304
36288	-3448.771	-3615.024	166.2533	1.47895	1.681612	0.5972443	2.636505
36294	-3434.99	-3600.942	165.9521	1.207562	1.932883	0.5592274	2.922819
36300	-3425.609	-3591.486	165.8763	1.335955	2.031362	0.6149679	2.805849
36306	-3439.202	-3605.377	166.1745	1.283377	2.106618	0.4845993	2.75315
36312	-3426.202	-3592.504	166.3027	1.573074	2.28914	0.6638879	2.260951
36318	-3430.153	-3595.836	165.6825	1.452147	2.28914	0.7349946	2.66793
36324	-3432.616	-3597.968	165.3516	1.452147	2.723607	0.6162266	2.836686
36330	-3419.766	-3587.063	167.2977	1.613994	2.497513	0.3763023	1.814612
36336	-3422	-3589.511	167.5108	1.627677	2.064284	0.3763023	1.816508
36342	-3433.272	-3600.749	167.4767	1.702292	2.064284	0.3763023	1.788507
36348	-3423.478	-3590.96	167.4818	1.731632	1.947901	0.3763023	1.811848
36354	-3431.516	-3599.182	167.6662	1.750025	1.89988	0.3763023	1.69024
36360	-3422.721	-3589.972	167.2506	1.603412	1.720872	0.3763023	2.147934
36366	-3425.812	-3592.978	167.1665	1.480631	1.720872	0.4892149	2.147934
36372	-3424.588	-3591.536	166.9475	1.484895	1.950675	0.4048447	2.290873
36378	-3430.183	-3597.418	167.2343	1.566304	2.335363	0.4197582	1.889221
36384	-3439.809	-3607.165	167.3558	1.665789	2.739212	0.367925	1.669017
36390	-3445.912	-3613.393	167.4813	1.637295	1.973147	0.4007613	1.833648
36396	-3421.425	-3588.811	167.3854	1.633551	1.636395	0.5067876	1.919723
36402	-3439.984	-3607.303	167.3188	1.644295	1.636395	0.5273166	1.935069
36408	-3438.28	-3605.738	167.4581	1.64907	1.840218	0.3749652	1.931134
36414	-3444.896	-3612.504	167.6081	1.64154	1.650062	0.5096983	1.75148
36420	-3446.322	-3614.003	167.6801	1.64154	1.884507	0.3666103	1.777106
36426	-3449.378	-3616.952	167.574	1.529513	1.927973	0.4632605	1.783683
36432	-3427.312	-3594.873	167.5614	1.552599	1.682816	0.3806449	1.987423
36438	-3424.689	-3591.76	167.0717	1.556879	2.271883	0.3806449	2.076995
36444	-3421.851	-3589.568	167.7168	1.589006	1.776146	0.4224994	1.759815
36450	-3424.307	-3591.757	167.4502	1.60359	1.736072	0.3723601	2.01514
36456	-3425.762	-3593.342	167.5798	1.776447	1.969296	0.3723601	1.708692
36462	-3434.605	-3602.398	167.7939	1.776447	1.912685	0.3723601	1.579265
36468	-3429.677	-3597.472	167.7954	1.685578	1.90259	0.4272132	1.57171
36474	-3430.769	-3598.452	167.6826	1.743956	1.929281	0.3979415	1.639579
36480	-3435.719	-3603.418	167.6995	1.727117	1.929281	0.3979415	1.639579
36486	-3430.548	-3598.344	167.796	1.709594	1.816739	0.3930415	1.639579
36492	-3435.839	-3603.193	167.3542	1.770237	1.816739	0.5287834	1.740968
36498	-3431.741	-3599.058	167.3165	1.71616	1.957931	0.5320069	1.740968
36504	-3437.156	-3604.549	167.393	1.764823	1.977677	0.5663367	1.605412
36510	-3437.616	-3603.42	165.8039	1.387776	1.723719	0.580851	2.963258
36516	-3432.945	-3598.24	165.2957	1.322965	1.774048	0.6017442	3.266793
36522	-3441.885	-3607.93	166.0451	1.384155	1.92871	0.5459186	2.773328
36528	-3459.247	-3624.85	165.6033	1.425341	1.92871	0.6542391	2.920613
36534	-3455.398	-3621.598	166.2001	1.380145	1.750777	0.3843978	2.920613
36540	-3447.382	-3615.253	167.8708	1.60795	1.857548	0.4359203	1.581969
36546	-3438.19	-3606.313	168.123	1.68274	1.61056	0.3515098	1.581969
36552	-3437.851	-3605.253	167.4014	1.592983	2.226751	0.5312887	1.660969
36558	-3432.42	-3598.543	166.1229	1.525009	2.521667	0.5898664	2.39735
36564	-3439.039	-3605.751	166.7125	1.61475	2.014307	0.577245	2.147046
36570	-3438.042	-3604.131	166.0883	1.491846	2.25042	0.577245	2.538446
36576	-3448.239	-3615.116	166.8762	1.452062	1.570889	0.5879378	2.319471
36582	-3439.095	-3605.857	166.7628	1.471226	2.229791	0.4702239	2.240406
36588	-3428.334	-3594.32	165.9857	1.360965	2.229791	0.4109858	2.859609
36594	-3434.996	-3601.961	166.9646	1.511432	1.974777	0.4109858	2.246196
36600	-3437.171	-3604.165	166.994	1.429342	1.974777	0.4647432	2.217302
36606	-3436.791	-3603.058	166.2676	1.35717	1.974777	0.4647432	2.718505
36612	-3437.917	-3604.614	166.6966	1.394643	1.761382	0.407724	2.576309
36618	-3445.897	-3612.938	167.0409	1.527493	1.85943	0.407724	2.235764
36624	-3446.27	-3613.754	167.4835	1.808108	2.045194	0.5568112	1.488123
36630	-3442.517	-3609.616	167.0991	1.640476	2.236066	0.4823965	1.890663
36636	-3442.711	-3608.381	165.67	1.527675	2.313686	0.8323695	2.548782
36642	-3449.038	-3615.384	166.3458	1.485267	2.313686	0.5026383	2.433714
36648	-3455.835	-3622.03	166.1951	1.515514	2.486049	0.3959121	2.573292
36654	-3451.98	-3618.24	166.2602	1.450907	2.486049	0.3959121	2.57298
36660	-3456.899	-3623.196	166.2965	1.354988	1.976083	0.4924886	2.672587
36666	-3443.66	-3609.984	166.3236	1.362694	1.976083	0.5776588	2.568
36672	-3435.759	-3601.987	166.2286	1.397007	2.310729	0.4342697	2.636424
36678	-3437.571	-3603.788	166.2164	1.302102	2.061265	0.3599427	2.873322
36684	-3435.632	-3601.283	165.6515	1.32226	1.9407	0.5915505	3.002722
36690	-3438.367	-3603.803	165.4359	1.217384	1.9407	0.3968731	3.386511
36696	-3439.331	-3604.898	165.5671	1.267427	1.9407	0.3968731	3.279903
36702	-3438.989	-3604.056	165.0671	1.202458	2.199046	0.3679452	3.55796
36708	-3442.896	-3607.598	164.701	1.197911	2.199046	0.5822939	3.55796
36714	-3449.444	-3615.201	165.7574	1.293513	1.956513	0.5029891	3.033265
36720	-3445.652	-3610.852	165.2002	1.29769	1.956513	0.5029891	3.361089
36726	-3439.079	-3605.085	166.0065	1.317243	2.009713	0.5029891	2.849991
36732	-3439.106	-3604.236	165.1299	1.267421	2.000892	0.6349972	3.287218
36738	-3430.172	-3596.061	165.889	1.387982	2.002422	0.6349972	2.759458
36744	-3428.94	-3595.093	166.153	1.267395	1.96992	0.5503651	2.759458
36750	-3434.477	-3598.01	163.5327	1.234906	2.049144	1.045671	3.94228
36756	-3430.518	-3595.482	164.9637	1.22862	1.47067	0.4743054	3.754967
36762	-3418.223	-3583.224	165.0013	1.165743	1.647664	0.5274928	3.645816
36768	-3414.949	-3579.76	164.8107	1.215207	1.739349	0.6642143	3.575914
36774	-3414.723	-3579.39	164.6669	1.15819	1.739349	0.4784696	3.854297
36780	-3419.627	-3585.673	166.0454	1.334825	1.898037	0.4784696	2.881045
36786	-3424.233	-3589.963	165.7298	1.317858	1.898037	0.4918175	3.067432
36792	-3449.457	-3613.272	163.8143	1.413039	2.435507	0.6067129	3.854111
36798	-3447.767	-3612.446	164.6789	1.175199	2.314418	0.4993045	3.623823
36804	-3434.783	-3599.197	164.414	1.235181	2.376241	0.6116925	3.623823
36810	-3456.033	-3619.803	163.7696	1.119187	1.74729	0.3412458	4.531495
36816	-3435.476	-3599.444	163.968	1.057308	2.366031	0.369164	4.220034
36822	-3432.709	-3596.234	163.525	1.092764	2.245447	0.369164	4.486022
36828	-3423.609	-3587.428	163.8194	1.137055	2.486134	0.472971	4.114726
36834	-3431.853	-3595.054	163.2002	1.042106	2.061819	0.7213085	4.439899
36840	-3434.78	-3598.864	164.0842	1.223194	2.322175	0.5232155	3.914213
36846	-3442.382	-3606.617	164.2358	1.212251	2.401225	0.418268	3.914213
36852	-3435.382	-3599.66	164.2782	1.182995	2.401225	0.411286	3.914213
36858	-3424.843	-3589.027	164.1839	1.222727	2.200809	0.5019084	3.914213
36864	-3432.782	-3596.413	163.6309	1.175378	2.022423	0.6507933	4.186462
36870	-3459.603	-3621.164	161.5606	1.010531	1.904638	0.356106	5.743549
36876	-3440.868	-3604.565	163.6974	1.070064	1.904638	0.3425937	4.542331
36882	-3432.266	-3597.382	165.1163	1.192714	1.904638	0.4859585	3.506559
36888	-3431.516	-3596.294	164.7787	1.157917	2.074328	0.4610369	3.689578
36894	-3420.745	-3585.55	164.8047	1.192132	2.074328	0.4274815	3.689578
36900	-3421.024	-3586.277	165.2525	1.226418	2.013558	0.4289084	3.42799
36906	-3429.404	-3594.546	165.142	1.357996	2.22987	0.6497811	3.138164
36912	-3432.036	-3596.675	164.6384	1.329678	2.094797	0.6497811	3.495279
36918	-3426.572	-3591.208	164.636	1.337765	2.118497	0.7673996	3.395284
36924	-3428.978	-3593.673	164.6948	1.324857	2.118497	0.7303758	3.395284
36930	-3433.276	-3598.499	165.2236	1.217243	2.401413	0.351729	3.415524
36936	-3441.861	-3607.873	166.0121	1.328526	2.285466	0.3539357	2.913902
36942	-3429.414	-3594.697	165.2836	1.208168	2.242461	0.3539357	3.43151
36948	-3439.568	-3603.662	164.0934	1.262126	2.998826	0.3923261	3.836704
36954	-3425.842	-3591.271	165.4288	1.188374	2.449534	0.3923261	3.249142
36960	-3429.154	-3594.776	165.6227	1.308678	1.980344	0.3923261	3.213907
36966	-3437.209	-3602.898	165.6891	1.308678	2.252975	0.4247785	3.046616
36972	-3437.767	-3603.675	165.9082	1.355564	2.219305	0.3812608	2.947902
36978	-3430.147	-3596.228	166.0807	1.324851	2.219305	0.3801674	2.863635
36984	-3434.898	-3601.286	166.3878	1.335541	2.219305	0.3801674	2.669656
36990	-3440.889	-3606.87	165.9809	1.296105	1.82984	0.4851401	2.962014
36996	-3437.777	-3603.245	165.4677	1.296105	1.82984	0.6116248	3.151319
37002	-3436.557	-3601.701	165.144	1.296105	1.878951	0.6116248	3.324684
37008	-3443.838	-3609.221	165.3823	1.287045	1.534578	0.6116248	3.324684
37014	-3433.825	-3597.879	164.0543	1.192423	2.256213	0.7028801	3.820677
37020	-3433.719	-3597.893	164.1743	1.259713	2.256213	0.7028801	3.712739
37026	-3432.263	-3596.028	163.7658	1.105129	2.221117	0.6474394	4.088971
37032	-3434.195	-3597.242	163.0464	1.044295	1.914577	0.4917986	4.760637
37038	-3439.606	-3603.522	163.9161	1.167605	2.306839	0.4917986	4.076039
37044	-3438.98	-3602.898	163.9184	1.158593	1.82418	0.6829945	4.076039
37050	-3447.626	-3612.465	164.8389	1.19746	2.210397	0.5210299	3.529449
37056	-3444.472	-3609.278	164.8058	1.104863	2.071312	0.5678111	3.605157
37062	-3444.675	-3608.674	163.9996	1.103685	2.424023	0.6212686	3.91666
37068	-3450.118	-3615.571	165.4534	1.352414	2.424023	0.5372422	2.993703
37074	-3432.981	-3599.243	166.2619	1.393512	2.068297	0.5847254	2.547297
37080	-3436.977	-3603.38	166.4034	1.393512	1.832039	0.5847254	2.547297
37086	-3421.632	-3588.074	166.4414	1.416114	1.853339	0.4651723	2.620188
37092	-3429.31	-3597.099	167.7891	1.74455	1.95437	0.4554445	1.471303
37098	-3429.154	-3597.03	167.8755	1.866056	1.95437	0.4554445	1.308864
37104	-3431.143	-3597.928	166.7851	1.627011	2.280127	0.5832328	1.987866
37110	-3423.225	-3589.863	166.6381	1.627011	2.695082	0.5449528	1.987866
37116	-3430.121	-3596.805	166.6839	1.583847	2.842139	0.5449528	1.941391
37122	-3420.767	-3587.815	167.0481	1.596922	2.087613	0.5449528	1.941391
37128	-3426.282	-3593.784	167.5018	1.539233	2.087613	0.3918673	1.853194
37134	-3427.105	-3594.041	166.9364	1.60046	2.340279	0.3918673	2.099109
37140	-3441.095	-3607.805	166.71	1.459069	2.140912	0.3918673	2.404394
37146	-3421.415	-3586.685	165.2699	1.340986	2.278294	0.4228559	3.270534
37152	-3433.524	-3599.125	165.601	1.407687	1.971818	0.425433	3.133727
37158	-3435.143	-3599.015	163.8715	1.178355	1.847973	0.5582064	4.183882
37164	-3443.473	-3608.35	164.8771	1.295375	2.278294	0.5573405	3.395368
37170	-3438.102	-3603.855	165.7538	1.295375	1.86758	0.5573405	3.014973
37176	-3439.412	-3604.414	165.0024	1.21164	2.545264	0.3510655	3.507163
37182	-3434.336	-3599.662	165.3267	1.28103	2.055514	0.4706064	3.294479
37188	-3453.528	-3619.497	165.9685	1.294314	2.289131	0.4706064	2.82598
37194	-3451.798	-3618.675	166.8761	1.456506	1.494072	0.6043091	2.336815
37200	-3452.472	-3618.659	166.1865	1.445974	2.067725	0.3352599	2.833697
37206	-3434.705	-3600.904	166.1988	1.32925	2.04537	0.3352599	2.904693
37212	-3445.323	-3611.232	165.9089	1.380329	1.563406	0.3835347	3.171943
37218	-3426.729	-3592.651	165.922	1.328505	1.875149	0.305079	3.171943
37224	-3414.324	-3579.908	165.5841	1.2382	1.875149	0.4248418	3.279403
37230	-3434.151	-3599.913	165.7617	1.359203	1.856159	0.2789276	3.292242
37236	-3436.153	-3601.852	165.699	1.348853	1.745461	0.3418274	3.292242
37242	-3437.911	-3602.66	164.7492	1.261225	1.745461	0.8462817	3.451572
37248	-3442.252	-3607.048	164.7957	1.355413	1.973297	0.517458	3.54422
37254	-3431.506	-3597.708	166.2014	1.241952	1.973297	0.517458	2.775944
37260	-3431.858	-3597.397	165.5392	1.413711	2.351505	0.7136192	2.775944
37266	-3425.094	-3590.28	165.1855	1.355071	1.802456	0.4443377	3.450781
37272	-3427.61	-3592.443	164.8332	1.20652	2.152688	0.5477435	3.521361
37278	-3432.787	-3598.648	165.8611	1.240419	1.647433	0.6429328	2.994721
37284	-3438.537	-3603.762	165.2251	1.243768	1.687639	0.6193098	3.373559
37290	-3437.172	-3602.072	164.8998	1.22383	1.915165	0.5114423	3.586128
37296	-3436.866	-3602.706	165.8399	1.299891	2.06026	0.5659409	2.883484
37302	-3442.95	-3607.519	164.569	1.218705	2.124148	0.5659409	3.660762
37308	-3433.779	-3598.833	165.0541	1.244641	2.124148	0.4344001	3.490469
37314	-3435.821	-3600.473	164.6518	1.19852	1.350231	0.4344001	4.044789
37320	-3420.722	-3585.588	164.8662	1.154203	1.627442	0.5038794	3.760668
37326	-3430.543	-3597.494	166.9501	1.381779	1.627442	0.5038794	2.375143
37332	-3429.303	-3595.997	166.6946	1.442139	1.930526	0.5038794	2.375143
37338	-3439.513	-3606.281	166.7678	1.497063	1.938791	0.5920545	2.202368
37344	-3442.85	-3609.03	166.1797	1.355841	1.938791	0.5920545	2.661787
37350	-3436.277	-3602.502	166.2255	1.409648	2.225863	0.4747129	2.614194
37356	-3418.65	-3585.22	166.5702	1.44041	1.983275	0.5397218	2.398571
37362	-3433.376	-3599.561	166.1856	1.434312	2.584886	0.5397218	2.443723
37368	-3441.32	-3607.415	166.0949	1.410131	2.308328	0.5397218	2.601694
37374	-3452.226	-3617.959	165.7327	1.224344	2.159346	0.5397218	2.984349
37380	-3446.811	-3611.694	164.8827	1.131485	1.952329	0.5174934	3.63096
37386	-3438.209	-3603.205	164.9961	1.19785	2.625767	0.5174934	3.317495
37392	-3431.998	-3595.744	163.7459	1.142221	1.824532	0.5174934	4.320107
37398	-3425.884	-3590.316	164.4323	1.160446	2.044168	0.4591659	3.899445
37404	-3426.475	-3592.87	166.3941	1.334788	2.239787	0.4591659	2.568161
37410	-3425.166	-3590.997	165.8314	1.455843	2.239787	0.6053387	2.697482
37416	-3425.115	-3589.949	164.834	1.35152	1.766539	0.6508936	3.483188
37422	-3424.652	-3590.503	165.851	1.289637	2.359134	0.423767	2.928527
37428	-3421.836	-3588.695	166.8592	1.424005	1.67528	0.4799499	2.410603
37434	-3420.385	-3586.584	166.1992	1.424005	2.525421	0.4301559	2.575476
37440	-3444.921	-3610.867	165.9455	1.249376	1.316931	0.524527	3.190401
37446	-3435.543	-3600.521	164.9783	1.249376	2.481932	0.4471956	3.408609
37452	-3441.485	-3607.36	165.8753	1.338542	2.481932	0.4471956	2.820902
37458	-3433.935	-3600.984	167.0492	1.539048	2.164534	0.4471956	2.059114
37464	-3432.042	-3599.015	166.9731	1.558436	2.250338	0.4528874	2.059114
37470	-3431.669	-3598.883	167.2143	1.509228	1.424313	0.4583971	2.268744
37476	-3447.385	-3614.769	167.3838	1.582705	1.424313	0.4606237	2.108705
37482	-3439.687	-3607.328	167.6416	1.580548	1.628565	0.4759198	1.819968
37488	-3440.519	-3607.626	167.1065	1.569007	1.628565	0.4759198	2.184613
37494	-3436.26	-3603.579	167.3186	1.561692	1.611927	0.4759198	2.058145
37500	-3445.987	-3613.778	167.7914	1.836344	1.887249	0.3937763	1.517003
37506	-3437.271	-3604.923	167.6518	1.859783	2.300016	0.3923525	1.429783
37512	-3425.478	-3593.334	167.8561	1.865828	2.155801	0.3214293	1.441394
37518	-3434.425	-3602.429	168.0034	1.772544	1.886867	0.3214293	1.518911
37524	-3439.359	-3606.54	167.1812	1.549957	1.804043	0.3899231	2.175249
37530	-3445.734	-3613.21	167.4759	1.633435	1.699648	0.4813364	1.85805
37536	-3439.833	-3606.605	166.7716	1.637393	2.004991	0.5666412	2.107614
37542	-3458.287	-3625.732	167.4448	1.776158	2.320873	0.4473908	1.562756
37548	-3450.6	-3617.914	167.3138	1.776158	2.320873	0.5471187	1.537072
37554	-3439.668	-3606.879	167.2114	1.893758	2.291772	0.5471187	1.537072
37560	-3431.959	-3599.239	167.2808	1.894645	2.150758	0.5471187	1.541465
37566	-3434.77	-3602.557	167.7869	2.075329	2.150758	0.4050079	1.191209
37572	-3438.675	-3606.224	167.5494	1.902252	2.14047	0.5095129	1.381263
37578	-3434.279	-3602.323	168.044	1.741464	1.452936	0.5163484	1.456485
37584	-3447.438	-3615.285	167.8467	1.625214	1.473784	0.4487766	1.756406
37590	-3438.92	-3607.138	168.2181	1.79149	1.473784	0.4487766	1.359461
37596	-3447	-3615.192	168.192	1.757758	1.44744	0.3719911	1.531774
37602	-3437.432	-3605.57	168.1385	1.728473	1.560416	0.3719911	1.531774
37608	-3446.497	-3614.285	167.7885	1.768746	2.00631	0.3719911	1.548392
37614	-3431.222	-3599.146	167.9242	1.714126	1.351099	0.5160753	1.6242
37620	-3433.816	-3601.617	167.8007	1.708724	1.915953	0.4421208	1.524616
37626	-3453.095	-3621.206	168.1103	1.708724	1.568741	0.4421208	1.462883
37632	-3436.632	-3604.207	167.5746	1.728476	1.760412	0.3611782	1.851637
37638	-3439.045	-3606.317	167.2722	1.582497	1.744423	0.5410556	1.944756
37644	-3418.668	-3585.89	167.2217	1.502762	2.023251	0.4193697	2.055513
37650	-3427.469	-3594.097	166.6278	1.393093	1.672071	0.4193697	2.642785
37656	-3424.789	-3591.391	166.6014	1.452828	2.09453	0.426687	2.451491
37662	-3425.801	-3590.779	164.9783	1.42927	2.691401	0.4418703	3.249358
37668	-3428.165	-3592.52	164.355	1.203073	2.31412	0.5632837	3.736445
37674	-3424.939	-3588.537	163.5972	1.179462	1.818837	0.5632837	4.344626
37680	-3419.715	-3583.471	163.7565	1.134832	2.10259	0.5632837	4.183774
37686	-3423.956	-3586.597	162.6413	1.200579	2.10259	0.7980665	4.599061
37692	-3432.821	-3596.458	163.6369	1.381316	2.10259	0.7575038	3.960585
37698	-3431.107	-3595.871	164.7638	1.292178	2.219776	0.7575038	3.321327
37704	-3429.949	-3594.726	164.7769	1.337665	2.638115	0.6852934	3.216598
37710	-3433.128	-3598.276	165.1485	1.255176	2.288265	0.4614604	3.348571
37716	-3435.669	-3601.176	165.5074	1.351041	2.288265	0.6488771	2.905463
37722	-3423.946	-3589.345	165.3991	1.306968	1.987087	0.66167	3.087163
37728	-3424.67	-3589.442	164.7714	1.311325	1.907484	0.66167	3.483013
37734	-3433.796	-3599.103	165.3061	1.366037	1.914677	0.5394554	3.2387
37740	-3433.344	-3599.047	165.7025	1.386454	1.914677	0.5394554	2.990454
37746	-3443.507	-3609.686	166.1786	1.42904	2.298966	0.3751982	2.720733
37752	-3441.888	-3607.866	165.9782	1.279911	1.746563	0.3751982	3.126247
37758	-3448.4	-3615.467	167.0674	1.637111	1.828295	0.4790345	2.076279
37764	-3454.127	-3621.458	167.3309	1.472733	1.746273	0.4679757	2.058083
37770	-3448.14	-3613.848	165.7084	1.145374	1.684014	0.5168126	3.23963
37776	-3443.507	-3609.987	166.4805	1.242456	1.403855	0.4736989	2.883481
37782	-3440.745	-3606.47	165.725	1.232733	2.009131	0.4743008	3.099167
37788	-3434.574	-3600.691	166.1167	1.367729	2.221636	0.5875716	2.597937
37794	-3441.129	-3607.935	166.806	1.400437	1.981307	0.5177902	2.297043
37800	-3436.725	-3603.101	166.3759	1.430323	1.867046	0.3734534	2.751911
37806	-3435.832	-3602.027	166.1955	1.564903	2.066174	0.3734534	2.707437
37812	-3442.643	-3610.771	168.128	1.79591	1.748438	0.3432335	1.43732
37818	-3447.005	-3614.912	167.9079	1.761506	1.748438	0.3509085	1.614571
37824	-3438.032	-3603.047	165.0146	1.169816	2.645668	0.4672183	3.367009
37830	-3434.621	-3600.249	165.6282	1.162509	1.905287	0.4672183	3.242334
37836	-3438.434	-3603.348	164.9135	1.28317	1.905287	0.4672183	3.590331
37842	-3442.452	-3607.168	164.7165	1.28202	2.414852	0.4204435	3.590331
37848	-3426.34	-3591.039	164.6994	1.187243	2.189193	0.5812352	3.569164
37854	-3429.61	-3594.827	165.2168	1.352754	2.35899	0.6049203	3.093896
37860	-3440.05	-3607.417	167.3673	1.732379	2.266151	0.4284185	1.695831
37866	-3428.275	-3594.242	165.9666	1.437554	2.471834	0.5269256	2.625088
37872	-3448.297	-3613.973	165.6756	1.500891	2.471834	0.5269256	2.764804
37878	-3442.718	-3608.594	165.8755	1.345544	2.289376	0.5269256	2.79455
37884	-3443.476	-3608.727	165.251	1.247114	2.255503	0.5775563	3.192519
37890	-3438.497	-3603.932	165.4353	1.289506	2.473023	0.5775563	2.990576
37896	-3427.889	-3592.385	164.4963	1.2544	2.103543	0.5261595	3.724593
37902	-3442.197	-3604.037	161.8399	0.9162127	2.103543	0.5423665	5.394336
37908	-3435.331	-3599.287	163.9565	1.007951	2.24984	0.5785355	4.083167
37914	-3436.342	-3601.66	165.3179	1.074	2.24984	0.4115043	3.420686
37920	-3435.997	-3600.353	164.3561	1.160133	1.802719	0.6861054	3.830029
37926	-3429.339	-3594.967	165.6282	1.284875	1.802719	0.524085	3.151562
37932	-3424.669	-3589.936	165.2671	1.284012	1.791705	0.648094	3.261328
37938	-3428.562	-3594.313	165.7503	1.475491	2.048327	0.7032752	2.718271
37944	-3429.248	-3596.148	166.9004	1.602173	2.471565	0.3371235	2.151492
37950	-3426.634	-3593.949	167.3152	1.602173	2.119383	0.3879887	1.930221
37956	-3450.532	-3617.696	167.1635	1.665086	2.119383	0.3731771	2.009512
37962	-3439.835	-3607.348	167.513	1.756342	2.234215	0.3731771	1.662991
37968	-3438.255	-3605.612	167.3569	1.646885	2.20183	0.3731771	1.86066
37974	-3433.031	-3599.964	166.9337	1.57015	1.929036	0.3731771	2.293258
37980	-3438.988	-3604.873	165.8852	1.206328	1.929036	0.3792503	3.152419
37986	-3435.138	-3600.479	165.3411	1.278284	2.08539	0.5331726	3.216488
37992	-3422.661	-3588.283	165.6214	1.25489	2.02264	0.4830211	3.134124
37998	-3424.06	-3588.038	163.9775	1.258785	2.311421	0.6814545	3.826107
38004	-3427.394	-3591.708	164.3145	1.107481	1.668274	0.5375677	4.056781
38010	-3430.579	-3594.941	164.3617	1.182219	1.802647	0.4150586	4.056781
38016	-3435.449	-3599.413	163.9635	1.182219	2.241159	0.4150586	4.137928
38022	-3435.849	-3600.723	164.874	1.096233	2.174347	0.4150586	3.685967
38028	-3426.182	-3591.452	165.2697	1.22548	2.174347	0.5964408	3.203731
38034	-3433.195	-3599.715	166.5199	1.349972	2.174347	0.3633572	2.615381
38040	-3433.565	-3599.298	165.7332	1.296065	1.793439	0.6018523	3.015082
38046	-3439.939	-3605.593	165.6533	1.406284	2.058154	0.526156	2.969833
38052	-3434.666	-3599.546	164.8796	1.149116	1.811846	0.4478424	3.740947
38058	-3426.626	-3591.389	164.7626	1.266107	1.811846	0.4478424	3.740947
38064	-3427.792	-3592.858	165.0656	1.202133	2.415164	0.5947854	3.264717
38070	-3427.739	-3593.443	165.7035	1.259552	1.918775	0.3662563	3.247763
38076	-3446.184	-3610.247	164.0631	1.141448	1.918775	0.450601	4.171957
38082	-3451.031	-3614.419	163.3879	1.123716	1.873103	0.6521346	4.402752
38088	-3440.16	-3602.737	162.5774	1.168849	1.873103	0.91891	4.652537
38094	-3425.775	-3589.853	164.0784	1.164021	1.859865	0.3980401	4.226242
38100	-3436.107	-3600.122	164.0144	1.153051	1.536024	0.6329173	4.173759
38106	-3422.847	-3587.473	164.6267	1.125253	1.883697	0.5243171	3.800173
38112	-3431.982	-3596.475	164.4934	1.173035	2.11132	0.5282303	3.768828
38118	-3432.532	-3595.855	163.3231	1.173035	2.129718	0.5325598	4.425708
38124	-3432.125	-3595.094	162.969	1.122211	2.129718	0.6188561	4.580698
38130	-3438.21	-3602.101	163.8908	1.050334	1.917782	0.6188561	4.170446
38136	-3444.104	-3607.71	163.6062	1.201456	1.831942	0.544627	4.338674
38142	-3435.43	-3600.928	165.4988	1.252539	1.831942	0.544627	3.217308
38148	-3427.674	-3593.101	165.4277	1.297198	2.010025	0.4291494	3.284431
38154	-3432.999	-3598.294	165.2946	1.237133	2.20938	0.4747613	3.284431
38160	-3437.47	-3602.871	165.4014	1.434684	2.197282	0.2958905	3.319242
38166	-3441.278	-3606.492	165.2145	1.334419	2.175268	0.2958905	3.494552
38172	-3441.246	-3606.358	165.1117	1.173616	1.661852	0.6152347	3.494552
38178	-3442.471	-3607.211	164.7397	1.349854	2.306352	0.6677921	3.342342
38184	-3435.651	-3600.827	165.1757	1.266882	2.086454	0.6677921	3.20475
38190	-3431.254	-3597.325	166.0706	1.430644	2.091866	0.372121	2.858132
38196	-3435.338	-3601.121	165.7833	1.469244	1.818821	0.6165194	2.858132
38202	-3435.637	-3601.978	166.3412	1.413013	1.94958	0.6165194	2.50017
38208	-3442.595	-3608.618	166.0236	1.516383	2.286571	0.6690102	2.470373
38214	-3435.844	-3601.104	165.2598	1.364669	2.286571	0.472115	3.20793
38220	-3428.484	-3593.819	165.3352	1.29139	2.45156	0.472115	3.156428
38226	-3455.685	-3621.044	165.3594	1.382468	2.643201	0.3614269	3.156428
38232	-3432.477	-3597.578	165.1003	1.414061	2.643201	0.6541273	3.00194
38238	-3437.112	-3602.551	165.4382	1.47142	2.129663	0.6541273	2.922175
38244	-3424.632	-3589.252	164.62	1.244681	1.764888	0.5078577	3.793759
38250	-3427.729	-3593.322	165.5926	1.302618	1.697473	0.4952325	3.230732
38256	-3423.253	-3587.902	164.6481	1.167656	2.180435	0.3798647	3.812517
38262	-3432.043	-3596.243	164.2003	1.214973	2.864061	0.3798647	3.850074
38268	-3431.501	-3595.219	163.7186	1.225395	2.559686	0.668354	3.932345
38274	-3438.977	-3602.122	163.1456	0.9991222	2.336326	0.4932077	4.596774
38280	-3431.414	-3598.279	166.8658	1.540174	2.349859	0.4593185	2.099887
38286	-3433.889	-3600.495	166.6054	1.587678	1.716436	0.3653641	2.583232
38292	-3436.375	-3602.135	165.7595	1.355974	2.036478	0.4723918	2.997283
38298	-3438.913	-3605.217	166.304	1.315596	2.03399	0.4723918	2.692245
38304	-3431.301	-3597.449	166.148	1.411055	1.921221	0.4723918	2.770152
38310	-3437.673	-3602.684	165.0111	1.28511	1.889267	0.4400588	3.5661
38316	-3424.201	-3588.814	164.6125	1.229173	1.994901	0.6281911	3.619748
38322	-3437.153	-3600.913	163.7599	1.265766	2.155194	0.6780543	3.99759
38328	-3440.389	-3605.643	165.2536	1.34859	2.155194	0.7787528	3.002491
38334	-3456.282	-3621.799	165.5175	1.498479	2.494386	0.8016598	2.626647
38340	-3447.697	-3615.64	167.9424	1.77158	2.152027	0.4589711	1.232718
38346	-3439.571	-3607.749	168.178	1.942559	1.820578	0.3492048	1.232718
38352	-3443.07	-3610.988	167.918	1.835592	1.949324	0.5043919	1.232718
38358	-3432.128	-3600.148	168.0198	1.914529	2.134291	0.3705902	1.195408
38364	-3439.281	-3603.673	164.3919	1.110531	1.772053	0.5718728	3.941487
38370	-3440.959	-3607.037	166.0783	1.297779	1.772053	0.5531144	2.858249
38376	-3432.065	-3597.37	165.3053	1.246749	2.211318	0.5531144	3.196613
38382	-3426.61	-3591.642	165.0314	1.306187	2.176431	0.6718295	3.233947
38388	-3429.954	-3595.101	165.1472	1.306187	1.823275	0.5391453	3.401099
38394	-3439.69	-3604.705	165.0148	1.236864	1.854057	0.6165487	3.440191
38400	-3433.252	-3599.249	165.9972	1.386824	1.854057	0.5879032	2.790021
38406	-3433.215	-3599.873	166.6584	1.543052	2.123352	0.5067976	2.259382
38412	-3435.53	-3603.557	168.0277	2.001282	2.314378	0.3928656	0.9758055
38418	-3428.728	-3596.976	168.2478	2.001282	2.000482	0.3928656	0.9269245
38424	-3428.504	-3596.735	168.2309	2.057278	1.848349	0.3928656	0.9824683
38430	-3440.481	-3608.418	167.9372	2.031274	2.088054	0.4668716	1.02354
38436	-3447.278	-3615.635	168.3568	2.10452	1.779071	0.3698967	0.8928972
38442	-3435.87	-3604.132	168.2623	2.060904	1.779071	0.3668438	1.042579
38448	-3433.32	-3601.429	168.109	1.989296	1.935775	0.3927398	1.113256
38454	-3435.972	-3600.023	164.0508	1.118896	2.068135	0.62934	3.98131
38460	-3444.991	-3608.962	163.971	1.18146	1.744037	0.7963902	3.98131
38466	-3446.11	-3609.506	163.396	1.376274	2.407406	0.7963902	3.98131
38472	-3435.135	-3599.295	164.1602	1.21917	1.675014	0.7492407	3.9103
38478	-3439.787	-3605.855	166.0674	1.278518	2.414544	0.3423569	2.885223
38484	-3442.55	-3608.428	165.8781	1.373207	2.21641	0.4704556	2.856709
38490	-3427.123	-3593.453	166.3301	1.24162	1.578703	0.4704556	2.90023
38496	-3442.784	-3609.475	166.6919	1.373336	1.736182	0.43337	2.572978
38502	-3450.922	-3616.251	165.3288	1.411216	2.073054	0.5290137	3.153028
38508	-3434.673	-3599.416	164.7434	1.351402	2.073054	0.7331514	3.364181
38514	-3436.46	-3602.24	165.7802	1.320795	2.257173	0.5122072	2.892104
38520	-3427.602	-3594.255	166.6527	1.466887	2.05997	0.6264574	2.218339
38526	-3435.205	-3601.132	165.9277	1.524138	2.036641	0.6264574	2.647322
38532	-3433.217	-3599.581	166.3637	1.419385	2.036641	0.6591967	2.412635
38538	-3431.772	-3597.481	165.709	1.539333	2.398849	0.6591967	2.623876
38544	-3423.686	-3590.415	166.7291	1.534028	2.471542	0.3240734	2.324118
38550	-3435.761	-3601.352	165.5912	1.412945	2.303041	0.5002634	2.947701
38556	-3430.01	-3596.487	166.4766	1.45481	1.99962	0.5002634	2.482304
38562	-3426.702	-3594.031	167.3295	1.472229	1.632556	0.4713911	2.105593
38568	-3433.319	-3599.914	166.5952	1.437824	1.699256	0.6130883	2.427437
38574	-3427.437	-3593.901	166.4642	1.424532	1.827315	0.6130883	2.466001
38580	-3428.718	-3595.367	166.6497	1.37897	1.936584	0.4845001	2.461288
38586	-3442.32	-3608.736	166.4156	1.467043	2.20853	0.45927	2.482747
38592	-3430.236	-3597.229	166.9927	1.414408	1.593648	0.45927	2.390353
38598	-3427.402	-3593.89	166.4887	1.414408	1.703495	0.45927	2.657926
38604	-3425.852	-3592.426	166.5745	1.348641	1.703495	0.4625224	2.642077
38610	-3423.496	-3589.605	166.1093	1.324656	2.664243	0.4845566	2.592318
38616	-3418.212	-3584.632	166.4202	1.52423	2.645157	0.4845566	2.27662
38622	-3430.385	-3597.257	166.8727	1.567458	2.645157	0.4845566	1.951798
38628	-3430.866	-3597.821	166.9552	1.62199	2.366065	0.4845566	1.951798
38634	-3446.917	-3613.762	166.8448	1.628218	1.841971	0.6302113	2.06947
38640	-3436.318	-3603.163	166.8448	1.628218	1.841971	0.6302113	2.06947
38646	-3441.454	-3608.82	167.3653	1.679028	1.821168	0.6302113	1.688713
38652	-3443.143	-3610.506	167.3635	1.616857	2.025294	0.3784325	1.936762
38658	-3440.397	-3607.77	167.3728	1.62502	1.493701	0.4923835	2.017872
38664	-3442.791	-3610.6	167.8095	1.65439	1.493701	0.4080964	1.803803
38670	-3429.681	-3597.395	167.7141	1.65439	1.66857	0.4628953	1.714603
38676	-3437.946	-3605.032	167.086	1.652346	1.716208	0.4628953	2.119807
38682	-3438.061	-3604.525	166.4643	1.499713	2.087724	0.3080553	2.661117
38688	-3450.288	-3615.546	165.2583	1.41488	2.087724	0.4275658	3.290248
38694	-3443.589	-3609.638	166.0491	1.451058	2.087724	0.4275658	2.795218
38700	-3440.971	-3608.078	167.1072	1.687617	2.33435	0.5811054	1.707998
38706	-3439.596	-3606.451	166.855	1.466575	2.33435	0.4112271	2.216991
38712	-3437.478	-3603.68	166.2021	1.395297	2.029254	0.5142133	2.664664
38718	-3431.799	-3597.223	165.4241	1.341734	1.89764	0.5142133	3.213224
38724	-3441.856	-3606.453	164.5969	1.247533	2.660732	0.5834988	3.453032
38730	-3433.683	-3598.655	164.9715	1.363062	2.429778	0.6097773	3.207994
38736	-3437.964	-3602.941	164.9771	1.299998	2.429778	0.6507065	3.207994
38742	-3427.811	-3593.374	165.5623	1.437902	2.234925	0.6357365	2.847906
38748	-3427.364	-3593.247	165.8837	1.34944	2.364466	0.4446255	2.847906
38754	-3437.104	-3602.935	165.8303	1.279265	2.096432	0.3946304	3.065354
38760	-3427.741	-3594.332	166.5902	1.325526	2.020502	0.4512349	2.536888
38766	-3436.725	-3602.086	165.3615	1.106597	2.294905	0.4512349	3.319181
38772	-3430.057	-3594.65	164.5929	1.245623	2.294905	0.6134093	3.536854
38778	-3438.615	-3603.518	164.9036	1.209645	1.528789	0.5005431	3.750462
38784	-3441.362	-3606.595	165.2324	1.209645	1.598764	0.6193434	3.424869
38790	-3436.549	-3600.384	163.8354	1.077113	2.220024	0.6193434	4.088012
38796	-3434.906	-3598.584	163.6773	1.094688	2.220024	0.6502748	4.143432
38802	-3442.139	-3606.643	164.5042	1.24818	2.614711	0.6502748	3.463863
38808	-3443.202	-3607.46	164.2586	1.213295	2.614711	0.6502748	3.627124
38814	-3430.747	-3595.559	164.8122	1.206394	2.083593	0.4483639	3.652008
38820	-3435.872	-3599.893	164.0209	1.19747	2.083593	0.5968758	3.975058
38826	-3424.958	-3588.708	163.7496	1.023583	1.938556	0.5228632	4.340523
38832	-3428.681	-3592.759	164.0782	1.086226	1.938556	0.5228632	4.118679
38838	-3428.009	-3591.655	163.646	1.107236	2.387932	0.6494899	4.104555
38844	-3432.402	-3595.958	163.5564	1.198436	2.387932	0.5474995	4.18822
38850	-3422.273	-3587.712	165.4397	1.370502	2.387932	0.6199162	2.927827
38856	-3417.3	-3583.279	165.9794	1.379417	2.478381	0.4518079	2.728543
38862	-3421.085	-3587.091	166.0069	1.496891	2.738995	0.5694791	2.442652
38868	-3433.744	-3600.016	166.2718	1.509801	2.378107	0.5694791	2.377434
38874	-3429.221	-3596.148	166.9273	1.625672	2.132451	0.5085644	2.024824
38880	-3434.951	-3601.866	166.915	1.638028	2.132451	0.5085644	2.024824
38886	-3435.391	-3601.987	166.5963	1.580639	2.176538	0.5621855	2.199854
38892	-3432.799	-3599.962	167.1631	1.487118	2.081393	0.4858637	2.00435
38898	-3438.806	-3606.007	167.2015	1.410464	1.782704	0.4220895	2.221455
38904	-3431.115	-3598.127	167.0117	1.541346	1.989914	0.3181782	2.313359
38910	-3417.13	-3583.96	166.8298	1.528712	1.989914	0.4119401	2.314574
38916	-3422.761	-3589.587	166.8256	1.488857	1.989914	0.488238	2.25582
38922	-3430.892	-3597.622	166.7299	1.549622	2.039123	0.4114406	2.34717
38928	-3431.83	-3598.748	166.9178	1.620223	1.842959	0.3414992	2.34717
38934	-3437.585	-3605.064	167.4787	1.689547	2.454989	0.3373014	1.70686
38940	-3440.206	-3607.794	167.5879	1.724867	2.527879	0.3215755	1.602255
38946	-3432.963	-3600.674	167.7105	1.717614	1.865835	0.3176226	1.783964
38952	-3430.477	-3596.573	166.0963	1.526514	1.982999	0.6144132	2.571521
38958	-3431.938	-3598.098	166.1598	1.559305	2.392929	0.6144132	2.370415
38964	-3435.501	-3601.415	165.9143	1.542237	2.481398	0.5094576	2.607182
38970	-3418.795	-3585.211	166.4159	1.409558	2.266152	0.5094576	2.445953
38976	-3421.186	-3586.517	165.3314	1.342537	2.266152	0.712286	2.972953
38982	-3433.359	-3599.286	165.9278	1.324984	1.966705	0.4292083	2.985479
38988	-3428.587	-3593.91	165.3232	1.411594	1.966705	0.5666104	3.158299
38994	-3424	-3588.082	164.0818	1.15893	1.966705	0.5666104	4.026796
39000	-3426.402	-3590.327	163.9248	1.277355	2.167708	0.5510636	3.996731
39006	-3425.252	-3589.883	164.6304	1.284372	2.18608	0.4986393	3.629056
39012	-3430.935	-3595.489	164.5533	1.313245	1.912012	0.4332442	3.813741
39018	-3423.055	-3587.731	164.6754	1.256799	1.890393	0.4332442	3.783557
39024	-3426.319	-3589.864	163.5452	1.157035	2.102715	0.5698675	4.285305
39030	-3436.635	-3601.521	164.8861	1.116391	2.040945	0.5516576	3.576245
39036	-3420.261	-3583.342	163.0819	1.126426	2.35909	0.5516576	4.501747
39042	-3429.039	-3593.446	164.4068	1.244945	2.35909	0.589865	3.645785
39048	-3435.329	-3600.355	165.026	1.249694	1.682728	0.4184191	3.677932
39054	-3442.304	-3608.987	166.6821	1.346905	1.682728	0.4184191	2.63443
39060	-3438.663	-3606.129	167.466	1.593435	1.782695	0.4184191	1.931131
39066	-3455.998	-3621.911	165.9129	1.542016	1.889254	0.5183806	2.798833
39072	-3456.717	-3623.082	166.365	1.369878	1.982722	0.4327725	2.682982
39078	-3441.459	-3607.73	166.2703	1.371395	1.768925	0.4327725	2.820597
39084	-3437.691	-3603.215	165.5247	1.355035	2.154038	0.5526742	3.020447
39090	-3437.727	-3603.36	165.6331	1.286301	2.474185	0.5526742	2.895761
39096	-3438.914	-3604.876	165.9627	1.267107	2.126279	0.559281	2.812333
39102	-3443.316	-3609.849	166.5322	1.425055	1.992335	0.4518458	2.520603
39108	-3452.275	-3617.494	165.2194	1.530153	1.992335	0.8293078	2.93403
39114	-3446.793	-3612.588	165.7944	1.344812	2.041467	0.6432027	2.82256
39120	-3435.958	-3601.994	166.0352	1.452279	1.557697	0.558088	2.874153
39126	-3438.528	-3604.625	166.0974	1.341642	1.557697	0.558088	2.903479
39132	-3442.553	-3608.202	165.6485	1.362875	1.561519	0.558088	3.157973
39138	-3428.467	-3594.476	166.0084	1.262286	1.541572	0.5118597	3.055354
39144	-3429.641	-3595.677	166.0361	1.274544	1.907007	0.5118597	2.886194
39150	-3436.439	-3601.246	164.8071	1.20814	1.930241	0.6647606	3.511928
39156	-3447.007	-3610.029	163.0221	1.131478	1.930241	0.7356726	4.523097
39162	-3435.18	-3597.655	162.4752	1.094019	1.930241	0.6661398	4.900565
39168	-3437.523	-3602.326	164.8035	1.119027	1.694934	0.6661398	3.651448
39174	-3428.392	-3594.311	165.9191	1.35558	2.110377	0.6661398	2.696739
39180	-3426.496	-3591.775	165.2786	1.331351	2.153758	0.6661398	3.084122
39186	-3421.412	-3586.322	164.9101	1.247504	2.142573	0.5980387	3.411606
39192	-3417.467	-3582.564	165.0974	1.274708	2.062358	0.5980387	3.312161
39198	-3422.547	-3588.135	165.588	1.433427	2.062358	0.5980387	2.925418
39204	-3426.147	-3591.339	165.1922	1.264893	2.054427	0.5688645	3.29024
39210	-3428.592	-3594.164	165.5723	1.384105	1.977356	0.5688645	3.020272
39216	-3430.37	-3596.244	165.8746	1.47044	2.16457	0.5688645	2.72017
39222	-3438.622	-3604.504	165.8825	1.508175	2.159011	0.695204	2.58469
39228	-3428.952	-3594.787	165.8348	1.515896	2.061301	0.7997396	2.563031
39234	-3421.814	-3588.221	166.407	1.428822	1.834546	0.5539771	2.550987
39240	-3424.956	-3591.629	166.6736	1.510604	1.834546	0.5625105	2.323563
39246	-3426.48	-3593.246	166.7664	1.500481	1.834546	0.4553765	2.382392
39252	-3422.367	-3588.868	166.5004	1.362183	2.015088	0.4553765	2.567338
39258	-3427.465	-3593.267	165.8016	1.30996	1.901875	0.4819634	3.037758
39264	-3431.997	-3597.287	165.2898	1.202196	1.865929	0.4819634	3.417483
39270	-3425.846	-3591.682	165.8364	1.374327	1.865929	0.5436576	2.93118
39276	-3417.34	-3583.999	166.6586	1.427643	1.981261	0.5436576	2.347543
39282	-3438.923	-3604.567	165.6435	1.427643	2.364903	0.6528993	2.7487
39288	-3439.056	-3604.732	165.6762	1.405566	2.07432	0.5640016	2.915434
39294	-3435.015	-3600.427	165.4119	1.47212	1.960979	0.7576601	2.915434
39300	-3436.344	-3603.691	167.3471	1.550904	1.478185	0.4934904	2.090176
39306	-3442.771	-3609.076	166.3047	1.450121	2.211434	0.470671	2.549136
39312	-3436.974	-3601.323	164.3487	1.114832	2.486893	0.5170209	3.78221
39318	-3438.244	-3602.59	164.3456	1.264492	2.486893	0.4316478	3.78221
39324	-3430.583	-3594.608	164.0246	1.279968	2.111661	0.4316478	4.070453
39330	-3428.533	-3593.918	165.385	1.477265	2.275703	0.5915095	2.956282
39336	-3429.264	-3595.006	165.7423	1.462039	2.275703	0.4749006	2.86127
39342	-3440.966	-3605.794	164.8282	1.430232	2.275703	0.6813654	3.241601
39348	-3447.556	-3613.354	165.7983	1.364726	1.879707	0.6813654	2.835264
39354	-3440.036	-3605.91	165.8737	1.386309	1.861119	0.491269	2.954257
39360	-3431.381	-3597.071	165.6896	1.436705	2.102105	0.6660814	2.790395
39366	-3432.036	-3598.496	166.4596	1.389268	1.690086	0.3775064	2.790395
39372	-3430.622	-3595.768	165.1452	1.189858	1.690086	0.5441957	3.516191
39378	-3419.996	-3585.798	165.8017	1.260751	1.690086	0.4111348	3.222903
39384	-3434.53	-3600.835	166.3052	1.272391	1.650822	0.3809586	2.966422
39390	-3429.105	-3595.19	166.0844	1.308078	1.821086	0.3809586	3.010499
39396	-3417.044	-3582.615	165.5705	1.282566	1.546605	0.5061941	3.306478
39402	-3415.591	-3580.706	165.1154	1.405039	1.799616	0.6118228	3.306478
39408	-3419.646	-3586.127	166.4811	1.445879	2.192578	0.5024948	2.414145
39414	-3433.285	-3600.768	167.483	1.651183	1.990453	0.44708	1.756302
39420	-3423.613	-3590.961	167.3478	1.667279	1.884398	0.5735771	1.73954
39426	-3422.615	-3589.259	166.6439	1.52513	2.140941	0.5735771	2.206526
39432	-3414.785	-3581.713	166.9274	1.587546	2.140941	0.5735771	1.979238
39438	-3420.713	-3588.001	167.2875	1.714981	2.114672	0.5041166	1.73003
39444	-3432.551	-3600.306	167.7545	1.647595	1.903853	0.3569526	1.726461
39450	-3425.771	-3593.007	167.2362	1.74475	1.903853	0.5420568	1.78876
39456	-3427.923	-3595.383	167.4602	1.663394	1.680877	0.5420568	1.78876
39462	-3428.815	-3596.898	168.0824	1.745445	1.445939	0.3624647	1.635885
39468	-3429.972	-3596.5	166.5283	1.562025	1.856595	0.4558889	2.484249
39474	-3429.959	-3597.277	167.3178	1.51882	1.791574	0.5378684	1.939762
39480	-3431.257	-3598.238	166.9814	1.479121	1.791574	0.5412187	2.184651
39486	-3435.558	-3602.177	166.6189	1.516415	1.748656	0.3694873	2.600684
39492	-3425.189	-3591.503	166.3146	1.489823	1.861864	0.6410475	2.480627
39498	-3422.492	-3587.273	164.7812	1.345164	2.531264	0.6410475	3.275293
39504	-3432.47	-3598.376	165.9061	1.388801	2.41485	0.3709458	2.879954
39510	-3439.929	-3606.224	166.2944	1.470407	2.41485	0.3511495	2.617705
39516	-3426.912	-3593.219	166.3066	1.403661	2.41485	0.4727858	2.508334
39522	-3437.696	-3604.807	167.1112	1.434397	1.863511	0.4727858	2.172826
39528	-3435.8	-3601.521	165.7215	1.351248	1.897574	0.4267783	3.12071
39534	-3441.039	-3606.941	165.9021	1.28776	1.713468	0.4267783	3.12071
39540	-3440.005	-3605.063	165.0581	1.268539	2.077812	0.4267783	3.49762
39546	-3428.658	-3591.604	162.9464	1.178676	1.698281	0.9928128	4.45981
39552	-3424.945	-3587.935	162.9902	1.047715	1.698281	0.9804984	4.515876
39558	-3431.258	-3596.279	165.0208	1.158896	1.358266	0.5760928	3.718093
39564	-3425.045	-3588.65	163.6051	1.081209	2.247514	0.4825405	4.328211
39570	-3429.124	-3593.567	164.4431	1.246577	2.247514	0.3983826	3.843181
39576	-3429.168	-3594.673	165.5058	1.185429	2.247514	0.4451578	3.208684
39582	-3419.684	-3585.438	165.7537	1.321875	1.975238	0.6583513	2.872046
39588	-3424.599	-3590.602	166.0032	1.415795	1.975238	0.5977786	2.714847
39594	-3429.308	-3595.72	166.4117	1.437348	2.030778	0.5977786	2.427605
39600	-3430.628	-3596.326	165.6982	1.509675	2.030778	0.485115	2.930635
39606	-3424.58	-3591.19	166.6098	1.450306	2.030778	0.4251498	2.472486
39612	-3418.369	-3585.126	166.7567	1.450306	2.030778	0.3721142	2.444609
39618	-3416.12	-3583.255	167.1358	1.528241	1.778456	0.4572008	2.148321
39624	-3424.977	-3592.768	167.7914	1.605264	1.778456	0.4513185	1.657493
39630	-3422.097	-3589.6	167.5025	1.545878	1.561852	0.4836057	1.960966
39636	-3418.518	-3586.393	167.875	1.620035	1.561852	0.5338988	1.592472
39642	-3430.393	-3597.923	167.5297	1.613879	1.647015	0.5338988	1.799689
39648	-3441.753	-3609.573	167.8203	1.634404	1.704781	0.5338988	1.550006
39654	-3438.734	-3606.345	167.6114	1.628745	1.571306	0.5338988	1.769196
39660	-3453.731	-3620.912	167.1806	1.558451	1.701515	0.4481259	2.142729
39666	-3441.407	-3608.361	166.9548	1.564979	2.034651	0.4712712	2.124557
39672	-3429.431	-3596.317	166.8858	1.564979	2.353351	0.470924	2.055897
39678	-3433.765	-3601.229	167.4639	1.665738	2.353351	0.470924	1.587038
39684	-3438.431	-3603.846	165.4152	1.46975	2.353351	0.8333875	2.728243
39690	-3430.159	-3596.367	166.208	1.374527	2.167576	0.4666387	2.67479
39696	-3431.383	-3596.91	165.5266	1.340519	2.167576	0.6145457	2.968412
39702	-3430.522	-3594.553	164.0308	1.256509	1.809195	0.7412386	3.918451
39708	-3425.105	-3589.728	164.6228	1.321586	1.988517	0.7412386	3.475061
39714	-3440.152	-3605.495	165.3429	1.375878	1.988517	0.6598955	3.080518
39720	-3433.041	-3599.667	166.6259	1.491724	2.486799	0.3691681	2.350984
39726	-3437.818	-3604.775	166.9563	1.34144	1.810804	0.4371539	2.392984
39732	-3428.65	-3595.023	166.373	1.511669	2.037972	0.6082233	2.392984
39738	-3451.332	-3618.054	166.7228	1.54682	2.037972	0.6082233	2.14609
39744	-3440.724	-3605.198	164.4737	1.252894	2.561438	0.6513676	3.492917
39750	-3438.382	-3603.341	164.9589	1.277317	2.042693	0.4233134	3.56573
39756	-3422.559	-3586.899	164.3393	1.256291	1.986869	0.734192	3.683478
39762	-3426.86	-3591.345	164.4855	1.171667	2.29958	0.6639547	3.600047
39768	-3422.81	-3587.349	164.5397	1.245398	1.703402	0.6639547	3.729346
39774	-3427.892	-3592.859	164.9663	1.187514	2.277127	0.6146246	3.356919
39780	-3419.274	-3585.342	166.0678	1.399863	1.995547	0.4027396	2.87559
39786	-3427.131	-3593.356	166.2249	1.37218	1.79672	0.4879936	2.778004
39792	-3429.961	-3596.11	166.1497	1.342074	1.928118	0.4208883	2.864576
39798	-3435.94	-3600.936	164.9961	1.264673	1.928118	0.4208883	3.593413
39804	-3426.793	-3592.636	165.8429	1.391602	1.928118	0.5239717	2.912681
39810	-3429.572	-3595.478	165.9068	1.395591	1.889223	0.4968431	2.912681
39816	-3422.846	-3589.407	166.5602	1.467135	1.775793	0.4968431	2.511815
39822	-3429.698	-3595.795	166.097	1.440497	2.272966	0.4968431	2.635904
39828	-3425.91	-3591.808	165.8985	1.272287	2.168205	0.4968431	2.894291
39834	-3426.231	-3592.376	166.1451	1.564215	2.116608	0.5836816	2.49758
39840	-3431.223	-3595.835	164.6119	1.26014	2.283056	0.6331792	3.504669
39846	-3441.103	-3605.61	164.507	1.208717	2.501258	0.6769813	3.496143
39852	-3438.081	-3602.507	164.4254	1.160114	1.868347	0.6769813	3.77339
39858	-3424.335	-3590.011	165.6758	1.35969	2.028995	0.6769813	2.86205
39864	-3423.335	-3588.797	165.4621	1.309014	2.028995	0.7571806	2.959749
39870	-3442.088	-3606.168	164.0797	1.190332	1.865057	0.6618377	3.967369
39876	-3436.318	-3601.291	164.9728	1.131624	1.99891	0.5861373	3.500799
39882	-3439.86	-3604.915	165.0545	1.226906	2.429965	0.5797632	3.265336
39888	-3437.73	-3603.17	165.44	1.25986	2.358922	0.5797632	3.038099
39894	-3446.005	-3611.533	165.5286	1.235632	2.031657	0.5797632	3.106324
39900	-3447.468	-3610.722	163.2535	1.114382	1.958812	0.584168	4.508951
39906	-3441.609	-3605.447	163.838	1.143442	1.958812	0.7874024	4.008545
39912	-3446.607	-3610.685	164.0779	1.212213	1.906873	0.7874024	3.849632
39918	-3449.703	-3614.087	164.3846	1.254318	1.906873	0.8578554	3.601115
39924	-3436.211	-3600.746	164.5354	1.321726	2.226925	0.5034845	3.644966
39930	-3430.007	-3595.891	165.8843	1.237125	2.226925	0.5034845	2.898199
39936	-3450.713	-3615.467	164.7546	1.211752	2.076406	0.6555155	3.497781
39942	-3437.609	-3602.57	164.9614	1.281387	2.266233	0.5763859	3.340921
39948	-3446.397	-3611.51	165.1133	1.402293	2.137686	0.6057129	3.195664
39954	-3430.587	-3596.81	166.2235	1.412557	1.922814	0.4071632	2.794576
39960	-3433.386	-3600.283	166.8968	1.412557	2.005389	0.4871826	2.254346
39966	-3437.485	-3603.883	166.3983	1.561486	2.742342	0.343086	2.408491
39972	-3437.065	-3604.631	167.5662	1.652127	1.848219	0.3448371	1.894755
39978	-3434.226	-3601.152	166.9261	1.525801	2.185338	0.3448371	2.269903
39984	-3430.319	-3596.261	165.942	1.32856	2.020427	0.5423574	2.840157
39990	-3424.206	-3589.545	165.3382	1.325464	2.158751	0.5423574	3.15732
39996	-3424.964	-3590.33	165.3661	1.23177	1.902959	0.5487981	3.2782
40002	-3425.802	-3591.863	166.0611	1.421474	1.902959	0.5487981	2.747576
40008	-3424.552	-3589.989	165.437	1.229703	1.902959	0.5487981	3.237563
40014	-3429.385	-3594.131	164.7464	1.160192	2.529423	0.5487981	3.484056
40020	-3425.063	-3589.685	164.6216	1.28537	2.298886	0.5974002	3.509259
40026	-3436.194	-3601.257	165.0632	1.4634	2.586613	0.4703068	3.178477
40032	-3420.718	-3586.279	165.5605	1.321894	1.809298	0.5124502	3.178477
40038	-3432.609	-3597.838	165.2292	1.31573	1.97193	0.4366224	3.395395
40044	-3424.414	-3589.503	165.0884	1.395407	2.183257	0.6928229	3.128499
40050	-3426.884	-3592.188	165.3046	1.413364	2.10411	0.5940839	3.096632
40056	-3433.581	-3598.646	165.0652	1.332628	2.394152	0.5154774	3.266163
40062	-3428.417	-3593.547	165.1296	1.332628	2.394152	0.5014069	3.241753
40068	-3425.864	-3591.156	165.2912	1.318468	2.145116	0.4922751	3.241753
40074	-3431.096	-3594.804	163.7084	1.264032	2.484711	0.5056911	4.074726
40080	-3458.618	-3625.147	166.529	1.49486	1.683168	0.5864649	2.464325
40086	-3439.355	-3606.271	166.9155	1.456477	1.683168	0.4126678	2.427242
40092	-3435.253	-3602.617	167.364	1.529128	1.683168	0.4126678	2.092485
40098	-3425.336	-3592.13	166.794	1.57625	2.186757	0.6294502	2.004778
40104	-3435.138	-3602.365	167.2279	1.68851	2.186757	0.6294502	1.627477
40110	-3438.519	-3605.842	167.3229	1.68851	2.186757	0.4190779	1.79977
40116	-3433.116	-3600.537	167.4217	1.714814	1.716799	0.4013852	1.929909
40122	-3439.852	-3606.852	166.9994	1.63637	2.216413	0.4487679	2.006917
40128	-3430.941	-3597.929	166.9876	1.599016	2.45158	0.4487679	1.95814
40134	-3436.728	-3604.229	167.5008	1.665943	2.109059	0.4238528	1.715166
40140	-3435.277	-3602.727	167.4502	1.676639	1.92641	0.4238528	1.817234
40146	-3437.948	-3605.248	167.2999	1.585138	1.665491	0.68706	1.817234
40152	-3420.284	-3587.599	167.3151	1.58934	1.89194	0.4917401	1.90198
40158	-3435.583	-3601.588	166.005	1.614706	1.908672	0.7657401	2.476906
40164	-3423.563	-3590.442	166.8791	1.543259	2.085804	0.4435571	2.200542
40170	-3427.437	-3594.622	167.1852	1.550381	1.812716	0.4534061	2.091564
40176	-3424.723	-3591.48	166.7565	1.537485	1.820043	0.3992908	2.436329
40182	-3418.036	-3585.238	167.2025	1.44005	1.6887	0.4449774	2.214577
40188	-3426.427	-3593.262	166.8348	1.377349	1.529681	0.3742309	2.640145
40194	-3423.726	-3588.874	165.1471	1.306527	2.237132	0.5611	3.239344
40200	-3427.913	-3594.455	166.542	1.368581	2.043779	0.4529989	2.529711
40206	-3446.336	-3611.172	164.8366	1.341068	2.036564	0.4529989	3.5706
40212	-3446.246	-3611.37	165.1237	1.230344	2.278761	0.4414076	3.401531
40218	-3445.58	-3609.68	164.0994	1.410762	2.205806	0.5871711	3.776768
40224	-3451.145	-3616.018	164.8724	1.236598	1.773761	0.4591705	3.697023
40230	-3445.229	-3610.429	165.2002	1.210036	2.160215	0.3937589	3.458376
40236	-3447.642	-3612.882	165.2403	1.315539	1.713567	0.5168831	3.403331
40242	-3437.359	-3603.019	165.6595	1.378187	1.789286	0.4637407	3.142478
40248	-3437.533	-3603.315	165.7821	1.324635	1.923151	0.4637407	3.051624
40254	-3433.677	-3598.999	165.3222	1.298085	1.757357	0.4637407	3.400964
40260	-3427.426	-3593.595	166.1686	1.419084	1.757357	0.4386612	2.851396
40266	-3428.485	-3594.532	166.0474	1.367356	1.671698	0.3390579	3.107293
40272	-3425.676	-3592.434	166.7576	1.4317	1.989544	0.4445203	2.384111
40278	-3427.594	-3594.241	166.6472	1.499546	1.924728	0.4445203	2.435321
40284	-3426.693	-3593.989	167.2953	1.558135	1.924728	0.4445203	1.978003
40290	-3431.014	-3598.524	167.5097	1.62623	1.463357	0.4445203	1.996022
40296	-3417.249	-3584.499	167.2504	1.56261	1.879723	0.4677231	1.996022
40302	-3416.681	-3583.921	167.2405	1.572478	1.879723	0.4677231	1.996022
40308	-3422.163	-3588.941	166.7785	1.390735	1.879723	0.4677231	2.412716
40314	-3433.343	-3600.209	166.8663	1.390043	1.879723	0.4677231	2.357593
40320	-3429.961	-3595.833	165.8713	1.274822	1.977679	0.3861216	3.094497
40326	-3435.892	-3601.309	165.4162	1.290436	2.077734	0.651308	3.063948
40332	-3426.845	-3592.097	165.252	1.354497	2.406474	0.6072352	3.055353
40338	-3444.619	-3610.279	165.6604	1.373897	2.046808	0.3667524	3.160163
40344	-3437.974	-3601.221	163.247	1.107738	2.164935	0.7357733	4.33339
40350	-3431.744	-3595.525	163.781	1.109486	1.970507	0.7004245	4.118244
40356	-3441.209	-3605.924	164.7152	1.221478	2.060826	0.7004245	3.485408
40362	-3434.98	-3599.083	164.1025	1.243971	2.060826	0.7004245	3.827297
40368	-3440.035	-3604.127	164.0929	1.198434	2.060826	0.7004245	3.858955
40374	-3453.426	-3616.72	163.2946	1.126514	2.752252	0.5345431	4.28948
40380	-3443.55	-3608.343	164.7931	1.222913	2.178482	0.4090395	3.664772
40386	-3433.113	-3597.163	164.0501	1.1969	2.178482	0.4642781	4.048902
40392	-3437.12	-3601.923	164.8027	1.294318	2.050556	0.4180121	3.649626
40398	-3440.033	-3605.993	165.9598	1.326337	1.995783	0.4172423	2.968442
40404	-3427.294	-3592.941	165.647	1.320264	1.995783	0.560639	3.014735
40410	-3419.142	-3585.358	166.2164	1.429508	1.656939	0.510071	2.782069
40416	-3422.13	-3588.289	166.1584	1.423655	1.858842	0.4699244	2.782069
40422	-3428.744	-3594.73	165.9867	1.433689	1.858842	0.5962749	2.75852
40428	-3437.721	-3603.106	165.3854	1.365673	2.413324	0.4064909	3.164431
40434	-3427.624	-3592.978	165.3537	1.335296	2.413324	0.4399408	3.164431
40440	-3434.174	-3599.448	165.2745	1.266698	2.497219	0.4753717	3.190335
40446	-3439.018	-3604.193	165.1743	1.406349	2.497219	0.7022847	2.965761
40452	-3440.899	-3607.43	166.5307	1.484358	2.173656	0.5416571	2.325096
40458	-3447.183	-3612.926	165.7428	1.486532	2.173656	0.7272639	2.653931
40464	-3439.249	-3605.57	166.3212	1.459432	2.660491	0.4337207	2.432736
40470	-3447.61	-3614.868	167.2575	1.490646	2.081827	0.370036	2.080965
40476	-3447.989	-3615.042	167.0527	1.610721	2.303779	0.3753063	2.049938
40482	-3438.949	-3605.924	166.9758	1.610721	2.525555	0.3397218	2.075501
40488	-3451.389	-3618.891	167.5019	1.567994	2.123975	0.4232455	1.777899
40494	-3456.543	-3622.591	166.048	1.497928	3.016528	0.4334278	2.481043
40500	-3445.557	-3612.72	167.1636	1.511494	1.787189	0.4334278	2.165231
40506	-3452.825	-3618.388	165.5633	1.38797	1.787189	0.4762603	3.181771
40512	-3439.605	-3605.844	166.2384	1.366772	1.711209	0.4578442	2.838428
40518	-3438.747	-3604.84	166.0932	1.365527	1.734496	0.4156732	2.963896
40524	-3433.837	-3601.548	167.7108	1.755672	1.754552	0.4380391	1.635634
40530	-3427.825	-3595.383	167.5581	1.646984	1.899434	0.4206315	1.778526
40536	-3430.714	-3597.655	166.9412	1.591783	1.915762	0.5806182	2.0472
40542	-3437.541	-3604.685	167.1438	1.565163	1.642468	0.5347487	2.093506
40548	-3432.136	-3596.46	164.3245	1.266778	1.9962	0.5792263	3.804961
40554	-3434.793	-3599.034	164.2413	1.214821	1.629417	0.3277831	4.272546
40560	-3422.217	-3586.831	164.6139	1.11458	2.133139	0.4563222	3.795333
40566	-3431.759	-3596.394	164.6343	1.11458	1.426624	0.4563222	4.04626
40572	-3418.3	-3583.257	164.9571	1.195769	1.876431	0.5203566	3.574567
40578	-3436.176	-3602.048	165.8718	1.362351	1.874492	0.5203566	2.936111
40584	-3447.643	-3611.825	164.182	1.20983	2.024206	0.5649083	3.922487
40590	-3430.349	-3595.767	165.4178	1.343758	2.159499	0.6232793	3.026995
40596	-3428.729	-3594.868	166.1392	1.325551	1.62008	0.3977841	3.026995
40602	-3435.704	-3601.439	165.7351	1.342467	1.62008	0.634912	3.026995
40608	-3443.583	-3610.131	166.5477	1.318058	1.62008	0.4481555	2.727649
40614	-3435.87	-3602.097	166.2271	1.318058	1.62008	0.4417914	2.929304
40620	-3443.868	-3609.858	165.9906	1.322793	2.242272	0.5388823	2.741939
40626	-3448.959	-3615.046	166.0879	1.431231	1.701187	0.3878543	2.972975
40632	-3441.612	-3608.898	167.2859	1.516279	1.575747	0.3230929	2.317591
40638	-3446.053	-3612.794	166.7408	1.456618	1.715172	0.445518	2.485533
40644	-3453.051	-3619.215	166.1638	1.481667	2.234988	0.5712474	2.508485
40650	-3446.158	-3612.802	166.644	1.481667	2.092728	0.5709676	2.254452
40656	-3434.309	-3599.883	165.5734	1.237627	2.114928	0.3871041	3.245306
40662	-3433.04	-3600.28	167.2397	1.496346	1.656239	0.5019679	2.104237
40668	-3435.776	-3603.137	167.361	1.525329	2.007079	0.5019679	1.855803
40674	-3431.52	-3598.019	166.4988	1.504906	1.837146	0.5031692	2.495658
40680	-3445.665	-3611.397	165.7324	1.222822	1.77928	0.4372092	3.223139
40686	-3435.381	-3600.723	165.3419	1.207865	2.117489	0.519993	3.259376
40692	-3444.029	-3609.741	165.7115	1.227907	1.587067	0.519993	3.225332
40698	-3440.902	-3606.262	165.3593	1.34362	2.337009	0.519993	3.098301
40704	-3441.201	-3607.642	166.441	1.480041	2.054335	0.8003527	2.204039
40710	-3430.488	-3596.528	166.0398	1.404379	2.27977	0.5579208	2.63119
40716	-3419.838	-3584.969	165.1305	1.245282	2.266558	0.5424162	3.293065
40722	-3426.78	-3590.737	163.9573	1.224629	1.641312	0.4044701	4.334166
40728	-3440.884	-3604.573	163.6889	1.233278	2.355197	0.4577559	4.186814
40734	-3439.934	-3601.645	161.7113	1.174768	2.355197	0.7914504	5.06061
40740	-3437.971	-3600.329	162.3582	1.043028	2.251102	0.4678274	5.06061
40746	-3430.653	-3594.486	163.8333	1.186078	2.251102	0.4678274	4.152655
40752	-3431.984	-3596.279	164.2956	1.072591	2.251102	0.4678274	3.953667
40758	-3422.893	-3587.501	164.6072	1.218608	2.251102	0.4678274	3.690402
40764	-3420.243	-3585.547	165.3045	1.320499	1.9985	0.5184631	3.256743
40770	-3430.719	-3596.278	165.5595	1.383345	1.9985	0.5312344	3.055734
40776	-3435.3	-3600.861	165.5617	1.309575	2.038118	0.4903491	3.124401
40782	-3442.214	-3606.491	164.2776	1.174754	2.038118	0.6113009	3.843837
40788	-3425.424	-3590.314	164.8906	1.162566	2.420751	0.6113009	3.375259
40794	-3430.02	-3595.525	165.5047	1.340919	2.420751	0.5995348	2.914095
40800	-3434.316	-3599.778	165.4619	1.235698	2.420751	0.4581619	3.137817
40806	-3439.747	-3603.041	163.2939	1.148982	2.300512	0.4629257	4.468761
40812	-3437.58	-3600.845	163.265	1.092633	2.300512	0.5876605	4.404215
40818	-3444.354	-3608.239	163.8852	1.126288	2.291306	0.6473323	3.98748
40824	-3439.673	-3603.855	164.1821	1.273956	1.87639	0.6854656	3.838559
40830	-3421.422	-3586.816	165.3932	1.27989	1.87639	0.5044296	3.285188
40836	-3427.169	-3592.449	165.2796	1.307207	1.745389	0.5044296	3.384836
40842	-3428.733	-3593.966	165.2329	1.209798	2.206418	0.4439041	3.369616
40848	-3426.915	-3591.834	164.9182	1.205011	2.45485	0.5259543	3.399844
40854	-3427.584	-3592.895	165.3111	1.250464	1.892835	0.5259543	3.324394
40860	-3426.08	-3591.151	165.071	1.269126	2.139567	0.4289223	3.467175
40866	-3426.189	-3591.921	165.7316	1.287448	1.993857	0.4867892	3.055205
40872	-3440.107	-3605.894	165.7873	1.397224	1.785682	0.6996812	2.843482
40878	-3445.243	-3611.399	166.1557	1.341937	1.785682	0.5001526	2.830443
40884	-3433.373	-3600.87	167.497	1.678866	1.642326	0.5150908	1.800409
40890	-3436.947	-3603.979	167.0317	1.678866	2.305524	0.559371	1.800409
40896	-3437.16	-3603.69	166.5296	1.683571	2.249785	0.8819727	1.877146
40902	-3434.528	-3600.98	166.4511	1.623816	2.093175	0.7698282	2.113271
40908	-3437.782	-3605.285	167.5026	1.649462	2.241614	0.4643622	1.62173
40914	-3432.437	-3599.98	167.5423	1.708918	1.852031	0.4643622	1.711531
40920	-3433.26	-3600.642	167.3815	1.663874	1.852031	0.5054203	1.806849
40926	-3421.996	-3589.477	167.4814	1.617596	1.962668	0.4353593	1.806849
40932	-3439.571	-3606.837	167.266	1.605323	2.294043	0.4590319	1.806849
40938	-3429.516	-3596.579	167.0627	1.569789	2.285358	0.4372131	1.998403
40944	-3432.586	-3599.969	167.3837	1.631805	1.809679	0.5056181	1.845513
40950	-3429.443	-3596.906	167.4623	1.644998	1.574866	0.4072557	2.006962
40956	-3434.44	-3601.699	167.2589	1.503138	1.760559	0.4072557	2.151548
40962	-3423.571	-3590.503	166.9323	1.513671	1.85896	0.4072557	2.314973
40968	-3429.998	-3597.186	167.1879	1.513671	1.827915	0.5095408	2.044796
40974	-3437.495	-3604.582	167.0868	1.545499	2.127145	0.4734336	2.013208
40980	-3443.922	-3610.713	166.7906	1.579178	2.262984	0.6395225	1.968248
40986	-3443.889	-3610.228	166.3384	1.560377	1.944949	0.5954888	2.43028
40992	-3441.425	-3608.48	167.0546	1.562902	1.944949	0.4447399	2.125687
40998	-3439.07	-3606.3	167.2298	1.572563	1.944949	0.4447399	2.003705
41004	-3430.911	-3597.882	166.9711	1.594493	1.944949	0.5909618	2.003705
41010	-3420.595	-3587.773	167.1777	1.512886	1.745066	0.5909618	2.003705
41016	-3427.223	-3594.542	167.3183	1.553961	1.745066	0.4158705	2.07529
41022	-3421.231	-3588.799	167.5681	1.558079	1.745066	0.4823381	1.824776
41028	-3427.238	-3594.151	166.9132	1.552348	2.439068	0.3961381	2.107429
41034	-3428.206	-3594.902	166.6964	1.4036	1.948034	0.520169	2.374931
41040	-3425.012	-3591.52	166.508	1.423423	1.921189	0.5943232	2.419838
41046	-3437.347	-3604.049	166.7021	1.441758	1.938451	0.4771025	2.395955
41052	-3426.613	-3593.103	166.4896	1.484839	2.232212	0.4771025	2.397551
41058	-3429.647	-3595.776	166.1287	1.442359	2.046618	0.5563012	2.633797
41064	-3435.976	-3600.316	164.3395	1.324925	2.205387	0.5563012	3.714685
41070	-3435.681	-3601.805	166.1237	1.239167	2.104212	0.5563012	2.741534
41076	-3435.644	-3601.134	165.4899	1.258319	2.258903	0.5563012	3.061701
41082	-3429.772	-3595.355	165.5828	1.328514	2.258903	0.4869793	3.030776
41088	-3443.317	-3608.538	165.2206	1.301351	1.995821	0.4869793	3.348939
41094	-3448.621	-3613.499	164.8777	1.386681	1.905579	0.6980859	3.348939
41100	-3437.949	-3603.815	165.8658	1.383108	2.129759	0.4736397	2.88366
41106	-3430.643	-3597.628	166.9853	1.480144	2.01862	0.4201866	2.225272
41112	-3430.746	-3597.357	166.6119	1.645337	2.396809	0.4963112	2.140147
41118	-3440.044	-3607.776	167.7329	1.768193	2.114784	0.49621	1.370905
41124	-3435.698	-3603.031	167.3329	1.74331	2.077348	0.5334863	1.659113
41130	-3434.42	-3601.284	166.8638	1.74547	2.326384	0.5334863	1.88998
41136	-3429.554	-3596.558	167.0043	1.656527	2.519395	0.5334863	1.787702
41142	-3440.639	-3607.539	166.9009	1.517122	2.042483	0.5334863	2.121052
41148	-3435.369	-3602.203	166.8341	1.451551	1.760901	0.66691	2.192668
41154	-3438.51	-3604.066	165.5552	1.358422	2.186666	0.66691	2.890238
41160	-3430.074	-3596.485	166.4115	1.418688	1.818491	0.5403533	2.573885
41166	-3424.282	-3590.556	166.2744	1.366678	2.137052	0.5403533	2.574099
41172	-3433.135	-3599.418	166.2823	1.397027	2.197256	0.5200217	2.549805
41178	-3429.587	-3595.98	166.3932	1.421106	2.197256	0.5200217	2.465451
41184	-3442.467	-3609.145	166.6782	1.497213	2.197256	0.4063471	2.363116
41190	-3444.905	-3610.9	165.9952	1.408609	2.021374	0.471328	2.829622
41196	-3460.297	-3626.001	165.7042	1.39773	2.021374	0.471328	3.011752
41202	-3443.3	-3609.309	166.0091	1.537846	2.629389	0.471328	2.546353
41208	-3427.394	-3593.281	165.8866	1.558452	2.426086	0.471328	2.670678
41214	-3419.814	-3586.728	166.9138	1.574317	2.134356	0.471328	2.108151
41220	-3444.083	-3608.678	164.5947	1.321946	1.99896	0.7964834	3.448417
41226	-3441.498	-3607.266	165.7685	1.57201	1.99896	0.7906978	2.598413
41232	-3437.268	-3603.823	166.5544	1.536338	2.034106	0.6044252	2.26672
41238	-3442.013	-3608.332	166.3183	1.460671	1.845777	0.571289	2.565562
41244	-3435.326	-3600.972	165.6461	1.460671	2.755539	0.571289	2.682924
41250	-3440.667	-3606.236	165.569	1.343414	2.603387	0.3838781	3.038872
41256	-3441.274	-3607.166	165.8925	1.343414	1.863235	0.7100161	2.774343
41262	-3451.558	-3617.666	166.1079	1.396812	2.409002	0.4366704	2.676998
41268	-3434.326	-3600.782	166.456	1.364772	2.104302	0.4449931	2.572961
41274	-3423.405	-3589.653	166.2479	1.398109	2.161854	0.5160284	2.586495
41280	-3433.445	-3598.852	165.407	1.345882	1.935628	0.5160284	3.205518
41286	-3448.014	-3614.21	166.1961	1.492787	1.913124	0.5355736	2.629734
41292	-3444.526	-3608.444	163.9185	1.239261	1.674044	0.6039825	4.147973
41298	-3449.178	-3614.795	165.6175	1.278575	1.648809	0.4795846	3.265174
41304	-3431.838	-3596.282	164.4439	1.186736	1.713662	0.5023359	3.952567
41310	-3445.193	-3610.952	165.7589	1.315375	2.297481	0.4128877	2.999934
41316	-3427.42	-3594.203	166.7821	1.427699	1.757831	0.4646092	2.439102
41322	-3425.915	-3591.804	165.8889	1.332232	1.993933	0.4646092	2.956801
41328	-3423.481	-3589.776	166.2946	1.360302	2.03237	0.6189738	2.529524
41334	-3416.829	-3582.398	165.5688	1.278782	2.298834	0.4250257	3.121471
41340	-3424.648	-3589.545	164.8974	1.383819	2.298834	0.5072149	3.371779
41346	-3430.222	-3596.552	166.3305	1.378747	2.222854	0.5072149	2.535432
41352	-3427.97	-3594.77	166.8008	1.49303	2.029332	0.3933473	2.363733
41358	-3430.102	-3596.933	166.8316	1.484616	1.994035	0.5325504	2.206534
41364	-3431.008	-3597.709	166.7002	1.531985	1.74762	0.5325504	2.358008
41370	-3422.116	-3588.475	166.3589	1.489232	2.568858	0.5325504	2.311256
41376	-3429.992	-3596.948	166.9563	1.607806	2.568858	0.4678	1.912025
41382	-3435.075	-3602.522	167.4466	1.607806	2.022134	0.3706071	1.898551
41388	-3440.428	-3607.958	167.5299	1.664329	1.986128	0.4163525	1.755422
41394	-3448.782	-3616.294	167.5118	1.664329	1.783198	0.4163525	1.854227
41400	-3435.83	-3602.511	166.6815	1.571136	1.970418	0.6178776	2.173835
41406	-3436.682	-3603.916	167.2343	1.658944	1.970418	0.6178776	1.743167
41412	-3436.261	-3603.886	167.6243	1.681063	1.751571	0.4831637	1.695669
41418	-3426.252	-3593.46	167.2076	1.554743	2.215893	0.4845067	1.880175
41424	-3449.323	-3616.417	167.0934	1.618148	2.915903	0.5266706	1.630462
41430	-3434.777	-3602.126	167.3488	1.618148	2.516263	0.4126591	1.720309
41436	-3444.409	-3611.643	167.2341	1.65451	2.516263	0.4126591	1.775218
41442	-3431.579	-3599.253	167.674	1.623594	1.71809	0.4519717	1.754644
41448	-3434.182	-3601.295	167.1136	1.406605	2.036287	0.4519717	2.145668
41454	-3432.143	-3599.458	167.3154	1.630164	1.820335	0.4519717	1.950525
41460	-3446.352	-3613.843	167.4907	1.620527	1.572385	0.4519717	1.950525
41466	-3432.45	-3599.671	167.2207	1.547066	1.78363	0.4743958	2.058526
41472	-3439.411	-3606.657	167.2455	1.572696	2.449516	0.4743958	1.769883
41478	-3440.992	-3608.144	167.1523	1.485344	2.111323	0.5074225	1.977553
41484	-3440.941	-3607.619	166.6781	1.378268	1.757363	0.5074225	2.490227
41490	-3432.15	-3596.577	164.4267	1.194453	2.035068	0.6556927	3.711832
41496	-3435.85	-3600.615	164.7651	1.259866	2.078024	0.6042888	3.505022
41502	-3428.741	-3593.557	164.8158	1.219726	1.820023	0.4788312	3.702816
41508	-3429.075	-3594.072	164.997	1.191138	2.115226	0.5602829	3.435614
41514	-3440.957	-3606.08	165.1233	1.245183	1.811569	0.5728033	3.424894
41520	-3436.258	-3601.287	165.0284	1.254204	1.811569	0.5728033	3.475105
41526	-3448.385	-3613.705	165.3197	1.241691	1.811569	0.5582367	3.324614
41532	-3446.905	-3612.487	165.5813	1.138416	1.564521	0.5582367	3.328969
41538	-3448.381	-3612.28	163.8987	1.224294	2.17498	0.687178	3.928764
41544	-3444.862	-3608.017	163.1552	1.082276	2.307581	0.6455173	4.423341
41550	-3435.49	-3600.115	164.6244	1.271381	2.17498	0.7525605	3.433265
41556	-3432.795	-3597.563	164.7682	1.271381	1.925242	0.7525605	3.433265
41562	-3436.769	-3602.159	165.3896	1.350146	2.071906	0.6209636	3.071405
41568	-3426.734	-3591.518	164.784	1.241675	1.943353	0.624891	3.533304
41574	-3435.427	-3601.509	166.0819	1.355974	1.697178	0.5611335	2.843104
41580	-3447.275	-3611.53	164.2555	1.120658	1.795611	0.5826564	3.995883
41586	-3437.563	-3601.55	163.9877	1.148668	2.2654	0.5386979	4.015142
41592	-3445.526	-3610.519	164.9924	1.180023	2.452693	0.5548233	3.345052
41598	-3443.493	-3607.693	164.1995	1.042166	2.452693	0.5548233	3.885297
41604	-3442.071	-3605.494	163.4226	1.042166	2.452693	0.5388086	4.341685
41610	-3441.121	-3605.533	164.4125	1.156854	2.217058	0.550948	3.770643
41616	-3448.257	-3612.672	164.4152	1.188647	2.578129	0.453357	3.737686
41622	-3434.797	-3599.529	164.7316	1.162975	1.71179	0.453357	3.84991
41628	-3431.112	-3596.355	165.2434	1.298978	2.517021	0.453357	3.206593
41634	-3415.225	-3581.131	165.9061	1.336944	2.090712	0.5804741	2.79705
41640	-3420.962	-3588.014	167.0517	1.522147	2.11104	0.4827287	2.047477
41646	-3432.304	-3599.352	167.0479	1.565485	2.078708	0.4702644	2.047477
41652	-3430.936	-3597.823	166.8869	1.565485	2.017957	0.5937406	2.047477
41658	-3435.289	-3601.932	166.6432	1.518097	2.017957	0.4330334	2.404387
41664	-3434.062	-3598.654	164.5916	1.238	1.958426	0.4887155	3.763002
41670	-3435.466	-3599.732	164.266	1.23222	2.085775	0.393875	4.008972
41676	-3446.095	-3611.056	164.9609	1.126571	1.850528	0.4678123	3.67263
41682	-3450.794	-3616.419	165.6248	1.232264	1.850528	0.4272241	3.265291
41688	-3444.187	-3608.436	164.2489	1.20877	1.850528	0.4119896	4.09208
41694	-3446.7	-3612.918	166.2187	1.39672	1.689844	0.3529662	2.962204
41700	-3437.599	-3603.656	166.0567	1.377243	2.191425	0.3529662	2.889265
41706	-3431.931	-3598.107	166.176	1.462229	2.213025	0.3529662	2.757991
41712	-3434.4	-3600.561	166.1611	1.383917	1.847285	0.589913	2.692338
41718	-3435.488	-3600.7	165.2113	1.303184	2.325576	0.589913	3.150011
41724	-3428.567	-3593.54	164.9735	1.254931	2.482745	0.4507403	3.404246
41730	-3429.234	-3595.517	166.2829	1.378984	2.281957	0.4507403	2.605036
41736	-3438.115	-3604.642	166.5274	1.492594	2.213383	0.3836808	2.483269
41742	-3424.811	-3591.578	166.7665	1.492594	2.213383	0.3836808	2.332372
41748	-3439.966	-3605.486	165.5201	1.253954	2.213383	0.3836808	3.239057
41754	-3436.059	-3602.188	166.1295	1.370869	2.060663	0.465466	2.76317
41760	-3445.838	-3611.381	165.5431	1.362678	1.951532	0.7603273	2.903755
41766	-3429.296	-3595.396	166.0996	1.380202	2.197846	0.4873728	2.705951
41772	-3419.764	-3585.836	166.072	1.401289	2.197846	0.5585048	2.639796
41778	-3422.058	-3588.072	166.0136	1.421121	2.197846	0.5585048	2.66356
41784	-3433.565	-3600.173	166.6081	1.386971	2.197846	0.412452	2.469314
41790	-3440.418	-3606.926	166.5076	1.363298	2.197846	0.412452	2.546816
41796	-3437.232	-3602.506	165.2736	1.363298	2.446931	0.6966679	2.951318
41802	-3432.652	-3598.78	166.1286	1.398711	1.880729	0.4620586	2.8155
41808	-3434.314	-3600.815	166.501	1.47567	2.018594	0.4620586	2.487598
41814	-3437.407	-3603.756	166.3492	1.482328	1.865539	0.6682941	2.438856
41820	-3436.176	-3602.061	165.8844	1.477113	2.559093	0.5015063	2.650461
41826	-3428.801	-3594.064	165.2631	1.412281	2.119673	0.5641757	3.143312
41832	-3424.171	-3589.392	165.2205	1.358109	2.073139	0.5641757	3.216326
41838	-3435.159	-3601.061	165.9017	1.365603	1.68795	0.5918866	2.922227
41844	-3440.988	-3606.639	165.6516	1.308573	1.834293	0.5918866	3.049669
41850	-3430.565	-3595.424	164.859	1.324917	2.467198	0.5767112	3.314526
41856	-3440.803	-3606.587	165.7839	1.318468	2.341753	0.5064032	2.870146
41862	-3445.923	-3610.523	164.5996	1.223254	2.081823	0.6353205	3.595707
41868	-3431.118	-3595.458	164.3406	1.270395	2.484386	0.6344962	3.595707
41874	-3435.644	-3600.412	164.768	1.306803	2.224	0.6344962	3.403505
41880	-3442.412	-3607.998	165.5858	1.286807	1.964272	0.6344962	3.018011
41886	-3424.597	-3590.287	165.6898	1.342473	1.885108	0.5372807	3.037298
41892	-3437.914	-3603.308	165.3944	1.308402	1.885108	0.3610014	3.419337
41898	-3433.801	-3599.751	165.9498	1.411317	2.440202	0.3610014	2.844454
41904	-3439.291	-3605.718	166.4274	1.442628	1.995303	0.3610014	2.680985
41910	-3452.016	-3618.259	166.2423	1.498815	2.225505	0.4011004	2.631359
41916	-3434.8	-3600.263	165.4629	1.357447	2.225505	0.4504113	3.133481
41922	-3440.991	-3606.591	165.6002	1.296027	2.02052	0.4726892	3.133481
41928	-3435.331	-3601.449	166.1185	1.361247	1.9343	0.5408705	2.745205
41934	-3434.933	-3599.673	164.74	1.313067	2.303205	0.6732484	3.360438
41940	-3444.083	-3610.231	166.1477	1.396217	2.303205	0.5340593	2.584803
41946	-3430.551	-3596.326	165.7748	1.386521	2.303205	0.471416	2.882172
41952	-3424.496	-3588.912	164.4158	1.125697	2.303205	0.471416	3.834902
41958	-3427.806	-3591.622	163.8154	1.201566	1.818338	0.638983	4.146245
41964	-3445.137	-3607.217	162.0797	0.9916526	2.103085	0.7170705	5.084045
41970	-3440.929	-3604.158	163.2294	0.9673891	1.991129	0.6531732	4.539149
41976	-3432.752	-3596.674	163.9221	1.092778	1.794987	0.6531732	4.144791
41982	-3441.137	-3604.733	163.5961	0.9793041	1.659378	0.4455729	4.625787
41988	-3436.341	-3599.951	163.6101	1.066722	1.910933	0.635189	4.309594
41994	-3435.894	-3600.844	164.9499	1.176145	2.429191	0.5536681	3.380267
42000	-3432.126	-3597.182	165.056	1.260703	2.076178	0.4807473	3.448209
42006	-3440.763	-3605.961	165.198	1.316093	2.060483	0.6011064	3.226334
42012	-3436.373	-3601.43	165.0567	1.246181	2.060483	0.5180146	3.425431
42018	-3431.26	-3595.37	164.1102	1.165813	2.060483	0.5844756	3.960037
42024	-3437.311	-3603.932	166.6214	1.619354	2.513223	0.4480279	2.167179
42030	-3440.94	-3607.085	166.1454	1.476015	2.683196	0.4683452	2.487369
42036	-3426.714	-3592.679	165.9653	1.419034	2.525357	0.5961387	2.555639
42042	-3438.848	-3605.134	166.2861	1.577599	2.115212	0.4708342	2.514205
42048	-3421.744	-3588.999	167.2551	1.611148	1.742734	0.4708342	2.014832
42054	-3427.384	-3594.281	166.8972	1.611148	2.362219	0.4708342	2.014832
42060	-3439.627	-3603.584	163.9572	1.246849	1.958672	0.4489327	4.160307
42066	-3435.046	-3600.299	165.2529	1.285245	1.562583	0.5292699	3.462705
42072	-3438.671	-3603.691	165.0207	1.288848	1.682997	0.681731	3.418528
42078	-3429.846	-3594.378	164.5324	1.182761	1.792755	0.4478888	3.928181
42084	-3449.012	-3613.929	164.9168	1.164064	1.792755	0.4960384	3.669878
42090	-3447.031	-3611.091	164.0599	1.137162	2.19824	0.4834516	4.052451
42096	-3441.581	-3606.331	164.7495	1.195944	2.19824	0.4301262	3.676556
42102	-3439.503	-3604.798	165.2948	1.380974	1.872947	0.4545713	3.33485
42108	-3430.648	-3596.717	166.0687	1.263928	1.872947	0.3852633	3.021862
42114	-3448.852	-3613.154	164.3023	1.22724	2.133396	0.7035877	3.695706
42120	-3447.174	-3611.051	163.8771	1.132372	2.596496	0.4113263	4.117276
42126	-3438.228	-3601.762	163.5336	1.160882	2.460157	0.6069168	4.151342
42132	-3441.892	-3605.644	163.7521	1.024524	1.920204	0.507712	4.358725
42138	-3437.283	-3600.534	163.2508	1.038984	2.031612	0.5795162	4.532668
42144	-3438.993	-3602.669	163.6761	1.020016	2.031612	0.3487644	4.532668
42150	-3425.834	-3589.891	164.0571	1.171445	1.90233	0.6957865	3.952156
42156	-3426.451	-3592.183	165.7315	1.222682	1.830865	0.512926	3.127243
42162	-3430.74	-3596.52	165.7798	1.448321	2.021108	0.512926	2.893979
42168	-3432.956	-3597.981	165.0245	1.325152	2.052468	0.4681212	3.449511
42174	-3431.63	-3596.076	164.446	1.149687	1.55026	0.5986925	3.951579
42180	-3427.239	-3590.645	163.4066	1.157416	2.185113	0.631563	4.286909
42186	-3438.817	-3602.242	163.4249	1.103847	1.95466	0.5589823	4.441156
42192	-3444.174	-3609.847	165.6739	1.489019	1.872346	0.6003994	2.906148
42198	-3427.404	-3591.817	164.4131	1.362464	2.32643	0.7055139	3.490954
42204	-3436.463	-3601.022	164.5584	1.186367	1.844221	0.7055139	3.668448
42210	-3442.443	-3606.789	164.346	1.186346	2.092282	0.5717363	3.813449
42216	-3436.294	-3600.358	164.0643	1.152786	2.048068	0.5717363	4.008657
42222	-3429.689	-3594.757	165.0677	1.278737	1.821735	0.5155446	3.48617
42228	-3429.846	-3594.163	164.3175	1.17111	2.403903	0.8062743	3.562649
42234	-3428.108	-3593.258	165.1505	1.305244	1.940697	0.7053452	3.217959
42240	-3428.421	-3594.751	166.3299	1.387236	1.904189	0.5169201	2.634025
42246	-3435.86	-3600.358	164.4982	1.17142	1.930874	0.709902	3.677845
42252	-3437.068	-3602.453	165.3857	1.152103	1.930874	0.6013207	3.257205
42258	-3443.452	-3607.412	163.96	1.109018	1.779544	0.7180926	4.070734
42264	-3439.64	-3605.428	165.7884	1.238221	1.844737	0.573025	3.022775
42270	-3435.015	-3600.288	165.2733	1.234264	1.844737	0.6858244	3.237216
42276	-3449.164	-3614.305	165.1409	1.131542	1.844737	0.5760958	3.46597
42282	-3444.264	-3609.101	164.8371	1.283821	2.587227	0.6688502	3.24009
42288	-3427.907	-3593.378	165.4703	1.305593	1.709609	0.5618375	3.233841
42294	-3436.934	-3602.631	165.6973	1.188328	2.046416	0.3758823	3.237419
42300	-3445.821	-3611.25	165.4282	1.222805	1.898641	0.3758823	3.427024
42306	-3422.852	-3588.819	165.9678	1.216585	1.862337	0.3758823	3.125478
42312	-3426.503	-3592.816	166.3139	1.345497	2.068428	0.3758823	2.765438
42318	-3447.253	-3610.657	163.4036	1.024529	2.04674	0.6895442	4.363106
42324	-3445.2	-3610.36	165.16	1.358263	2.290749	0.400174	3.346501
42330	-3425.604	-3590.233	164.6289	1.222434	2.20184	0.400174	3.762303
42336	-3434.177	-3598.111	163.9344	1.402316	2.07225	0.7938676	3.762303
42342	-3435.443	-3601.115	165.6714	1.422429	2.267806	0.6168016	2.796536
42348	-3427.307	-3593.809	166.5018	1.361537	2.10466	0.4411546	2.550705
42354	-3432.372	-3597.363	164.9908	1.310447	1.904915	0.5470593	3.453285
42360	-3445.515	-3611.935	166.4196	1.415353	1.629915	0.3879995	2.811039
42366	-3431.371	-3597.83	166.4584	1.440993	1.486052	0.4220798	2.794642
42372	-3421.399	-3586.959	165.5599	1.365853	1.928089	0.3668357	3.265812
42378	-3445.128	-3611.839	166.7105	1.521032	1.986497	0.3668357	2.452203
42384	-3431.255	-3598.269	167.0136	1.521032	1.986497	0.4280561	2.183271
42390	-3439.005	-3606.007	167.0021	1.572973	1.629594	0.5668818	2.154336
42396	-3428.172	-3594.286	166.1135	1.451864	2.191988	0.5064662	2.63577
42402	-3434.706	-3600.914	166.2084	1.419691	1.673278	0.4245058	2.876355
42408	-3448.784	-3614.215	165.4309	1.274697	1.532581	0.6060121	3.308929
42414	-3429.063	-3594.358	165.2954	1.373284	1.865807	0.5335796	3.263957
42420	-3433.91	-3598.87	164.9599	1.185669	1.865807	0.4310389	3.671394
42426	-3426.67	-3592.281	165.611	1.203086	2.044164	0.3944804	3.258732
42432	-3425.609	-3591.15	165.5408	1.249551	1.867134	0.3944804	3.335087
42438	-3430.505	-3595.146	164.6404	1.254726	2.539677	0.5691744	3.469638
42444	-3435.984	-3599.132	163.1481	1.181973	1.903126	0.6670134	4.483311
42450	-3441.129	-3605.082	163.953	1.171875	1.997866	0.6670134	4.000587
42456	-3436.99	-3601.289	164.2986	1.183144	1.969892	0.4215932	4.02666
42462	-3442.263	-3605.153	162.8904	1.109783	2.113406	0.5003856	4.738414
42468	-3439.192	-3604.358	165.1658	1.293653	2.015041	0.5847906	3.288294
42474	-3438.59	-3603.605	165.015	1.290741	2.530236	0.5672665	3.232681
42480	-3423.703	-3588.636	164.9329	1.327839	3.05097	0.4512213	3.232681
42486	-3436.09	-3601.749	165.6587	1.410291	2.241532	0.4370248	2.994131
42492	-3432.599	-3598.177	165.5784	1.273217	2.241532	0.4370248	3.12409
42498	-3434.959	-3600.198	165.2396	1.231673	2.274029	0.4237152	3.353174
42504	-3437.728	-3602.199	164.4714	1.145517	2.274029	0.4237152	3.84936
42510	-3436.418	-3602.929	166.5112	1.253278	2.164241	0.4462742	2.585783
42516	-3450.452	-3616.309	165.8568	1.2683	2.089229	0.4462742	3.000837
42522	-3435.317	-3600.98	165.6634	1.38212	2.089229	0.4807618	3.012553
42528	-3441.774	-3606.96	165.1855	1.364125	2.371122	0.6069096	3.100312
42534	-3438.409	-3603.668	165.2591	1.366833	2.371122	0.5556349	3.100312
42540	-3435.278	-3600.735	165.4574	1.255967	2.486605	0.5556349	3.013299
42546	-3445.813	-3611.22	165.4069	1.297506	2.486605	0.5330538	3.039757
42552	-3434.013	-3597.206	163.1935	1.164541	2.153958	0.5330538	4.495468
42558	-3438.872	-3603.33	164.4578	1.144721	2.153958	0.5921266	3.735674
42564	-3443.538	-3607.423	163.8848	1.132504	2.153958	0.5921266	4.071304
42570	-3429.518	-3593.434	163.9162	1.165425	2.040147	0.5921266	4.071304
42576	-3436.492	-3600.688	164.1959	1.350305	2.085365	0.9514793	3.535344
42582	-3424.535	-3589.662	165.1274	1.350305	2.085365	0.779707	3.099662
42588	-3433.183	-3598.268	165.0847	1.215144	2.085365	0.4865852	3.449198
42594	-3438.914	-3603.697	164.7825	1.232981	1.847482	0.5422182	3.644603
42600	-3433.149	-3599.373	166.2239	1.427454	1.768532	0.5422182	2.702145
42606	-3434.795	-3601.393	166.5978	1.358954	1.768532	0.432547	2.628054
42612	-3429.932	-3596.474	166.5422	1.597729	2.665297	0.4068083	2.23454
42618	-3423.359	-3589.414	166.0555	1.323302	2.192973	0.3649415	2.907075
42624	-3430.94	-3597.935	166.9951	1.503706	2.244397	0.440276	2.097615
42630	-3448.565	-3615.985	167.4197	1.587621	1.699429	0.4597105	1.952612
42636	-3437.342	-3604.915	167.5731	1.596453	1.699429	0.4597105	1.842443
42642	-3438.434	-3605.796	167.3618	1.674062	1.699429	0.3940573	2.014527
42648	-3443.156	-3610.777	167.6208	1.669038	1.895167	0.3940573	1.756504
42654	-3430.423	-3597.36	166.9365	1.59696	1.895167	0.4348509	2.211505
42660	-3428.872	-3596.055	167.1837	1.612793	1.895167	0.4721022	1.995653
42666	-3427.681	-3594.744	167.0635	1.579076	1.895167	0.4721022	2.097496
42672	-3417.759	-3584.448	166.6889	1.502807	2.118399	0.4537694	2.325094
42678	-3423.639	-3590.392	166.7529	1.508058	2.073712	0.3808647	2.383977
42684	-3434.374	-3600.341	165.9668	1.391613	2.073712	0.3808647	2.940044
42690	-3425.222	-3591.883	166.6611	1.454718	1.804083	0.3808647	2.576499
42696	-3430.792	-3596.75	165.9584	1.361672	2.027325	0.5098454	2.839176
42702	-3429.087	-3594.882	165.7954	1.399064	2.366656	0.6573674	2.668786
42708	-3421.121	-3587.92	166.7998	1.388416	2.226167	0.3889412	2.366376
42714	-3422.367	-3588.307	165.9394	1.424485	2.238393	0.561308	2.690999
42720	-3429.3	-3595.54	166.2401	1.347055	2.099804	0.4822629	2.678748
42726	-3427.821	-3592.815	164.9937	1.2898	2.403402	0.5904679	3.262646
42732	-3423.874	-3589.269	165.3941	1.200707	1.927594	0.5581972	3.262646
42738	-3425.047	-3589.294	164.2479	1.179693	2.541491	0.5581972	3.75018
42744	-3434.643	-3598.539	163.8953	1.205402	2.424007	0.5581972	3.971324
42750	-3434.443	-3600.123	165.6796	1.252219	1.698373	0.5581972	3.149131
42756	-3432.706	-3598.673	165.9674	1.248762	1.953542	0.5581972	2.882149
42762	-3429.716	-3595.07	165.3536	1.280309	2.27859	0.4112288	3.269758
42768	-3429.909	-3594.327	164.4181	1.191395	1.818117	0.612169	3.829242
42774	-3440.275	-3604.438	164.1626	1.22519	2.037832	0.6999684	3.811452
42780	-3437.273	-3601.709	164.436	1.12459	2.114836	0.3900599	3.968175
42786	-3436.838	-3601.127	164.2893	1.133989	2.114836	0.4645024	3.968175
42792	-3434.512	-3598.426	163.9143	1.198279	2.331914	0.5852439	3.968175
42798	-3439.182	-3602.739	163.5575	1.1667	2.164145	0.7082466	4.144079
42804	-3439.285	-3604.088	164.803	1.244105	2.164145	0.5909635	3.475284
42810	-3452.774	-3617.827	165.0531	1.382942	2.164145	0.7672547	3.107245
42816	-3436.329	-3602.54	166.2107	1.304131	1.581455	0.5241862	2.879523
42822	-3426.717	-3592.095	165.3784	1.191982	1.997357	0.4439664	3.363886
42828	-3433.052	-3597.344	164.2911	1.117491	1.406969	0.3932296	4.314474
42834	-3424.475	-3589.351	164.8761	1.197849	1.657318	0.4318562	3.789977
42840	-3424.057	-3589.46	165.4026	1.28376	1.657318	0.3611399	3.514743
42846	-3426.04	-3592.423	166.3831	1.452286	2.056077	0.3611399	2.680396
42852	-3426.966	-3592.86	165.8939	1.287687	2.290492	0.5399659	2.805654
42858	-3430.746	-3596.822	166.0764	1.317542	1.663031	0.4642846	2.978691
42864	-3431.097	-3596.485	165.388	1.255795	2.031586	0.4642846	3.287809
42870	-3426.444	-3591.914	165.4697	1.224701	1.813958	0.4014407	3.403063
42876	-3428.068	-3592.786	164.7178	1.188347	2.24852	0.6295341	3.498469
42882	-3428.786	-3593.93	165.1436	1.220615	2.24852	0.6295341	3.229459
42888	-3434.352	-3599.49	165.1373	1.293088	2.112672	0.6295341	3.234312
42894	-3431.164	-3595.81	164.6454	1.30704	2.712478	0.3370592	3.630727
42900	-3431.475	-3597.031	165.5565	1.353354	2.215634	0.3370592	3.215043
42906	-3427.042	-3592.736	165.6931	1.307494	1.820909	0.4102181	3.210207
42912	-3422.299	-3588.525	166.2257	1.345125	2.011729	0.4349892	2.770565
42918	-3430.846	-3597.01	166.1639	1.345125	2.14939	0.4259495	2.770565
42924	-3426.703	-3592.727	166.0241	1.345125	2.146537	0.5780415	2.702985
42930	-3437.233	-3603.623	166.3899	1.447072	2.356754	0.5887996	2.330943
42936	-3418.96	-3585.638	166.6779	1.435064	2.033937	0.4592675	2.399403
42942	-3427.278	-3594.446	167.1672	1.619183	2.033937	0.2929085	2.184204
42948	-3433.369	-3599.368	165.9986	1.509041	2.93237	0.5618317	2.393325
42954	-3431.746	-3597.272	165.526	1.275812	2.729843	0.432506	3.014338
42960	-3438.913	-3603.774	164.8605	1.285235	2.496593	0.5446927	3.357175
42966	-3450.681	-3615.608	164.9267	1.364883	2.496593	0.4565353	3.357175
42972	-3445.522	-3610.891	165.3685	1.284398	2.496593	0.6503398	2.96419
42978	-3434.643	-3600.848	166.2051	1.457751	2.148075	0.6503398	2.4562
42984	-3438.771	-3604.263	165.4916	1.319482	2.466217	0.6503398	2.877793
42990	-3429.879	-3593.271	163.3923	1.265192	2.148575	0.785147	4.132611
42996	-3436.566	-3599.022	162.4563	1.057866	2.430106	0.5175166	4.900081
43002	-3440.975	-3603.915	162.9404	1.063986	2.407738	0.5175166	4.632573
43008	-3440.372	-3602.858	162.4853	1.043206	2.407738	0.6535853	4.785869
43014	-3423.657	-3587.249	163.5914	1.170086	2.532012	0.4728277	4.212882
43020	-3425.922	-3587.962	162.0403	0.9972527	1.931383	0.7206669	5.155728
43026	-3432.005	-3594.002	161.997	0.9569628	2.423669	0.4776069	5.249352
43032	-3440.591	-3603.28	162.6894	1.02395	2.423669	0.4227385	4.882218
43038	-3443.312	-3608.009	164.6974	1.225287	2.423669	0.5508888	3.50333
43044	-3433.457	-3598.003	164.5467	1.179684	1.73433	0.5117307	3.881111
43050	-3427.407	-3592.991	165.5841	1.310502	1.959963	0.4051494	3.228205
43056	-3431.821	-3597.483	165.6615	1.297364	2.572193	0.4837869	2.91018
43062	-3436.492	-3602.984	166.4926	1.431999	2.270049	0.4140728	2.487195
43068	-3433.068	-3598.287	165.2195	1.127692	1.573461	0.4140728	3.684886
43074	-3435.801	-3601.515	165.7148	1.252397	1.773589	0.4310858	3.224832
43080	-3426.613	-3592.311	165.6985	1.246295	2.701431	0.4310858	2.93784
43086	-3427.921	-3593.666	165.7445	1.331911	2.780245	0.4310858	2.836487
43092	-3434.834	-3600.462	165.628	1.427036	2.438763	0.5421966	2.834157
43098	-3425.436	-3590.61	165.174	1.350487	2.254655	0.8082067	2.995739
43104	-3432.116	-3596.792	164.6757	1.211241	2.254655	0.6998739	3.452241
43110	-3432.012	-3596.365	164.3533	1.197187	2.254655	0.4275779	3.889323
43116	-3425.671	-3591.924	166.2524	1.361674	2.441402	0.4052565	2.635637
43122	-3427.591	-3592.706	165.1145	1.276212	2.380852	0.3748378	3.423182
43128	-3427.964	-3592.984	165.0206	1.218791	2.405842	0.4774249	3.393142
43134	-3437.987	-3603.365	165.3788	1.289737	2.183862	0.4077719	3.283237
43140	-3426.019	-3591.019	164.9999	1.284289	2.358053	0.4458211	3.413554
43146	-3432.811	-3597.981	165.1706	1.282752	2.088474	0.5159804	3.329685
43152	-3426.684	-3591.492	164.8083	1.214681	2.201671	0.5668173	3.498379
43158	-3446.178	-3611.222	165.0438	1.109971	2.722626	0.3992915	3.436796
43164	-3438.353	-3603.947	165.5945	1.20287	1.620023	0.3872336	3.43411
43170	-3448.531	-3615.23	166.699	1.303906	1.75878	0.4883348	2.54278
43176	-3445.112	-3611.125	166.0128	1.255834	1.468554	0.4883348	3.111702
43182	-3444.293	-3610.556	166.2626	1.37857	1.748066	0.4883348	2.769885
43188	-3436.832	-3603.197	166.3641	1.360205	2.369292	0.4883348	2.497537
43194	-3451.686	-3616.797	165.1105	1.347887	2.348489	0.5253035	3.234885
43200	-3449.145	-3615.496	166.3514	1.252679	1.62278	0.5253035	2.806787
43206	-3438.898	-3605.165	166.2671	1.367634	1.855699	0.4190762	2.806787
43212	-3443.842	-3610.09	166.248	1.438158	1.852275	0.375719	2.827818
43218	-3433.865	-3600.264	166.3993	1.408592	2.254268	0.5076487	2.462795
43224	-3427.362	-3594.272	166.9098	1.487749	2.016996	0.4803886	2.200568
43230	-3428.434	-3595.124	166.6901	1.387092	2.022185	0.4751535	2.408905
43236	-3429.411	-3596.28	166.8689	1.550811	2.134197	0.5311201	2.088284
43242	-3431.698	-3598.491	166.7935	1.445328	2.149869	0.4244528	2.317703
43248	-3431.773	-3599.166	167.3932	1.578736	2.120081	0.4244528	1.84555
43254	-3431.276	-3595.555	164.2784	1.294898	2.069143	0.7780315	3.637479
43260	-3435.97	-3601.898	165.9275	1.499037	2.162899	0.6195118	2.624997
43266	-3422.051	-3588.475	166.4237	1.438888	1.940414	0.520534	2.526595
43272	-3423.104	-3589.254	166.15	1.346752	1.850968	0.520534	2.785703
43278	-3427.984	-3592.588	164.604	1.485667	2.448667	0.9296677	3.115077
43284	-3433.843	-3599.351	165.5083	1.525453	2.448667	0.9296677	2.541251
43290	-3436.654	-3603.021	166.3674	1.669359	2.061995	0.4260537	2.474792
43296	-3430.033	-3597.173	167.1398	1.62996	2.022636	0.6073711	1.81813
43302	-3434.013	-3601.294	167.281	1.62996	1.672433	0.6026534	1.876199
43308	-3421.982	-3587.911	165.9295	1.333971	1.913997	0.654253	2.78362
43314	-3421.62	-3586.346	164.726	1.243774	1.92863	0.654253	3.547296
43320	-3424.197	-3589.426	165.2292	1.238285	1.940901	0.5243244	3.364074
43326	-3431.737	-3597.063	165.3258	1.246575	1.724013	0.5443236	3.364074
43332	-3438.027	-3602.371	164.3437	1.197281	2.007941	0.6257411	3.791117
43338	-3439.676	-3604.515	164.8396	1.284811	2.457943	0.5116796	3.411717
43344	-3432.195	-3597.61	165.4153	1.189441	2.333318	0.5116796	3.165824
43350	-3429.193	-3593.435	164.242	1.212523	1.875565	0.697316	3.830782
43356	-3435.671	-3600.659	164.9879	1.291007	2.06779	0.6616305	3.312583
43362	-3436.521	-3601.881	165.3604	1.425737	1.999385	0.6464198	3.0475
43368	-3430.305	-3596.54	166.2347	1.334137	1.837995	0.4285009	2.84293
43374	-3425.138	-3590.382	165.2439	1.334137	1.97195	0.6192107	3.203671
43380	-3439.773	-3604.727	164.9542	1.146375	1.97195	0.5803409	3.517341
43386	-3432.327	-3597.827	165.5	1.299759	1.97195	0.5853438	3.101049
43392	-3437.734	-3602.69	164.9563	1.291145	2.215654	0.5853438	3.346268
43398	-3428.434	-3593.514	165.08	1.326822	1.936282	0.5853438	3.346268
43404	-3433.98	-3598.887	164.9066	1.221843	1.936282	0.5952752	3.500669
43410	-3440.38	-3605.502	165.1219	1.236832	1.701079	0.4485835	3.59079
43416	-3447.675	-3612.634	164.9594	1.332534	1.75826	0.5911134	3.473754
43422	-3448.318	-3614.599	166.2811	1.332534	2.321816	0.5569635	2.513221
43428	-3433.403	-3599.77	166.3665	1.463382	1.973899	0.6006685	2.457981
43434	-3430.76	-3597.229	166.4698	1.466621	1.973899	0.5304428	2.457981
43440	-3428.963	-3595.247	166.2838	1.61254	2.012441	0.6192964	2.38497
43446	-3427.455	-3594.488	167.0336	1.509128	2.69096	0.4168186	1.949487
43452	-3422.526	-3588.532	166.0058	1.400157	2.620347	0.4168186	2.696642
43458	-3427.152	-3592.706	165.5543	1.232232	2.702758	0.4212373	3.043428
43464	-3429.882	-3593.993	164.1116	1.249521	2.321778	0.6820109	3.750653
43470	-3424.983	-3591.462	166.4788	1.346596	1.552352	0.3816463	2.857496
43476	-3431.345	-3598.186	166.8414	1.439475	1.552352	0.5887749	2.357173
43482	-3430.92	-3597.544	166.6241	1.661306	1.690035	0.6701728	2.220155
43488	-3422.163	-3589.941	167.778	1.675606	1.538287	0.4375445	1.750315
43494	-3426.798	-3594.59	167.7919	1.54306	1.453695	0.4375445	1.875198
43500	-3433.909	-3600.838	166.9291	1.508096	1.93967	0.3552523	2.355063
43506	-3421.13	-3588.297	167.1665	1.508096	1.870549	0.3552523	2.230169
43512	-3434.294	-3601.39	167.0962	1.55523	1.851836	0.3552523	2.25258
43518	-3428.888	-3595.631	166.743	1.627493	1.946636	0.5128049	2.210083
43524	-3419.847	-3586.132	166.2849	1.412504	1.958868	0.3983513	2.754221
43530	-3421.99	-3588.118	166.1277	1.364562	2.575362	0.529537	2.536527
43536	-3422.34	-3587.927	165.5864	1.32158	2.575362	0.5755626	2.851741
43542	-3423.83	-3590.446	166.6162	1.384665	2.04302	0.4671289	2.458059
43548	-3427.871	-3594.569	166.698	1.519727	2.240874	0.5228126	2.190616
43554	-3426.659	-3593.32	166.6609	1.465465	1.923684	0.5228126	2.364852
43560	-3434.774	-3601.61	166.8361	1.664225	2.175303	0.4673661	2.089759
43566	-3425.733	-3592.487	166.7532	1.724655	2.175303	0.7977022	1.788951
43572	-3428.447	-3595.694	167.2471	1.638494	2.215878	0.4352818	1.854915
43578	-3426.799	-3593.895	167.0965	1.613715	1.989256	0.4352818	2.058692
43584	-3435.89	-3601.287	165.3966	1.447417	1.989256	0.7497453	2.935327
43590	-3433.346	-3599.371	166.0249	1.371839	1.989256	0.6145809	2.708546
43596	-3434.497	-3600.025	165.5279	1.2859	1.612561	0.4916076	3.316474
43602	-3423.884	-3589.087	165.2033	1.200964	1.47692	0.595969	3.517908
43608	-3437.224	-3604.271	167.0467	1.390855	1.47692	0.3607252	2.541485
43614	-3433.264	-3600.039	166.775	1.501745	1.542075	0.6534844	2.306041
43620	-3419.358	-3585.934	166.576	1.422558	2.259141	0.473948	2.376598
43626	-3416.895	-3583.684	166.7894	1.553852	2.259141	0.473948	2.155426
43632	-3436.669	-3603.409	166.7398	1.568876	2.259141	0.5412732	2.105938
43638	-3437.487	-3604.524	167.0369	1.615252	2.286703	0.5412732	1.866592
43644	-3435.557	-3602.642	167.0853	1.679636	2.286703	0.3770112	1.986153
43650	-3431.956	-3598.551	166.5948	1.474514	1.69173	0.3073202	2.74693
43656	-3421.185	-3587.451	166.2659	1.384128	2.034518	0.5629015	2.583061
43662	-3432.387	-3598.627	166.24	1.512881	2.222298	0.6218692	2.398911
43668	-3433.984	-3601.177	167.1924	1.521817	1.642164	0.6218692	2.004064
43674	-3424.41	-3591.855	167.4449	1.595482	1.897844	0.4690369	1.833026
43680	-3427.96	-3594.609	166.6489	1.595482	2.317933	0.4477157	2.229104
43686	-3442.552	-3608.932	166.3806	1.592939	2.244681	0.6286848	2.244467
43692	-3437.159	-3602.761	165.6015	1.39454	2.244681	0.3958526	3.083047
43698	-3441.53	-3606.755	165.2246	1.480337	1.845959	0.7334908	3.083047
43704	-3434.009	-3600.447	166.4376	1.470368	2.12144	0.5883146	2.36652
43710	-3433.865	-3599.46	165.5948	1.338113	1.917551	0.6446753	2.990204
43716	-3441.73	-3607.477	165.7472	1.240166	1.829373	0.6446753	2.990204
43722	-3448.37	-3612.233	163.8625	1.360787	2.136442	0.9625396	3.699421
43728	-3430.683	-3595.265	164.5813	1.149233	2.136442	0.5550955	3.699421
43734	-3427.066	-3591.106	164.0394	1.129616	2.287959	0.5550955	3.975063
43740	-3419.355	-3583.147	163.7919	1.213501	2.251566	0.5550955	4.079499
43746	-3417.777	-3581.647	163.8702	1.130091	1.864621	0.5550955	4.208859
43752	-3426.915	-3590.488	163.5726	1.179506	2.143695	0.6911884	4.147244
43758	-3427.27	-3592.153	164.8837	1.198485	2.001061	0.4197372	3.673036
43764	-3425.546	-3590.302	164.7562	1.141452	2.001061	0.5199616	3.679487
43770	-3429.908	-3593.475	163.5675	1.080561	2.001061	0.4179441	4.49242
43776	-3436.827	-3601.774	164.9468	1.185597	2.037766	0.4179441	3.633502
43782	-3447.654	-3611.529	163.8746	1.17461	2.037766	0.6358865	4.054886
43788	-3441.221	-3604.475	163.2539	1.065502	2.580029	0.5395069	4.387996
43794	-3447.634	-3611.962	164.328	1.07216	2.580029	0.3924161	3.919455
43800	-3441.321	-3604.332	163.0111	1.058243	1.630637	0.4255644	4.939665
43806	-3439.182	-3604.676	165.4936	1.15461	1.70053	0.4255644	3.446609
43812	-3443.139	-3608.093	164.954	1.243888	1.989134	0.4255644	3.603715
43818	-3441.035	-3605.608	164.5736	1.217386	2.179074	0.4255644	3.776683
43824	-3427.798	-3594.316	166.5182	1.536887	1.690392	0.5571679	2.469325
43830	-3427.961	-3594.608	166.6466	1.466076	1.824668	0.4324508	2.509082
43836	-3435.112	-3600.673	165.5611	1.391254	1.837193	0.6290573	3.021315
43842	-3420.519	-3586.316	165.7975	1.309905	1.837193	0.5905178	2.961485
43848	-3429.063	-3595.324	166.2605	1.459838	1.984118	0.4642268	2.656953
43854	-3430.406	-3597.465	167.059	1.47177	1.732367	0.4642268	2.246023
43860	-3429.513	-3596.203	166.6904	1.495427	1.732367	0.4642268	2.465012
43866	-3443.34	-3609.664	166.3241	1.509772	2.098713	0.6730785	2.346168
43872	-3432.25	-3597.71	165.4607	1.352844	2.338584	0.6730785	2.896845
43878	-3447.593	-3612.473	164.8797	1.330282	2.338584	0.6730785	3.257267
43884	-3438.446	-3603.303	164.8572	1.277933	2.338584	0.6730785	3.301426
43890	-3438.517	-3603.127	164.6099	1.255769	2.338584	0.6218031	3.50077
43896	-3431.17	-3596.645	165.475	1.277597	2.458666	0.5935991	2.963877
43902	-3424.773	-3590.139	165.3665	1.299502	1.990338	0.650054	3.119386
43908	-3428.762	-3592.516	163.7538	1.325808	1.883292	0.8288353	3.950804
43914	-3436.194	-3600.934	164.7406	1.111604	1.883292	0.5483047	3.720772
43920	-3430.824	-3595.403	164.5791	1.321907	1.883292	0.5174325	3.720772
43926	-3437.88	-3603.556	165.676	1.210463	2.21053	0.3704899	3.189086
43932	-3427.313	-3593.944	166.6305	1.337597	1.930896	0.4247574	2.567134
43938	-3432.953	-3599.114	166.1607	1.399848	2.347787	0.6718283	2.435003
43944	-3437.83	-3604.018	166.1879	1.443501	1.743923	0.394765	2.880103
43950	-3432.719	-3599.184	166.4646	1.424234	2.743514	0.5834587	2.18229
43956	-3421.437	-3588.801	167.3634	1.568371	2.260658	0.3716982	1.890238
43962	-3424.601	-3591.411	166.8104	1.652514	2.170721	0.5535305	2.02325
43968	-3430.915	-3598.119	167.2039	1.564405	1.982007	0.6726263	1.772822
43974	-3439.972	-3607.209	167.2368	1.657683	2.141299	0.586975	1.704722
43980	-3426.667	-3592.847	166.1793	1.423332	2.141299	0.468664	2.669257
43986	-3430.515	-3596.515	166.0003	1.361535	2.168917	0.468664	2.807217
43992	-3428.631	-3594.424	165.7928	1.291673	2.168917	0.4136785	3.034404
43998	-3421.98	-3587.627	165.6474	1.406623	1.976026	0.5696027	2.961467
44004	-3415.394	-3581.577	166.1824	1.39992	1.918415	0.442591	2.788994
44010	-3439.047	-3604.232	165.1856	1.238208	1.939593	0.6761311	3.259961
44016	-3439.072	-3605.844	166.772	1.414168	1.939593	0.6761311	2.176879
44022	-3432.721	-3599.387	166.6653	1.525212	2.044615	0.4022513	2.412601
44028	-3441.218	-3608.356	167.1371	1.447189	2.044615	0.4022513	2.160503
44034	-3426.238	-3592.889	166.6514	1.45473	2.108539	0.4198915	2.42179
44040	-3424.687	-3591.252	166.5656	1.577384	2.108539	0.4198915	2.398497
44046	-3422.608	-3589.86	167.2516	1.711068	2.330619	0.4198915	1.779374
44052	-3426.296	-3594.066	167.7704	1.66413	1.769847	0.5167649	1.553626
44058	-3426.063	-3593.36	167.2968	1.591134	1.679172	0.5677633	1.923813
44064	-3426.328	-3593.463	167.1344	1.591134	1.965164	0.555726	1.923813
44070	-3427.698	-3594.697	166.9992	1.596518	2.193092	0.555726	1.923813
44076	-3427.911	-3594.67	166.7591	1.572953	2.193092	0.5455013	2.109638
44082	-3441.931	-3608.602	166.6713	1.552901	1.594749	0.8271911	2.175779
44088	-3431.396	-3598.441	167.0455	1.531662	1.679486	0.376555	2.34348
44094	-3447.117	-3612.029	164.9113	1.435537	2.005104	0.5279207	3.409194
44100	-3446.174	-3613.733	167.5589	1.595047	1.679486	0.3201516	2.047188
44106	-3447.462	-3613.938	166.4763	1.511305	2.148627	0.4979404	2.395896
44112	-3432.838	-3600.346	167.5074	1.580248	2.148627	0.3808974	1.812466
44118	-3421.218	-3587.886	166.6678	1.581129	2.271486	0.5660036	2.115867
44124	-3421.646	-3589.191	167.5453	1.527593	1.971266	0.4707862	1.77794
44130	-3436.956	-3604.488	167.5323	1.66272	1.971266	0.4507889	1.716893
44136	-3430.597	-3597.533	166.9361	1.549578	1.971266	0.6376777	2.001971
44142	-3422.591	-3590.266	167.6746	1.616849	1.386131	0.3883681	2.001971
44148	-3424.652	-3592.015	167.3632	1.481336	1.570835	0.3883681	2.205152
44154	-3425.095	-3591.789	166.6945	1.477429	2.111272	0.3883681	2.41739
44160	-3431.494	-3598.172	166.6772	1.481166	2.077246	0.4114126	2.410026
44166	-3437.473	-3603.987	166.5142	1.341099	1.660532	0.4071384	2.763332
44172	-3437.423	-3604.341	166.918	1.455416	1.660532	0.4501088	2.392741
44178	-3443.109	-3609.197	166.0887	1.526517	2.164985	0.4633032	2.659145
44184	-3447.099	-3613.216	166.1172	1.41649	2.250132	0.5414844	2.601303
44190	-3440.38	-3606.824	166.4437	1.401429	2.250132	0.5414844	2.406739
44196	-3441.593	-3607.111	165.5175	1.412881	1.960893	0.8265387	2.837832
44202	-3434.631	-3599.181	164.5493	1.039889	1.960893	0.4759791	3.912806
44208	-3429.804	-3595.728	165.9239	1.388831	2.161557	0.5022985	2.805016
44214	-3428.337	-3594.536	166.199	1.408078	1.68004	0.507143	2.799108
44220	-3435.961	-3602.811	166.8493	1.511865	2.261336	0.385362	2.248461
44226	-3436.592	-3603.615	167.0236	1.511865	2.089984	0.3965046	2.182577
44232	-3421.787	-3588.304	166.5166	1.43842	2.089984	0.4674726	2.469624
44238	-3438.068	-3604.187	166.1188	1.305693	2.177132	0.3980866	2.844732
44244	-3429.645	-3596.029	166.3847	1.334164	2.12981	0.3980866	2.680986
44250	-3450.86	-3616.322	165.4617	1.364095	2.432166	0.5975508	2.924297
44256	-3444.785	-3610.719	165.9341	1.411806	2.369331	0.3763951	2.856495
44262	-3432.764	-3600.001	167.2366	1.543571	1.763959	0.330149	2.240173
44268	-3430.637	-3597.772	167.1345	1.648156	2.157342	0.3481513	2.060204
44274	-3447.175	-3614.36	167.1852	1.648156	2.157342	0.5021764	1.833332
44280	-3437.722	-3604.452	166.7301	1.538256	1.953144	0.5021764	2.284475
44286	-3444.492	-3611.412	166.9198	1.447178	2.319331	0.4377255	2.160848
44292	-3435.644	-3602.581	166.937	1.464531	1.855327	0.4377255	2.30863
44298	-3433.39	-3600.469	167.0796	1.46224	2.101954	0.4680271	2.088539
44304	-3431.334	-3598.919	167.5856	1.73824	2.223825	0.4953574	1.462593
44310	-3426.479	-3593.782	167.3035	1.65993	2.39539	0.4953574	1.661658
44316	-3438.361	-3605.756	167.3946	1.640288	1.671993	0.4953574	1.9053
44322	-3429.894	-3597.833	167.9395	1.926819	1.848642	0.4471182	1.271704
44328	-3437.121	-3604.868	167.7478	1.997331	1.68203	0.5144346	1.364044
44334	-3427.769	-3596.027	168.2588	2.022798	1.571295	0.4912154	0.995806
44340	-3424.659	-3592.752	168.0922	1.970552	1.571295	0.4912154	1.197418
44346	-3440.584	-3607.473	166.8885	1.829756	2.42559	0.6006158	1.70889
44352	-3442.333	-3609.241	166.9075	1.780782	2.329379	0.6006158	1.76455
44358	-3442.862	-3610.093	167.231	1.752056	2.329379	0.4567392	1.718779
44364	-3440.942	-3607.135	166.1931	1.385706	2.100054	0.4717893	2.694765
44370	-3430.995	-3597.057	166.0617	1.33594	2.124425	0.4717893	2.797123
44376	-3435.277	-3601.041	165.764	1.374273	1.883565	0.4717893	3.038839
44382	-3444.753	-3610.555	165.802	1.161365	2.205748	0.4717893	3.032194
44388	-3428.408	-3594.395	165.9872	1.339334	1.769617	0.3747619	3.077066
44394	-3440.011	-3605.668	165.6568	1.333227	2.383521	0.4586775	2.973774
44400	-3441.884	-3608.725	166.841	1.512942	1.923973	0.4586775	2.288263
44406	-3447.503	-3613.952	166.449	1.482792	2.729411	0.4586775	2.288263
44412	-3447.928	-3615.241	167.3132	1.60605	1.538535	0.5282552	2.009483
44418	-3437.583	-3604.557	166.974	1.60605	2.198193	0.4086768	2.099081
44424	-3439.684	-3606.859	167.1752	1.497433	1.862396	0.4086768	2.165956
44430	-3437.367	-3603.55	166.1826	1.377139	2.146631	0.4086768	2.760313
44436	-3430.309	-3596.5	166.1904	1.198382	2.146631	0.3981391	2.87649
44442	-3428.388	-3594.957	166.569	1.356527	1.739209	0.3981391	2.698783
44448	-3427.311	-3593.029	165.7183	1.184453	1.998288	0.5443074	3.067522
44454	-3434.093	-3599.184	165.0913	1.295884	2.463288	0.5443074	3.224868
44460	-3422.768	-3588.252	165.4843	1.291058	1.926314	0.5443074	3.168885
44466	-3429.522	-3594.794	165.2721	1.348727	2.021284	0.5544887	3.217795
44472	-3426.39	-3592.482	166.0926	1.397905	2.017384	0.4194786	2.834792
44478	-3432.363	-3599.29	166.9272	1.397905	1.511449	0.3580512	2.598995
44484	-3426.432	-3592.21	165.7779	1.243403	2.181023	0.3580512	3.133713
44490	-3426.971	-3592.52	165.5491	1.327817	2.136551	0.3580512	3.233907
44496	-3427.035	-3592.582	165.5471	1.306127	1.877226	0.4600205	3.222969
44502	-3430.742	-3596.333	165.5909	1.20468	2.061966	0.4600205	3.192094
44508	-3423.154	-3588.932	165.7779	1.392846	2.167085	0.8125074	2.628419
44514	-3429.65	-3593.7	164.0498	1.308528	2.167085	0.8125074	3.706506
44520	-3427.288	-3592.168	164.88	1.204072	2.167085	0.8125074	3.282957
44526	-3418.053	-3583.411	165.3587	1.22767	2.167085	0.458073	3.282957
44532	-3428.438	-3594.116	165.6784	1.340055	2.167085	0.6325573	2.861898
44538	-3434.609	-3600.573	165.9643	1.336067	2.167085	0.4528637	2.861898
44544	-3430.301	-3595.714	165.4129	1.240944	2.429625	0.4528637	3.166718
44550	-3426.43	-3592.023	165.5929	1.169413	2.162612	0.4528637	3.185766
44556	-3421.858	-3586.843	164.9855	1.219061	2.162612	0.490308	3.475988
44562	-3430.236	-3596.413	166.1765	1.467659	1.848308	0.5128347	2.704178
44568	-3434.352	-3600.424	166.0713	1.334602	1.848308	0.4705147	2.892335
44574	-3425.297	-3588.858	163.5613	1.085883	2.10138	0.5507171	4.333382
44580	-3425.202	-3588.933	163.7313	1.127598	1.931385	0.4512018	4.362796
44586	-3425.725	-3589.14	163.4151	1.089875	1.785027	0.4512018	4.613141
44592	-3431.021	-3594.474	163.4531	1.041491	1.972631	0.5133391	4.4948
44598	-3458.133	-3622.949	164.8158	1.159124	1.972631	0.6599695	3.524399
44604	-3439.724	-3602.652	162.9277	1.050802	2.538958	0.5800643	4.5562
44610	-3442.884	-3607.256	164.3721	1.105917	2.346828	0.5239022	3.808233
44616	-3433.245	-3597.77	164.5254	1.14838	1.708318	0.5077087	3.924866
44622	-3447.169	-3611.3	164.1309	0.9912319	1.636247	0.5077087	4.266768
44628	-3444.344	-3609.543	165.1987	1.237168	1.988796	0.5538896	3.338706
44634	-3439.043	-3604.777	165.7345	1.26506	2.02308	0.5400888	3.004857
44640	-3428.06	-3595.278	167.2177	1.514225	1.547289	0.4479948	2.216614
44646	-3432.592	-3599.258	166.6666	1.4868	2.221461	0.477351	2.287164
44652	-3438.153	-3605.35	167.1971	1.514936	1.81546	0.652854	1.899869
44658	-3429.212	-3596.378	167.1663	1.472211	1.81546	0.4052222	2.211357
44664	-3426.455	-3593.471	167.0161	1.619256	1.81546	0.5101071	2.09307
44670	-3443.538	-3610.932	167.3934	1.508705	1.80728	0.3157438	2.164017
44676	-3429.422	-3595.904	166.4823	1.459216	1.688175	0.5584578	2.540014
44682	-3438.597	-3604.751	166.1534	1.444682	2.474856	0.5710507	2.460882
44688	-3447.314	-3613.297	165.9828	1.581474	2.675239	0.5306303	2.460882
44694	-3428.354	-3595.777	167.4231	1.561574	1.718749	0.4217504	2.004997
44700	-3438.563	-3604.749	166.1861	1.655303	2.710472	0.4964002	2.310394
44706	-3446.095	-3612.585	166.4897	1.490357	1.976468	0.4247785	2.542758
44712	-3441.011	-3608.465	167.4538	1.612998	1.817256	0.4247785	1.90323
44718	-3433.796	-3601.376	167.5799	1.608309	1.633137	0.4247785	1.90323
44724	-3435.993	-3603.245	167.2519	1.588699	1.854376	0.4247785	2.039196
44730	-3432.413	-3599.798	167.3843	1.660285	1.695194	0.4247785	1.971702
44736	-3443.039	-3610.525	167.4858	1.604595	1.695194	0.4373521	1.925367
44742	-3443.225	-3610.093	166.8674	1.655507	2.657171	0.356058	2.053158
44748	-3448.466	-3615.783	167.3174	1.620556	1.924429	0.422488	1.948401
44754	-3453.553	-3619.522	165.9687	1.483929	2.137809	0.6331444	2.605538
44760	-3427.648	-3594.267	166.6194	1.512268	1.929883	0.5507529	2.331188
44766	-3419.778	-3586.049	166.2712	1.46372	2.400273	0.5507529	2.417818
44772	-3425.208	-3591.147	165.9385	1.416813	1.990239	0.5442919	2.797574
44778	-3430.519	-3596.376	165.8568	1.385284	2.008927	0.5440845	2.85985
44784	-3443.808	-3610.493	166.6851	1.421701	1.728202	0.5623858	2.416081
44790	-3439.986	-3606.676	166.6898	1.471974	1.728202	0.5270313	2.416081
44796	-3435.43	-3602.778	167.3487	1.573831	1.784996	0.5270313	1.896081
44802	-3432.523	-3599.227	166.7042	1.425374	1.949593	0.5270313	2.348615
44808	-3434.918	-3599.785	164.8666	1.349509	2.376893	0.6375462	3.270659
44814	-3441.563	-3606.639	165.0761	1.25458	2.042276	0.6870776	3.270659
44820	-3446.194	-3612.703	166.5091	1.363415	1.559766	0.4375072	2.761134
44826	-3447.543	-3614.217	166.6741	1.320765	1.371202	0.609716	2.602365
44832	-3443.284	-3608.582	165.2986	1.299145	2.266572	0.5370962	3.166694
44838	-3424.91	-3590.279	165.3682	1.343225	2.266572	0.5370962	3.099059
44844	-3439.069	-3604.358	165.2897	1.374216	2.442857	0.5099476	3.099059
44850	-3431.911	-3596.474	164.5636	1.188752	2.442857	0.3660573	3.785929
44856	-3427.325	-3593.079	165.7537	1.448907	2.587677	0.3851271	2.867211
44862	-3437.649	-3604.368	166.719	1.457958	2.225574	0.3851271	2.378488
44868	-3427.284	-3594.268	166.9848	1.561637	2.225574	0.5627668	1.937945
44874	-3434.426	-3600.957	166.5316	1.517824	2.225574	0.4483752	2.384124
44880	-3441.522	-3609	167.4782	1.650016	2.335162	0.4483752	1.623643
44886	-3434.515	-3602.173	167.6582	1.688738	2.025088	0.4483752	1.588388
44892	-3447.142	-3614.194	167.0527	1.595792	2.025088	0.5355715	1.972995
44898	-3443.145	-3610.15	167.0045	1.540663	2.031094	0.6524859	1.9248
44904	-3441.123	-3608.668	167.5444	1.593516	2.031094	0.395351	1.804139
44910	-3441.196	-3608.143	166.9466	1.593516	2.40939	0.435589	2.019181
44916	-3444.778	-3612.184	167.4054	1.562949	1.800732	0.4838514	1.906314
44922	-3442.298	-3609.234	166.9355	1.458066	1.832745	0.4838514	2.271113
44928	-3437.467	-3604.423	166.9567	1.576699	1.832745	0.5655435	2.095624
44934	-3442.337	-3609.183	166.8461	1.577815	1.832745	0.6628724	2.075991
44940	-3431.615	-3598.505	166.8898	1.635401	2.610414	0.5262311	1.858888
44946	-3440.505	-3607.55	167.0451	1.614607	2.173138	0.5262311	1.919128
44952	-3431.127	-3598.54	167.4128	1.577235	1.945409	0.5262311	1.782311
44958	-3434.51	-3601.396	166.886	1.37131	1.945409	0.5629704	2.232765
44964	-3433.993	-3601.685	167.6918	1.86297	2.101614	0.5045192	1.323176
44970	-3430.259	-3598.2	167.941	1.762558	1.762731	0.514048	1.355306
44976	-3435.033	-3602.947	167.914	1.654707	1.609545	0.514048	1.537026
44982	-3434.491	-3602.221	167.7298	1.616558	2.006676	0.3953675	1.667718
44988	-3425.137	-3592.642	167.5049	1.660575	2.006676	0.3953675	1.794882
44994	-3432.549	-3600.435	167.8864	1.689478	1.440318	0.4636597	1.682368
45000	-3444.911	-3612.821	167.9099	1.722356	1.608821	0.4330354	1.593055
45006	-3438.608	-3606.773	168.1652	1.840374	1.608821	0.4330354	1.307716
45012	-3442.591	-3610.88	168.2895	1.918245	1.608821	0.4330354	1.136426
45018	-3446.081	-3613.941	167.8601	1.928022	2.052805	0.4627237	1.211783
45024	-3448.253	-3616.555	168.3018	1.981175	1.490515	0.4533977	1.112006
45030	-3453.972	-3620.831	166.8587	1.382031	2.061232	0.3509843	2.439766
45036	-3443.769	-3610.4	166.631	1.360447	1.963609	0.3509843	2.63058
45042	-3435.381	-3603.545	168.1641	2.095468	2.013136	0.3772186	0.9409336
45048	-3440.54	-3609.109	168.5687	2.185851	1.506845	0.3772186	0.7345841
45054	-3448.193	-3616.755	168.5612	2.185851	1.506845	0.3515683	0.8191646
45060	-3446.753	-3614.227	167.4734	1.70595	1.963609	0.3317309	1.892601
45066	-3449.037	-3616.759	167.7215	1.637206	1.574254	0.3662516	1.892601
45072	-3448.019	-3616.223	168.2045	2.311409	2.020711	0.3515683	0.6581924
45078	-3434.649	-3602.735	168.0863	2.141321	2.122739	0.4388793	0.7603398
45084	-3427.658	-3595.866	168.2079	2.153045	1.872063	0.4467062	0.7603398
45090	-3433.495	-3601.653	168.1585	2.117191	1.872063	0.4467062	0.870732
45096	-3421.795	-3589.808	168.0129	2.09832	2.1535	0.4467062	0.870732
45102	-3427.589	-3595.649	168.06	2.086813	1.879685	0.4978764	0.9119075
45108	-3444.908	-3613.002	168.0944	2.027263	1.879685	0.4978764	0.9392653
45114	-3448.091	-3616.173	168.0819	2.098293	2.061956	0.4139795	0.9190881
45120	-3445.678	-3613.836	168.1582	1.961564	1.604299	0.4139795	1.245448
45126	-3421.917	-3589.904	167.9863	1.955204	2.108811	0.3885958	1.170336
45132	-3425.809	-3593.887	168.0783	1.984023	1.899161	0.3885958	1.172164
45138	-3426.333	-3593.875	167.542	1.551611	1.794288	0.4270624	1.892111
45144	-3440.225	-3607.786	167.5609	1.637945	1.56784	0.4270624	1.92405
45150	-3438.013	-3605.963	167.9498	1.70315	1.56784	0.4270624	1.60692
45156	-3436.015	-3603.55	167.5345	1.70315	1.722621	0.4925349	1.745624
45162	-3432.129	-3599.619	167.4908	1.70315	2.163704	0.4397605	1.653464
45168	-3437.22	-3604.761	167.5412	1.673225	1.895614	0.3794657	1.828569
45174	-3434.371	-3600.834	166.4625	1.378739	1.86582	0.6022042	2.490553
45180	-3439.77	-3605.088	165.3176	1.249278	2.092458	0.6022042	3.183321
45186	-3432.193	-3597.5	165.3067	1.372015	1.941776	0.5552974	3.210571
45192	-3444.695	-3611.382	166.6865	1.308884	1.663074	0.3747942	2.715285
45198	-3451.65	-3617.91	166.2597	1.445666	1.811916	0.4788941	2.715285
45204	-3449.029	-3614.685	165.6569	1.227226	2.27188	0.5072181	3.022802
45210	-3443.546	-3609.207	165.6604	1.229289	2.108546	0.4605295	3.119937
45216	-3452.462	-3618.053	165.5911	1.198335	1.598398	0.4605295	3.367821
45222	-3441.981	-3606.246	164.2654	1.136179	1.896298	0.5703163	3.955878
45228	-3439.001	-3603.37	164.3696	1.253022	2.067178	0.7114497	3.6576
45234	-3447.492	-3612.46	164.968	1.163645	1.894814	0.4419834	3.6576
45240	-3434.974	-3600.153	165.1797	1.159542	1.894814	0.5375788	3.443304
45246	-3437.753	-3603.028	165.2756	1.270101	1.894814	0.5375788	3.322198
45252	-3440.657	-3606.913	166.2561	1.352301	1.727342	0.5375788	2.749346
45258	-3444.74	-3610.007	165.2677	1.256801	1.550455	0.4151603	3.590384
45264	-3436.74	-3601.198	164.4577	1.223683	1.834689	0.4271002	3.953875
45270	-3448.405	-3612.056	163.6511	1.090478	2.175161	0.522369	4.282007
45276	-3429.324	-3592.275	162.9509	1.04751	2.037688	0.522369	4.743516
45282	-3433.136	-3596.623	163.4873	1.164705	1.922744	0.5374999	4.401207
45288	-3427.147	-3591.241	164.0935	1.177932	1.922744	0.5374999	4.049917
45294	-3430.689	-3596.176	165.4872	1.231254	2.015609	0.4929536	3.220314
45300	-3444.918	-3610.278	165.3599	1.46638	2.009205	0.5254446	3.127019
45306	-3436.995	-3603.107	166.1125	1.440676	2.009205	0.5457724	2.668253
45312	-3430.46	-3596.547	166.0872	1.440676	2.076313	0.5371962	2.668253
45318	-3437.23	-3602.678	165.4477	1.334191	2.314717	0.5736921	3.008161
45324	-3443.454	-3609.025	165.5712	1.408216	2.314717	0.5736921	2.88922
45330	-3449.639	-3615.203	165.5648	1.311257	2.314717	0.4729757	3.048491
45336	-3447.058	-3612.129	165.0712	1.266847	2.314717	0.7417802	3.136146
45342	-3431.003	-3597.581	166.5777	1.441076	2.314717	0.3631921	2.47613
45348	-3435.519	-3602.205	166.6854	1.435169	2.350814	0.3631921	2.400316
45354	-3425.693	-3592.42	166.7272	1.457533	2.004554	0.4825376	2.339372
45360	-3423.851	-3590.092	166.2409	1.451461	2.174844	0.5434865	2.526146
45366	-3437.137	-3601.599	164.462	1.203054	2.174844	0.5434865	3.735359
45372	-3440.837	-3605.633	164.7959	1.208497	2.409514	0.5224537	3.485916
45378	-3443.215	-3607.913	164.6978	1.089385	2.409514	0.5224537	3.612367
45384	-3443.264	-3607.565	164.3007	1.284687	2.242734	0.5653885	3.740687
45390	-3444.071	-3610.226	166.1557	1.369352	2.409514	0.3950889	2.712299
45396	-3457.92	-3625.936	168.0156	1.550896	1.676895	0.3950889	1.658484
45402	-3426.314	-3594.391	168.0765	1.645311	1.49407	0.3777556	1.663961
45408	-3426.037	-3592.97	166.933	1.521489	1.86006	0.3626619	2.365185
45414	-3428.674	-3595.176	166.5023	1.495659	2.029541	0.4757814	2.455445
45420	-3423.774	-3590.611	166.8369	1.485188	1.678802	0.4378515	2.431189
45426	-3431.074	-3598.115	167.0413	1.439494	1.678802	0.356094	2.431189
45432	-3428.855	-3595.898	167.0431	1.467372	1.678802	0.356094	2.412488
45438	-3428.212	-3595.108	166.8956	1.422767	1.678802	0.356094	2.532855
45444	-3424.511	-3591.342	166.8317	1.489693	1.674311	0.356094	2.532855
45450	-3425.724	-3593.22	167.4959	1.701246	1.674311	0.3986098	1.911669
45456	-3426.567	-3593.738	167.1713	1.678133	2.208573	0.3801068	1.953381
45462	-3435.021	-3601.978	166.9563	1.668981	2.249118	0.4074635	2.052667
45468	-3440.716	-3608.374	167.6577	1.560402	1.46182	0.4074635	1.987668
45474	-3432.096	-3600.021	167.9249	1.684204	1.360739	0.3294324	1.883878
45480	-3426.039	-3593.539	167.5005	1.507308	1.756498	0.3294324	2.09637
45486	-3423.338	-3590.161	166.8227	1.461858	2.36086	0.2925406	2.391807
45492	-3430.737	-3597.18	166.443	1.47127	1.995436	0.2925406	2.74645
45498	-3428.777	-3595.052	166.2749	1.393958	1.898068	0.4780315	2.705691
45504	-3427.095	-3592.563	165.4685	1.310379	1.698567	0.6185599	3.186969
45510	-3432.959	-3598.998	166.0384	1.453575	2.104793	0.6185599	2.605368
45516	-3429.979	-3595.52	165.5413	1.288456	1.635999	0.5110083	3.278615
45522	-3426.074	-3591.618	165.5442	1.245045	1.635999	0.5363316	3.278615
45528	-3428.486	-3594.204	165.7179	1.25658	1.979767	0.469534	3.104341
45534	-3434.208	-3598.955	164.7478	1.316103	2.409802	0.469534	3.502517
45540	-3432.852	-3597.687	164.8359	1.34185	2.216826	0.4621116	3.502517
45546	-3423.184	-3588.994	165.8099	1.353662	2.254352	0.4621116	2.906223
45552	-3416.813	-3581.987	165.1737	1.263538	2.393332	0.4621116	3.29609
45558	-3411.121	-3577.103	165.982	1.304621	1.658347	0.4621116	3.047165
45564	-3421.392	-3587.368	165.9761	1.386832	1.6815	0.411503	3.047165
45570	-3425.189	-3591.96	166.7709	1.444606	1.778316	0.4889082	2.400977
45576	-3428.215	-3595.218	167.003	1.475709	1.686163	0.3781301	2.400977
45582	-3434.714	-3601.982	167.2683	1.604084	1.686163	0.3972238	2.124122
45588	-3426.104	-3593.248	167.1443	1.544179	1.978326	0.3972238	2.124122
45594	-3426.545	-3593.751	167.2057	1.489737	1.897917	0.3972238	2.151131
45600	-3438.23	-3604.887	166.6568	1.488895	1.897917	0.4249948	2.468568
45606	-3442.065	-3608.597	166.5323	1.525209	2.080092	0.448946	2.429177
45612	-3438.533	-3606.026	167.4932	1.748734	2.2783	0.4013464	1.625876
45618	-3446.246	-3613.712	167.4652	1.679109	2.2783	0.4013464	1.695754
45624	-3436.941	-3604.466	167.5248	1.6896	2.2783	0.3993618	1.648452
45630	-3425.55	-3592.922	167.3722	1.595658	2.061907	0.4088519	1.890765
45636	-3429.886	-3596.966	167.0799	1.606718	2.061907	0.4088519	2.078825
45642	-3427.091	-3594.1	167.0097	1.47131	1.809918	0.3988083	2.322582
45648	-3427.693	-3593.938	166.2451	1.319305	1.809918	0.6421387	2.648998
45654	-3429.78	-3596.309	166.529	1.319305	2.056678	0.3797177	2.648998
45660	-3434.742	-3600.473	165.7311	1.379898	2.111177	0.373039	3.085084
45666	-3428.08	-3593.491	165.411	1.275282	2.068739	0.373039	3.35076
45672	-3423.778	-3590.144	166.3665	1.394225	1.874642	0.6599017	2.486833
45678	-3422.505	-3588.719	166.214	1.427176	1.874642	0.5194733	2.689373
45684	-3426.515	-3592.776	166.2614	1.550675	1.874642	0.5194733	2.583977
45690	-3423.582	-3588.014	164.4314	1.346662	2.526271	0.7595579	3.390784
45696	-3423.903	-3589.337	165.4341	1.312619	1.976732	0.7595579	2.991037
45702	-3422.395	-3588.101	165.7052	1.409031	1.976732	0.500038	2.991037
45708	-3424.83	-3591.024	166.1944	1.441496	2.153437	0.4476266	2.667348
45714	-3424.979	-3590.836	165.8575	1.351465	2.201651	0.4476266	2.911383
45720	-3423.77	-3589.466	165.6959	1.437245	2.255682	0.4551641	2.931512
45726	-3427.482	-3592.787	165.3054	1.437021	2.255682	0.5809012	3.043998
45732	-3426.493	-3591.78	165.2868	1.437021	2.255682	0.3255703	3.326988
45738	-3420.754	-3586.6	165.8462	1.262654	2.286685	0.4216141	2.972809
45744	-3431.674	-3595.944	164.2701	1.223932	2.286685	0.5540452	3.789843
45750	-3440.277	-3603.854	163.5777	1.150433	2.37503	0.5540452	4.201386
45756	-3437.972	-3601.654	163.6824	1.285283	2.383792	0.5112955	4.101099
45762	-3432.031	-3596.022	163.9908	1.065485	2.216313	0.5112955	4.100754
45768	-3427.353	-3592.71	165.3569	1.18429	1.660972	0.6464656	3.319273
45774	-3422.751	-3589.174	166.4234	1.324611	1.660972	0.4986283	2.729472
45780	-3422.33	-3588.187	165.8571	1.324611	1.639309	0.4714112	3.107916
45786	-3421.115	-3586.674	165.5584	1.334327	2.235771	0.4153339	3.125255
45792	-3426.865	-3592.733	165.8684	1.299895	2.260204	0.4153339	2.952526
45798	-3426.352	-3592.724	166.3716	1.427073	2.260204	0.4979349	2.476628
45804	-3423.739	-3589.73	165.9902	1.327468	2.237315	0.6168344	2.669466
45810	-3426.308	-3591.344	165.0355	1.327468	1.870819	0.6168344	3.36859
45816	-3425.643	-3591.037	165.394	1.165732	1.870819	0.4894414	3.36859
45822	-3424.13	-3590.045	165.9156	1.301587	2.066516	0.4894414	2.908216
45828	-3416.552	-3581.222	164.6703	1.264195	2.524897	0.4894414	3.524877
45834	-3429.122	-3593.839	164.7172	1.273917	2.524897	0.5578486	3.427792
45840	-3435.925	-3601.348	165.4232	1.21599	1.683833	0.3704774	3.520609
45846	-3427.041	-3593.012	165.9711	1.381735	2.207566	0.513785	2.753741
45852	-3424.188	-3589.78	165.5927	1.380808	1.744359	0.6574779	3.020696
45858	-3425.168	-3590.762	165.5946	1.329786	1.744359	0.5768802	3.118691
45864	-3431.311	-3597.021	165.7094	1.243231	1.744359	0.5219101	3.152523
45870	-3433.76	-3599.785	166.0254	1.281893	2.120841	0.5275436	2.797159
45876	-3425.788	-3591.467	165.679	1.337613	2.405726	0.5275436	2.881504
45882	-3434.06	-3598.514	164.454	1.086963	2.96005	0.5275436	3.601755
45888	-3438.878	-3603.814	164.9363	1.191528	1.980893	0.4464335	3.625229
45894	-3439.876	-3605.096	165.2203	1.191528	1.980893	0.4464335	3.459852
45900	-3439.343	-3603.821	164.4785	1.168027	1.980893	0.5016348	3.848334
