Iteration	Posterior	Likelihood	Prior	rate_log_sd	rate_loss	rate_neo	tree_length
0	-3429.674	-3594.486	164.8119	1.182061	1.968393	0.4899669	3.66338
6	-3426.915	-3590.867	163.9526	1.047211	1.779578	0.5170871	4.273482
12	-3424.912	-3589.096	164.1839	1.172658	2.297929	0.5785059	3.844224
18	-3416.603	-3580.917	164.3143	1.104436	2.059342	0.6258777	3.844224
24	-3425.409	-3589.855	164.4456	1.151417	2.059342	0.4231569	3.929226
30	-3423.327	-3588.343	165.0168	1.212655	2.084706	0.4231569	3.55586
36	-3415.79	-3581.468	165.6784	1.353289	2.511862	0.4251483	2.946392
42	-3435.969	-3601.655	165.6862	1.317275	2.119392	0.4514161	3.058046
48	-3441.925	-3607.792	165.8667	1.289856	2.048113	0.3707235	3.082093
54	-3421.61	-3587.386	165.776	1.404318	2.220932	0.4788846	2.889408
60	-3434.409	-3600.228	165.8193	1.44636	2.090702	0.4370355	2.925836
66	-3431.081	-3597.139	166.0582	1.318801	2.090702	0.4370355	2.858517
72	-3436.816	-3602.961	166.1449	1.394431	1.558117	0.577978	2.824322
78	-3436.237	-3602.05	165.8123	1.425653	2.334851	0.6392163	2.667475
84	-3431.946	-3596.814	164.8677	1.251179	2.485786	0.5786474	3.345671
90	-3429.18	-3594.264	165.0844	1.277078	2.49279	0.512256	3.261594
96	-3437.826	-3604.142	166.3164	1.399578	2.000163	0.7414941	2.400783
102	-3430.188	-3596.794	166.6058	1.441337	2.023772	0.3955805	2.518128
108	-3426.443	-3592.88	166.4369	1.441337	2.023772	0.4892785	2.518128
114	-3431.761	-3596.945	165.1836	1.411049	2.312331	0.5338401	3.157215
120	-3431.27	-3596.227	164.9566	1.259285	2.312331	0.41308	3.502539
126	-3430.501	-3595.707	165.2066	1.356804	1.782958	0.41308	3.478313
132	-3424.222	-3591.708	167.4858	1.618145	1.677522	0.4541424	1.903851
138	-3429.232	-3596.62	167.3884	1.661741	2.162371	0.4030291	1.803255
144	-3433.895	-3600.559	166.6634	1.567936	2.065668	0.6660744	2.108022
150	-3435.396	-3602.607	167.2111	1.630697	1.761378	0.4001215	2.108022
156	-3444.546	-3611.361	166.8149	1.566602	1.819043	0.4001215	2.380455
162	-3433.29	-3599.139	165.8485	1.499716	1.99708	0.7889653	2.595639
168	-3449.159	-3614.231	165.0726	1.459079	2.623667	0.7921421	2.891226
174	-3437.47	-3604.184	166.7143	1.535511	2.370808	0.4421614	2.214348
180	-3442.087	-3608.384	166.2972	1.218429	1.722498	0.3795109	2.976533
186	-3442.419	-3606.709	164.2899	1.211707	2.715251	0.543206	3.673381
192	-3444.83	-3610.652	165.8224	1.25428	2.448164	0.5126552	2.84672
198	-3457.571	-3623.7	166.1292	1.388664	2.403367	0.5126552	2.590152
204	-3438.595	-3604.586	165.9917	1.324424	2.133721	0.505154	2.809472
210	-3445.543	-3611.715	166.1723	1.483664	1.984167	0.6552801	2.514934
216	-3433.296	-3600.47	167.1739	1.549735	1.984167	0.5170677	1.95849
222	-3436.178	-3603.01	166.8316	1.486382	1.767395	0.5170677	2.311002
228	-3436.232	-3602.764	166.5319	1.34147	2.536014	0.4002373	2.451205
234	-3434.173	-3599.687	165.5139	1.286014	2.022543	0.6449341	3.032355
240	-3443.975	-3609.595	165.6194	1.328896	1.950032	0.3718214	3.238691
246	-3439.803	-3607.106	167.303	1.409564	1.86627	0.3718214	2.185346
252	-3442.565	-3610.171	167.6057	1.559031	1.804938	0.3865269	1.891675
258	-3448.851	-3616.195	167.3443	1.650488	1.659606	0.537783	1.891675
264	-3439.505	-3607.406	167.9017	1.838587	1.960006	0.3891306	1.404874
270	-3433.756	-3601.586	167.8307	1.784253	2.141295	0.3998831	1.404874
276	-3437.468	-3605.659	168.1911	1.900992	1.750395	0.3620734	1.271574
282	-3438.029	-3606.287	168.2588	1.833608	1.655721	0.3471558	1.347511
288	-3446.747	-3614.445	167.6979	1.78928	2.084458	0.551492	1.325195
294	-3457.062	-3625.37	168.3081	1.87479	1.576812	0.3620734	1.293648
300	-3438.642	-3606.993	168.3507	1.829598	1.580485	0.3620734	1.293648
306	-3432.119	-3599.52	167.4014	1.681896	2.023665	0.3882422	1.854248
312	-3432.901	-3601.029	168.1277	1.818584	2.011507	0.370512	1.244711
318	-3431.456	-3599.388	167.9319	1.809488	1.835166	0.4169011	1.421846
324	-3428.958	-3596.838	167.8805	1.809488	1.835166	0.5233899	1.31724
330	-3431.223	-3599.269	168.0466	1.760689	1.659595	0.3461126	1.564494
336	-3429.621	-3597.668	168.0466	1.696043	1.706216	0.3461126	1.588901
342	-3430.127	-3597.819	167.6915	1.599406	1.95145	0.3508184	1.792966
348	-3424.813	-3591.558	166.7449	1.550946	1.95145	0.3925185	2.392517
354	-3434.755	-3600.906	166.1511	1.487093	1.851765	0.4614225	2.759512
360	-3420.485	-3587.135	166.6509	1.338607	2.020529	0.4863866	2.452689
366	-3423.364	-3589.233	165.8688	1.277546	2.020529	0.5145252	2.942008
372	-3425.206	-3590.805	165.5984	1.31101	2.254145	0.5113401	3.00927
378	-3426.112	-3590.887	164.7753	1.211201	1.995839	0.4902918	3.658028
384	-3426.572	-3591.8	165.2285	1.217629	1.595121	0.4902918	3.540086
390	-3420.684	-3585.472	164.7878	1.229359	2.25137	0.4902918	3.557155
396	-3417.691	-3583.497	165.8069	1.306344	2.25137	0.4627466	2.936875
402	-3443.797	-3608.806	165.0096	1.28894	2.338631	0.4675546	3.388592
408	-3422.098	-3585.113	163.0153	1.220957	2.761058	0.4131127	4.509391
414	-3421.956	-3585.95	163.9943	1.364176	2.423438	0.526136	3.852407
420	-3429.858	-3594.911	165.0536	1.207764	1.810095	0.6713788	3.406273
426	-3431.967	-3596.427	164.4602	1.113508	1.992358	0.5358286	3.854639
432	-3439.763	-3603.596	163.8328	1.04035	1.992358	0.5358286	4.254241
438	-3429.94	-3593.578	163.6384	1.075916	2.19889	0.5358286	4.278
444	-3425.725	-3589.488	163.7627	1.08926	1.957304	0.5358286	4.278
450	-3412.337	-3576.837	164.5001	1.08926	1.957304	0.5358286	3.857582
456	-3422.676	-3587.302	164.6269	1.149911	1.957304	0.5358286	3.749638
462	-3435.504	-3600.329	164.8257	1.313454	2.124667	0.6603086	3.376942
468	-3436.666	-3601.946	165.2804	1.259308	2.124667	0.5456973	3.238959
474	-3439.429	-3604.195	164.7664	1.183571	2.086251	0.4100745	3.731569
480	-3420.642	-3585.361	164.7187	1.167801	2.439824	0.4940869	3.57275
486	-3426.78	-3592.302	165.5218	1.377224	2.135427	0.4940869	3.071232
492	-3427.929	-3595.537	167.6082	1.712409	1.839744	0.5409092	1.576435
498	-3419.749	-3587.363	167.6138	1.754657	1.839744	0.4876446	1.604596
504	-3436.54	-3603.957	167.4168	1.816487	2.366376	0.4274806	1.56295
510	-3442.115	-3608.028	165.9125	1.287799	1.866795	0.5830183	2.901036
516	-3440.789	-3604.377	163.5875	1.203899	2.480639	0.5144376	4.170777
522	-3438.122	-3605.466	167.344	1.64924	1.919957	0.3251579	2.044616
528	-3444.401	-3611.856	167.4548	1.686141	1.919957	0.3251579	1.946074
534	-3420.049	-3587.307	167.2587	1.643687	1.970757	0.4285723	1.946074
540	-3422.44	-3589.599	167.1589	1.559637	2.080194	0.4623215	1.986157
546	-3426.994	-3593.245	166.2507	1.40087	2.574673	0.4623215	2.507122
552	-3424.511	-3590.991	166.48	1.392012	1.697811	0.5604194	2.577299
558	-3429.649	-3595.718	166.0694	1.364412	2.062932	0.4172865	2.855723
564	-3421.292	-3586.824	165.5325	1.388787	2.513636	0.4479018	2.987444
570	-3437.942	-3603.887	165.9445	1.336321	2.324042	0.5009628	2.77273
576	-3424.796	-3589.735	164.9384	1.168841	2.314108	0.5009628	3.474997
582	-3430.187	-3593.381	163.1941	1.185992	2.053473	0.5891234	4.466772
588	-3429.175	-3594.303	165.1278	1.161886	1.95585	0.5132159	3.473469
594	-3432.176	-3597.448	165.2719	1.201966	1.956945	0.6098514	3.278416
600	-3439.2	-3604.487	165.2872	1.282257	1.956945	0.4539155	3.368068
606	-3436.802	-3602.816	166.014	1.367638	2.312043	0.492085	2.723954
612	-3428.797	-3594.773	165.9764	1.251511	1.692468	0.4807327	3.049374
618	-3423.39	-3588.622	165.2314	1.264246	1.692468	0.5751508	3.39372
624	-3432.631	-3597.328	164.6965	1.188848	1.851882	0.6098575	3.659739
630	-3444.152	-3609.391	165.2387	1.456824	2.53111	0.9239772	2.728572
636	-3439.477	-3604.991	165.5148	1.441605	2.434302	0.9239772	2.597453
642	-3456.036	-3621.15	165.1147	1.818454	2.387162	1.146559	2.491512
648	-3452.44	-3619.583	167.1431	1.615657	1.676861	0.4236684	2.169583
654	-3437.276	-3604.764	167.4884	1.664168	1.91102	0.4780334	1.738825
660	-3428.808	-3596.522	167.7134	1.664168	1.91102	0.3581922	1.738825
666	-3429.504	-3597.41	167.9061	1.656946	1.669319	0.5347411	1.485911
672	-3428.112	-3596.037	167.9249	1.784733	1.992531	0.496554	1.258854
678	-3437.014	-3604.609	167.5948	1.671402	1.992531	0.496554	1.600639
684	-3441.313	-3608.245	166.932	1.644168	2.267326	0.5047078	1.964628
690	-3434.855	-3601.583	166.7274	1.675405	1.850398	0.5219046	2.217753
696	-3440.978	-3607.676	166.6982	1.596233	1.868496	0.4967546	2.306455
702	-3438.448	-3605.818	167.3699	1.713689	2.291338	0.4538175	1.665239
708	-3421.595	-3589.327	167.7323	1.705843	2.16129	0.4538175	1.455824
714	-3418.542	-3585.996	167.4542	1.596011	2.16129	0.5336688	1.643841
720	-3429.946	-3597.01	167.0635	1.61106	2.042338	0.617227	1.865959
726	-3443.252	-3610.493	167.2401	1.468816	1.397151	0.5413193	2.203137
732	-3440.692	-3608.152	167.4599	1.439973	1.475754	0.4039749	2.194365
738	-3436.812	-3603.813	167.0007	1.509615	1.843983	0.4810869	2.194365
744	-3432.14	-3598.981	166.8416	1.491043	1.892148	0.4766616	2.294361
750	-3431.391	-3598.153	166.7615	1.464014	1.757491	0.4766616	2.416241
756	-3440.55	-3607.359	166.8097	1.401149	1.757491	0.4766616	2.425505
762	-3430.528	-3596.775	166.2468	1.54665	1.964647	0.6481474	2.442194
768	-3433.054	-3599.408	166.3538	1.404553	1.964647	0.644115	2.467682
774	-3440.26	-3605.97	165.7098	1.445205	2.408639	0.5823866	2.745216
780	-3436.473	-3602.596	166.1224	1.413521	2.22539	0.4497263	2.702349
786	-3442.641	-3609.1	166.4593	1.489792	2.059898	0.563276	2.386341
792	-3443.987	-3611.077	167.0904	1.56888	1.740812	0.4547128	2.170189
798	-3435.665	-3602.224	166.5588	1.532313	1.674901	0.57235	2.438782
804	-3434.771	-3601.313	166.5418	1.409863	1.803058	0.384105	2.67433
810	-3435.948	-3602.983	167.0353	1.498513	1.803058	0.4940095	2.18177
816	-3431.042	-3598.052	167.0102	1.504509	2.062321	0.4056712	2.194838
822	-3422.012	-3588.828	166.8164	1.634049	1.921231	0.5365407	2.143499
828	-3421.183	-3587.565	166.3825	1.507084	1.709863	0.7177848	2.424236
834	-3423.783	-3589.782	165.9992	1.64196	2.427464	0.5711675	2.448576
840	-3428.836	-3595.064	166.228	1.498375	2.427464	0.5711675	2.394915
846	-3440.055	-3606.612	166.5574	1.482792	2.2965	0.5711675	2.237718
852	-3439.579	-3604.232	164.6536	1.194539	2.535387	0.4451348	3.616767
858	-3440.349	-3605.704	165.355	1.302181	2.212862	0.4451348	3.239887
864	-3432.537	-3598.898	166.3614	1.341967	2.631497	0.4451348	2.476813
870	-3436.963	-3602.503	165.5399	1.44848	2.411688	0.3954481	3.036114
876	-3430.394	-3595.632	165.2383	1.306476	2.357848	0.4243701	3.283423
882	-3435.714	-3599.901	164.1871	1.134407	2.361846	0.5483421	3.871617
888	-3435.909	-3599.824	163.9149	1.15912	2.050575	0.5773973	4.084612
894	-3444.636	-3608.702	164.0655	1.104396	2.025024	0.5773973	4.038393
900	-3434.799	-3599.94	165.1409	1.272273	1.829333	0.7428647	3.255451
906	-3439.077	-3606.009	166.9322	1.466442	1.591516	0.3962004	2.469828
912	-3443.51	-3610.895	167.3842	1.54351	1.765997	0.4695781	1.965192
918	-3453.019	-3620.443	167.4237	1.608568	1.379043	0.6070781	1.934032
924	-3437.045	-3604.241	167.1955	1.679616	2.314274	0.693118	1.544733
930	-3449.056	-3614.95	165.8938	1.39896	2.157348	0.5378061	2.783761
936	-3436.623	-3602.656	166.0321	1.236594	1.677153	0.5378061	2.975185
942	-3443.118	-3609.769	166.6507	1.546132	2.009318	0.5378061	2.272302
948	-3424.484	-3590.942	166.4585	1.484234	2.438424	0.5378061	2.286454
954	-3423.476	-3590.086	166.6109	1.472624	2.190716	0.5378061	2.279273
960	-3431.914	-3598.392	166.4778	1.500939	1.912865	0.5378061	2.447135
966	-3434.247	-3600.243	165.996	1.394302	1.77429	0.5378061	2.863185
972	-3424.572	-3589.63	165.0581	1.262542	2.18833	0.7172617	3.204945
978	-3422.662	-3587.992	165.3301	1.417376	2.079128	0.4014388	3.278322
984	-3429.392	-3595.632	166.2394	1.438413	2.079128	0.4899099	2.622101
990	-3424.816	-3591.552	166.7367	1.438413	2.053421	0.4899099	2.319493
996	-3420.572	-3587.176	166.6044	1.34135	2.053421	0.3709753	2.600865
1002	-3453.012	-3618.932	165.9206	1.356576	1.66161	0.6332349	2.891194
1008	-3446.838	-3612.745	165.9069	1.369253	2.025144	0.48533	2.891194
1014	-3443.997	-3609.538	165.5413	1.372838	2.11502	0.6670675	2.913828
1020	-3438.744	-3604.476	165.7328	1.360635	2.090539	0.552086	2.913828
1026	-3444.924	-3612.556	167.6328	1.577188	1.854888	0.4464654	1.761399
1032	-3443.433	-3609.919	166.4862	1.53157	2.316746	0.3998366	2.43029
1038	-3446.439	-3612.533	166.0942	1.486036	2.0619	0.5900274	2.591378
1044	-3438.489	-3604.894	166.4049	1.408896	1.982408	0.3936009	2.680041
1050	-3440.894	-3607.581	166.6863	1.321468	1.989714	0.3936009	2.557475
1056	-3438.8	-3605.405	166.6044	1.348913	1.989714	0.3936009	2.591245
1062	-3427.18	-3593.192	166.0121	1.323468	2.338748	0.3936009	2.851647
1068	-3430.796	-3596.568	165.7722	1.256455	1.919061	0.4919494	3.070985
1074	-3438.029	-3603.656	165.6275	1.212735	2.228618	0.5325347	3.038565
1080	-3435.571	-3600.96	165.3895	1.246418	1.571375	0.5325347	3.39878
1086	-3434.334	-3600.085	165.7518	1.227704	1.571375	0.4185324	3.311898
1092	-3426.543	-3592.9	166.357	1.467532	1.967532	0.3705522	2.706979
1098	-3429.582	-3595.323	165.7407	1.231255	1.932206	0.3705522	3.232528
1104	-3443.684	-3608.568	164.8844	1.375773	1.862111	0.4932946	3.543092
1110	-3429.785	-3595.838	166.0536	1.335132	2.015801	0.3456306	2.985476
1116	-3430.011	-3594.426	164.4146	1.095309	1.864691	0.4971535	3.971216
1122	-3432.058	-3596.759	164.7015	1.443885	2.079677	0.5190904	3.510042
1128	-3438.627	-3603.819	165.1922	1.294339	2.079677	0.5277603	3.301948
1134	-3432.59	-3596.682	164.0921	1.10159	1.903748	0.5267887	4.110447
1140	-3438.14	-3603.33	165.1898	1.290726	1.693478	0.6764872	3.31814
1146	-3442.113	-3604.68	162.5676	1.150805	1.925582	0.7178272	4.781148
1152	-3434.391	-3598.178	163.7866	1.295896	1.898754	0.6800935	4.048677
1158	-3445.032	-3609.176	164.1439	1.459941	2.230568	0.691217	3.631188
1164	-3431.064	-3596.023	164.9595	1.392785	2.490165	0.6724116	3.12803
1170	-3439.344	-3604.128	164.7845	1.385397	2.490165	0.9861586	3.020005
1176	-3430.957	-3595.224	164.2668	1.501456	2.490165	0.9861586	3.25885
1182	-3420.273	-3586.39	166.1178	1.43814	2.509874	0.4598868	2.588803
1188	-3434.808	-3600.473	165.6649	1.361569	2.310677	0.6141839	2.826012
1194	-3441.917	-3607.732	165.8146	1.309495	1.997322	0.4844798	2.993409
1200	-3442.606	-3608.688	166.0824	1.285137	1.681636	0.434292	3.019052
1206	-3434.894	-3600.134	165.24	1.322701	2.363438	0.434292	3.260357
1212	-3443.31	-3609.255	165.9451	1.366554	2.061311	0.4042221	2.945026
1218	-3427.742	-3593.3	165.5583	1.315641	2.124761	0.5921237	2.9981
1224	-3449.324	-3615.492	166.1686	1.364908	2.124761	0.4636377	2.722657
1230	-3430.911	-3595.915	165.0044	1.247843	2.124761	0.5373695	3.415735
1236	-3426.994	-3591.848	164.8544	1.20267	2.075251	0.5373695	3.546006
1242	-3429.608	-3594.88	165.2713	1.287418	1.854195	0.5209238	3.34484
1248	-3431.919	-3593.428	161.5096	1.030053	2.031717	0.7144957	5.402339
1254	-3428.478	-3591.978	163.5001	1.100605	2.032609	0.7144957	4.251777
1260	-3427.956	-3591.423	163.4668	1.15084	2.00366	0.7144957	4.251777
1266	-3430.926	-3596.18	165.2538	1.267722	2.0389	0.7144957	3.137634
1272	-3430.819	-3596.783	165.9643	1.398298	1.686881	0.6693936	2.798973
1278	-3424.287	-3590.114	165.8274	1.344121	2.031177	0.4561644	2.982429
1284	-3433.223	-3598.682	165.4589	1.265063	1.614639	0.6807251	3.2027
1290	-3431.612	-3597.954	166.3428	1.513632	2.402045	0.6548419	2.243753
1296	-3433.105	-3599.192	166.0868	1.526635	2.203642	0.8439369	2.315663
1302	-3424.163	-3590.847	166.6838	1.526635	2.071792	0.4665543	2.315663
1308	-3422.356	-3588.829	166.4727	1.477913	2.262354	0.4665543	2.413862
1314	-3425.921	-3591.816	165.8945	1.376028	2.382825	0.4665543	2.796013
1320	-3431.027	-3597.856	166.829	1.470776	2.063271	0.502402	2.222645
1326	-3439.419	-3605.096	165.6774	1.449061	2.285538	0.5652657	2.817051
1332	-3429.808	-3596.69	166.8822	1.611016	1.811977	0.5059679	2.191572
1338	-3434.16	-3600.715	166.5545	1.434949	1.738503	0.5059679	2.541144
1344	-3433.542	-3600.057	166.5154	1.463313	1.948465	0.5168579	2.454611
1350	-3421.563	-3587.661	166.0985	1.546418	1.994762	0.4479429	2.717051
1356	-3428.16	-3593.91	165.7502	1.411897	2.35838	0.4479429	2.889218
1362	-3427.007	-3592.887	165.88	1.376091	1.808537	0.583217	2.889218
1368	-3426.462	-3592.959	166.4978	1.434029	1.808537	0.583217	2.473728
1374	-3432.557	-3599.123	166.5657	1.481291	2.395621	0.3319974	2.473728
1380	-3438.515	-3603.556	165.0413	1.327763	2.976739	0.5959549	3.048667
1386	-3440.994	-3605.347	164.3533	1.236609	2.976739	0.5152683	3.580626
1392	-3430.742	-3595.511	164.7684	1.29233	2.321242	0.6641701	3.357593
1398	-3441.747	-3606.804	165.0575	1.1247	2.097348	0.6641701	3.357593
1404	-3435.309	-3597.908	162.5991	1.276468	1.838837	1.159339	4.460351
1410	-3440.028	-3603.536	163.5085	1.400185	2.395804	1.264444	3.639876
1416	-3438.106	-3602.464	164.3582	1.358474	2.395804	0.8776211	3.384471
1422	-3436.044	-3599.767	163.7229	1.05257	2.368841	0.4401757	4.283757
1428	-3435.505	-3599.592	164.0869	1.096955	2.368841	0.4401757	4.051721
1434	-3431.359	-3595.489	164.1304	1.178502	2.48841	0.5275048	3.861049
1440	-3434.115	-3598.143	164.0283	1.206104	2.172459	0.5480802	3.979448
1446	-3425.518	-3590.085	164.5663	1.115432	2.163307	0.5480802	3.72529
1452	-3444.653	-3608.944	164.2919	1.212121	2.693329	0.474552	3.742661
1458	-3435.414	-3600.307	164.8927	1.284998	2.186855	0.6054959	3.379156
1464	-3420.986	-3584.922	163.9356	1.123386	2.10621	0.5084857	4.136417
1470	-3428.323	-3592.259	163.9356	1.123386	2.10621	0.5084857	4.136417
1476	-3437.939	-3601.21	163.2715	1.212236	2.10621	0.4614242	4.50666
1482	-3440.797	-3604.781	163.9838	1.125148	1.774021	0.7073039	4.057907
1488	-3433.143	-3597.032	163.889	1.132953	1.774021	0.5755006	4.211503
1494	-3431.576	-3597.975	166.3992	1.366768	1.745073	0.5848621	2.600928
1500	-3433.655	-3599.106	165.4516	1.328108	2.113982	0.6713626	2.991578
1506	-3436.999	-3603.824	166.8249	1.428191	2.015626	0.3913422	2.397007
1512	-3430.841	-3597.212	166.371	1.361511	2.015626	0.3913422	2.720665
1518	-3428.93	-3594.276	165.3451	1.368149	2.156482	0.5831652	3.091587
1524	-3451.714	-3615.727	164.0124	1.213208	2.156482	0.7763641	3.811115
1530	-3436.852	-3601.68	164.8276	1.261112	2.311704	0.6189278	3.380863
1536	-3428.135	-3592.54	164.4048	1.294237	2.311704	0.6644008	3.571656
1542	-3422.026	-3586.498	164.4719	1.290133	2.311704	0.6644008	3.53503
1548	-3431.807	-3597.322	165.5148	1.369793	2.497035	0.3898695	3.079231
1554	-3426.097	-3591.223	165.1267	1.27803	2.497035	0.4555956	3.291424
1560	-3427.874	-3592.46	164.5858	1.230058	2.133153	0.3775407	3.830143
1566	-3427.11	-3591.499	164.3899	1.179663	2.265894	0.5813256	3.728874
1572	-3439.289	-3603.529	164.2406	1.127611	1.801292	0.5813256	3.999442
1578	-3428.895	-3593.247	164.3525	1.238852	1.801292	0.5920658	3.86254
1584	-3422.584	-3587.26	164.6756	1.1636	1.973399	0.3940649	3.850729
1590	-3431.873	-3597.323	165.4501	1.291459	1.889154	0.659859	3.102604
1596	-3430.349	-3596.036	165.6865	1.295316	1.908555	0.488211	3.106501
1602	-3425.663	-3591.001	165.3381	1.335116	2.477089	0.363611	3.241925
1608	-3432.801	-3599.28	166.4798	1.45658	2.477089	0.3406504	2.505663
1614	-3435.48	-3601.816	166.336	1.401845	2.118992	0.4300696	2.635944
1620	-3426.547	-3592.867	166.3201	1.379479	1.899488	0.4300696	2.738298
1626	-3431.674	-3596.953	165.2784	1.504706	2.275819	0.750601	2.874857
1632	-3429.972	-3594.243	164.2717	1.20853	1.942039	0.6345185	3.84146
1638	-3436.007	-3601.916	165.9092	1.333399	1.920574	0.5146603	2.919587
1644	-3430.841	-3597.271	166.4302	1.481073	2.301023	0.468081	2.424137
1650	-3432.195	-3598.82	166.6251	1.286138	2.301023	0.468081	2.424137
1656	-3417.569	-3584.868	167.2995	1.4719	1.592601	0.468081	2.14725
1662	-3421.934	-3589.526	167.5915	1.560183	1.592601	0.5050974	1.851949
1668	-3420.519	-3588.151	167.6319	1.52219	1.592601	0.5050974	1.850329
1674	-3433.082	-3599.893	166.8118	1.497868	2.001744	0.2897541	2.503993
1680	-3441.931	-3608.918	166.9871	1.437698	2.109039	0.402037	2.24023
1686	-3436.374	-3603.334	166.9604	1.389829	2.109039	0.402037	2.288071
1692	-3435.029	-3601.759	166.7302	1.513505	1.975464	0.5596823	2.233166
1698	-3430.763	-3596.562	165.7991	1.462062	2.365818	0.6349903	2.646981
1704	-3430.933	-3596.417	165.4841	1.325115	1.98282	0.5262333	3.145682
1710	-3430.322	-3595.999	165.6771	1.325581	1.98282	0.4224209	3.136713
1716	-3433.095	-3599.074	165.979	1.338945	1.563218	0.6966166	2.856076
1722	-3429.86	-3595.019	165.1585	1.366818	2.021563	0.6966166	3.15511
1728	-3438.96	-3605.174	166.2135	1.310473	2.021563	0.4784965	2.748843
1734	-3432.489	-3599.499	167.0103	1.602866	1.773192	0.4784965	2.159624
1740	-3430.118	-3598.118	167.9994	1.757802	1.804089	0.5081935	1.298654
1746	-3433.58	-3601.33	167.7502	1.824921	2.415886	0.3653697	1.375965
1752	-3445.576	-3613.279	167.703	1.775945	2.415886	0.4143698	1.375965
1758	-3445.559	-3613.386	167.8275	1.679554	2.201664	0.4362356	1.410127
1764	-3438.712	-3606.143	167.4315	1.653088	2.201664	0.5022833	1.639646
1770	-3434.542	-3602.046	167.5042	1.765966	2.213327	0.405354	1.625092
1776	-3438.343	-3605.904	167.561	1.725113	2.090642	0.4332035	1.625092
1782	-3421.165	-3588.346	167.1808	1.714905	2.651107	0.4332035	1.698068
1788	-3435.746	-3603.159	167.4125	1.696341	2.651107	0.3267218	1.698068
1794	-3434.945	-3602.169	167.2242	1.478765	1.61144	0.3950086	2.26957
1800	-3433.661	-3600.023	166.3617	1.482515	1.733319	0.3950086	2.754665
1806	-3440.402	-3607.061	166.6594	1.483151	2.005619	0.4098016	2.447945
1812	-3443.556	-3610.428	166.8722	1.558615	1.776007	0.5242766	2.227599
1818	-3441.695	-3609.18	167.4849	1.619785	1.922328	0.3982442	1.867365
1824	-3443.938	-3611.033	167.0949	1.595265	1.706211	0.4302893	2.193399
1830	-3446.046	-3612.733	166.687	1.531872	1.654608	0.4302893	2.514786
1836	-3438.501	-3605.714	167.2133	1.460665	1.528925	0.3866938	2.335836
1842	-3433.094	-3600.023	166.9289	1.530469	1.712638	0.3603887	2.424811
1848	-3431.019	-3597.794	166.775	1.530469	1.434552	0.5590112	2.424811
1854	-3428.529	-3595.68	167.1506	1.530469	1.434552	0.484998	2.26158
1860	-3423.158	-3589.586	166.4271	1.426702	1.490533	0.484998	2.752472
1866	-3433.908	-3600.581	166.6725	1.418012	1.629913	0.4931396	2.53684
1872	-3428.398	-3595.517	167.119	1.44441	1.629913	0.4420051	2.2945
1878	-3421.057	-3587.607	166.5499	1.431957	1.775071	0.5441864	2.492977
1884	-3430.863	-3598.282	167.4191	1.607306	1.465767	0.3825963	2.144064
1890	-3430.174	-3597.394	167.2203	1.513863	1.465767	0.3825963	2.332273
1896	-3427.626	-3594.808	167.182	1.514906	1.864031	0.3825963	2.182375
1902	-3438.063	-3605.907	167.8448	1.629988	1.864031	0.4110277	1.615556
1908	-3429.584	-3597.183	167.599	1.76684	1.864031	0.5023944	1.577491
1914	-3432.979	-3600.279	167.3006	1.705922	1.838277	0.5799583	1.758923
1920	-3438	-3605.34	167.34	1.562469	1.807068	0.450571	1.98672
1926	-3437.292	-3603.449	166.1569	1.505631	2.548158	0.7563273	2.237321
1932	-3442.838	-3609.384	166.5458	1.540608	1.941364	0.5498623	2.356433
1938	-3431.734	-3598.344	166.6099	1.561636	2.557947	0.376254	2.285349
1944	-3414.613	-3581.57	166.9573	1.559494	2.155112	0.376254	2.19695
1950	-3432.662	-3599.915	167.2524	1.643871	2.228669	0.3619281	1.939358
1956	-3440.846	-3607.076	166.2298	1.475963	2.160929	0.5509309	2.515388
1962	-3425.44	-3592.243	166.8036	1.42455	1.823925	0.5806034	2.282398
1968	-3435.023	-3601.964	166.9409	1.469101	1.823925	0.360282	2.410771
1974	-3430.805	-3597.054	166.2486	1.388298	1.823925	0.5463937	2.685318
1980	-3427.304	-3593.347	166.0424	1.294546	1.625565	0.5113639	2.980707
1986	-3438.468	-3603.945	165.4766	1.203235	2.083128	0.4082247	3.309217
1992	-3435.489	-3601.208	165.719	1.312608	1.668805	0.3648211	3.303414
1998	-3428.961	-3594.878	165.9164	1.318671	2.229433	0.440595	2.894146
2004	-3432.992	-3598.697	165.7052	1.35124	2.319204	0.440595	2.973101
2010	-3430.253	-3595.957	165.7039	1.363637	1.908637	0.440595	3.104786
2016	-3428.257	-3593.841	165.5845	1.272806	2.155651	0.6070014	2.984783
2022	-3440.559	-3605.782	165.2235	1.397564	2.619706	0.6063859	2.984783
2028	-3434.894	-3599.51	164.6163	1.28311	1.886103	0.6273858	3.624873
2034	-3442.216	-3607.285	165.0691	1.343227	1.74629	0.4666438	3.52376
2040	-3439.159	-3603.944	164.7855	1.213786	1.780474	0.6273858	3.605377
2046	-3438.517	-3602.992	164.4751	1.218459	2.545409	0.4576165	3.690631
2052	-3442.512	-3606.24	163.7278	1.073311	2.281233	0.4576165	4.277463
2058	-3434.021	-3598.369	164.348	1.255782	1.922429	0.7845298	3.665265
2064	-3422.065	-3587.76	165.6947	1.242364	1.90505	0.4311998	3.193797
2070	-3425.46	-3590.77	165.3099	1.339955	2.424297	0.4311998	3.193797
2076	-3424.379	-3590.163	165.7841	1.325673	2.313691	0.5670065	2.816618
2082	-3422.768	-3589.242	166.4746	1.362082	1.992396	0.5107356	2.533346
2088	-3432.511	-3598.409	165.8975	1.386025	2.367954	0.5310064	2.727466
2094	-3441.009	-3607.033	166.0238	1.395464	2.550662	0.4471817	2.674802
2100	-3429.289	-3595.576	166.2869	1.473481	2.266926	0.4241903	2.57874
2106	-3431.506	-3596.612	165.1052	1.34664	2.630856	0.5409822	3.141459
2112	-3426.374	-3591.973	165.5997	1.380665	1.714	0.5259226	3.144048
2118	-3436.662	-3603.214	166.5517	1.344217	2.039568	0.5259226	2.463807
2124	-3434.272	-3600.964	166.6915	1.5043	2.064142	0.5259226	2.26465
2130	-3435.616	-3602.547	166.9315	1.511521	1.958298	0.5411049	2.129119
2136	-3431.383	-3597.554	166.1708	1.45173	1.958298	0.5654323	2.625382
2142	-3434.301	-3600.729	166.4284	1.518741	2.295247	0.4328838	2.442839
2148	-3437.753	-3604.523	166.7706	1.49229	1.618094	0.4848207	2.442839
2154	-3424.306	-3589.392	165.0857	1.320668	1.863199	0.5941802	3.365095
2160	-3434.202	-3600.273	166.0713	1.400544	1.897577	0.665808	2.652498
2166	-3430.631	-3596.58	165.9485	1.231919	2.175061	0.400203	2.990228
2172	-3432.972	-3598.468	165.4964	1.320188	2.167876	0.33216	3.291826
2178	-3424.732	-3590.438	165.7059	1.309193	2.167876	0.5822119	2.907563
2184	-3431.17	-3596.844	165.6739	1.384084	1.476864	0.4725316	3.248982
2190	-3426.095	-3592.794	166.6991	1.510455	1.985515	0.4179353	2.403554
2196	-3432.368	-3598.868	166.5001	1.373759	1.985515	0.4179353	2.613218
2202	-3422.625	-3588.701	166.0762	1.393904	2.130961	0.4179353	2.80963
2208	-3431.492	-3597.302	165.8095	1.302138	1.60958	0.4179353	3.218708
2214	-3423.295	-3589.548	166.2521	1.422309	1.814861	0.4179353	2.799494
2220	-3432.739	-3596.677	163.9377	1.199276	2.06121	0.6803318	3.962459
2226	-3433.264	-3597.186	163.9221	1.146543	2.183338	0.6803318	3.962459
2232	-3424.79	-3589.308	164.5189	1.272358	1.940675	0.4896943	3.79029
2238	-3424.638	-3589.487	164.8484	1.118658	1.940675	0.5405199	3.641136
2244	-3432.6	-3596.774	164.1736	1.095595	1.940675	0.5405199	4.042335
2250	-3436.648	-3602.246	165.5983	1.38424	2.308386	0.4793269	2.980175
2256	-3436.33	-3600.85	164.5199	1.176214	2.023508	0.4793269	3.826959
2262	-3440.472	-3604.921	164.4489	1.191366	2.121363	0.4793269	3.826959
2268	-3423.713	-3587.148	163.4357	1.062873	2.121363	0.6793227	4.306996
2274	-3442.026	-3605.65	163.6243	1.040167	2.128327	0.6456361	4.2367
2280	-3437.027	-3600.338	163.3111	1.164889	1.838972	0.6157681	4.463489
2286	-3445.874	-3611.101	165.2268	1.18006	1.8894	0.3493843	3.604486
2292	-3428.882	-3596.648	167.766	1.674827	1.713536	0.3531431	1.789386
2298	-3450.078	-3617.862	167.7842	1.584459	1.611912	0.3531431	1.88629
2304	-3453.364	-3618.341	164.9775	1.264146	1.924961	0.7338225	3.328491
2310	-3455.212	-3619.211	163.9992	1.541165	2.006482	0.5965958	3.816041
2316	-3433.064	-3598.847	165.7837	1.44451	1.995855	0.5215249	2.894501
2322	-3431.692	-3597.162	165.4702	1.390006	1.995855	0.6453729	3.005244
2328	-3439.352	-3604.648	165.296	1.372775	2.159642	0.6453729	3.063986
2334	-3433.677	-3599.956	166.2794	1.535338	2.307777	0.6089849	2.342566
2340	-3441.241	-3606.814	165.5722	1.318248	1.758973	0.6598006	3.062815
2346	-3436.153	-3602.116	165.9629	1.416839	1.812538	0.4676783	2.92473
2352	-3431.386	-3597.633	166.2472	1.433322	1.96732	0.3891188	2.772433
2358	-3429.124	-3594.752	165.6277	1.365733	1.96732	0.3935422	3.180279
2364	-3434.471	-3601.307	166.8358	1.432837	1.780491	0.3533514	2.52579
2370	-3438.616	-3605.071	166.4549	1.427456	2.242895	0.4091283	2.528481
2376	-3443.738	-3611.122	167.3842	1.577806	2.242895	0.4091283	1.825852
2382	-3427.099	-3594.391	167.292	1.577806	2.013942	0.4091283	1.975234
2388	-3428.445	-3596.189	167.7441	1.611355	1.705335	0.4091283	1.774982
2394	-3412.857	-3580.222	167.3653	1.611355	1.974104	0.407895	1.920747
2400	-3420.553	-3587.829	167.2759	1.657438	2.193107	0.4921545	1.761942
2406	-3421.826	-3588.387	166.5612	1.489777	2.193107	0.5174263	2.319952
2412	-3427.573	-3595.238	167.6648	1.640102	1.694572	0.4295358	1.78859
2418	-3430.488	-3598.381	167.8932	1.623953	1.914477	0.4295259	1.536589
2424	-3423.328	-3590.585	167.257	1.627688	1.937328	0.3802649	2.033009
2430	-3432.075	-3597.173	165.0975	1.392331	2.422177	0.4354461	3.284508
2436	-3431.839	-3598.338	166.4982	1.511555	2.14006	0.5486739	2.333321
2442	-3425.962	-3593.108	167.146	1.564443	1.899073	0.3907407	2.149116
2448	-3426.551	-3593.572	167.0207	1.463296	1.988654	0.5057915	2.127568
2454	-3423.72	-3590.931	167.2117	1.555433	1.874375	0.488809	2.004804
2460	-3435.3	-3602.242	166.9422	1.698816	1.774625	0.6107391	2.004804
2466	-3431.563	-3598.11	166.5468	1.491364	2.336806	0.5429035	2.253383
2472	-3427.376	-3594.341	166.9657	1.513528	1.679252	0.4386472	2.330616
2478	-3440.656	-3606.574	165.9179	1.269572	2.21755	0.4386472	2.928873
2484	-3442.454	-3608.626	166.1717	1.357521	2.21755	0.4386472	2.721216
2490	-3438.728	-3604.037	165.3084	1.280535	2.058451	0.4123141	3.36636
2496	-3439.12	-3605.123	166.0034	1.258306	2.058451	0.5173895	2.856261
2502	-3428.851	-3594.198	165.3471	1.330722	2.793581	0.5173895	2.984012
2508	-3431.184	-3596.595	165.411	1.410362	2.523594	0.5173895	2.973715
2514	-3437.862	-3603.521	165.6589	1.392147	1.969259	0.5830964	2.953524
2520	-3434.449	-3600.197	165.7483	1.350532	1.866426	0.4158963	3.128659
2526	-3431.785	-3597.644	165.859	1.305664	1.929556	0.5571418	2.922977
2532	-3441.715	-3607.76	166.0445	1.501201	2.028058	0.6874062	2.540815
2538	-3433.569	-3599.053	165.4843	1.509258	2.32617	0.8177685	2.681348
2544	-3437.425	-3603.722	166.2977	1.367073	1.773006	0.3668294	2.882205
2550	-3440.731	-3606.214	165.4836	1.32614	2.508917	0.6131464	2.897398
2556	-3435.702	-3601.771	166.0693	1.294908	1.57857	0.4685745	3.027098
2562	-3432.73	-3597.706	164.9767	1.234192	1.746031	0.6555687	3.472448
2568	-3426.313	-3591.601	165.2883	1.239975	1.746031	0.4424204	3.4812
2574	-3432.578	-3597.959	165.381	1.356138	2.241954	0.3857762	3.249336
2580	-3435.139	-3600.101	164.9615	1.237151	2.539341	0.3857762	3.476557
2586	-3437.683	-3603.039	165.3554	1.288504	2.614455	0.3737981	3.207587
2592	-3433.175	-3599.163	165.9881	1.305362	1.89761	0.4339596	2.980823
2598	-3441.686	-3606.311	164.625	1.268871	2.002456	0.5013456	3.698727
2604	-3442.434	-3608.738	166.3043	1.338955	2.049369	0.345687	2.819939
2610	-3439.012	-3604.721	165.7088	1.456443	2.049369	0.5583458	2.878873
2616	-3437.37	-3603.749	166.379	1.526733	2.049369	0.3561224	2.645884
2622	-3440.896	-3605.657	164.7605	1.267362	2.002456	0.5579766	3.568867
2628	-3432.26	-3595.745	163.4847	1.081378	2.316314	0.4061696	4.452981
2634	-3422.891	-3587.576	164.6843	1.133368	2.262642	0.3824336	3.782906
2640	-3414.977	-3579.473	164.4959	1.241498	2.262642	0.52835	3.679909
2646	-3420.792	-3585.33	164.538	1.266992	2.292038	0.52835	3.631731
2652	-3428.766	-3593.527	164.7608	1.122151	2.292038	0.52835	3.586512
2658	-3426.065	-3591.886	165.8209	1.355282	1.937261	0.52835	2.940334
2664	-3434.671	-3600.079	165.4081	1.344615	1.792936	0.5935579	3.187345
2670	-3438.922	-3605.179	166.2572	1.497051	1.937261	0.5454319	2.570641
2676	-3442.821	-3609.356	166.5343	1.508922	2.07588	0.5075148	2.376588
2682	-3451.353	-3618.256	166.9035	1.613786	2.775693	0.4023469	1.958929
2688	-3452.714	-3619.732	167.0178	1.562785	2.638527	0.4023469	1.958929
2694	-3441.554	-3608.508	166.954	1.653172	2.582654	0.4023469	1.958929
2700	-3455.934	-3623.165	167.2312	1.702084	2.336864	0.4265243	1.788983
2706	-3444.871	-3612.417	167.5458	1.824499	2.336864	0.4541719	1.435388
2712	-3448.344	-3615.7	167.3553	1.640691	2.336864	0.4514337	1.713519
2718	-3445.691	-3613.013	167.3221	1.632281	2.540448	0.4761684	1.639699
2724	-3426.748	-3594.242	167.4941	1.641607	2.324858	0.4829668	1.578373
2730	-3444.556	-3611.727	167.1709	1.582612	2.394242	0.4898023	1.815956
2736	-3448.528	-3615.346	166.8186	1.464153	1.910796	0.4898023	2.304706
2742	-3431.13	-3598.436	167.3055	1.530423	1.881615	0.4308466	2.023721
2748	-3444.191	-3610.835	166.6444	1.400239	2.322771	0.5184323	2.278816
2754	-3437.125	-3601.943	164.818	1.301543	2.364873	0.5779917	3.381637
2760	-3441.679	-3608.105	166.4255	1.455511	2.322771	0.5076003	2.394071
2766	-3436.314	-3603.529	167.2146	1.502016	2.322771	0.3632256	2.024397
2772	-3445.683	-3612.078	166.3955	1.562004	2.064445	0.6564271	2.294107
2778	-3429.708	-3596.402	166.6944	1.498953	2.064445	0.6564271	2.141852
2784	-3434.813	-3601.611	166.7988	1.533187	2.049394	0.6755396	2.039444
2790	-3433.83	-3600.946	167.1164	1.651976	2.126551	0.3968902	2.015707
2796	-3452.22	-3619.547	167.3279	1.681941	1.987622	0.3968902	1.907184
2802	-3445.284	-3612.748	167.4642	1.577191	2.055714	0.4506537	1.790029
2808	-3444.935	-3612.035	167.0995	1.694414	1.935063	0.4414865	2.017163
2814	-3433.196	-3600.499	167.3027	1.570338	1.726783	0.4414865	2.051596
2820	-3430.017	-3596.219	166.2017	1.498297	1.982919	0.4763061	2.657053
2826	-3425.563	-3592.034	166.4717	1.481792	1.982919	0.4477652	2.530917
2832	-3434.078	-3599.828	165.7497	1.379304	2.256397	0.4477652	2.941666
2838	-3432.007	-3597.764	165.757	1.393355	2.350855	0.5006851	2.84386
2844	-3432.67	-3599.049	166.3791	1.378722	1.988143	0.5006851	2.594139
2850	-3426.317	-3592.135	165.8178	1.35919	1.97647	0.5006851	2.952721
2856	-3428.385	-3592.596	164.2108	1.259318	1.920397	0.5006851	3.971099
2862	-3435.31	-3600.038	164.7282	1.158724	1.801759	0.6766527	3.623508
2868	-3429.066	-3592.203	163.1371	1.119426	1.900504	0.6766527	4.518295
2874	-3430.296	-3596.079	165.7825	1.402299	2.178255	0.4140725	2.970661
2880	-3431.496	-3598.434	166.9379	1.583472	2.178255	0.4140725	2.137881
2886	-3432.824	-3599.845	167.0212	1.480683	1.566704	0.4140725	2.394337
2892	-3442.571	-3609.774	167.2023	1.654465	1.792826	0.4992157	1.967586
2898	-3453.055	-3620.195	167.1394	1.607345	2.166777	0.4349197	1.967586
2904	-3435.209	-3602.305	167.0962	1.633097	2.120082	0.5103543	1.909322
2910	-3427.002	-3594.224	167.2211	1.624913	2.120082	0.4421336	1.909322
2916	-3447.426	-3614.449	167.0232	1.60484	2.120082	0.4421336	2.055103
2922	-3444.41	-3611.646	167.2369	1.585539	1.766903	0.4421336	2.06695
2928	-3443.701	-3610.837	167.1352	1.643264	1.766903	0.4670112	2.06695
2934	-3438.623	-3604.816	166.1928	1.481657	1.807375	0.4896823	2.724825
2940	-3427.796	-3593.305	165.5088	1.476806	2.425588	0.5999333	2.827464
2946	-3421.957	-3587.047	165.0897	1.300043	1.699959	0.5999333	3.431449
2952	-3425.537	-3590.663	165.1263	1.242203	2.074004	0.4303097	3.470664
2958	-3426.815	-3592.055	165.2398	1.241982	2.074004	0.4303097	3.404407
2964	-3431.925	-3596.286	164.3608	1.161572	1.886721	0.3806987	4.077029
2970	-3430.497	-3595.783	165.286	1.238818	1.886721	0.5291422	3.345209
2976	-3424.837	-3590.645	165.8072	1.242421	2.066646	0.5291422	2.97005
2982	-3428.33	-3594.099	165.7688	1.234644	2.066646	0.5291422	2.997787
2988	-3430.142	-3597.007	166.8652	1.389737	2.066646	0.4103521	2.354024
2994	-3430.02	-3597.114	167.0934	1.563085	2.310828	0.4103521	2.006655
3000	-3434.369	-3601.613	167.2445	1.556796	2.122785	0.4103521	1.977969
3006	-3429.405	-3596.412	167.0073	1.65039	2.254014	0.4103521	2.02587
3012	-3423.308	-3590.444	167.1355	1.547645	2.046312	0.4169026	2.076975
3018	-3415.851	-3582.448	166.5972	1.567319	2.140568	0.5115976	2.27191
3024	-3436.742	-3602.884	166.1421	1.444007	1.821039	0.3892792	2.884017
3030	-3447.796	-3614.068	166.2723	1.522177	1.821039	0.6132059	2.527304
3036	-3440.395	-3605.222	164.8263	1.338264	2.091582	0.6132059	3.411398
3042	-3442.684	-3609.886	167.2015	1.328431	1.574038	0.3869683	2.40632
3048	-3437.461	-3603.239	165.7777	1.347134	1.460977	0.4823262	3.206551
3054	-3430.296	-3595.007	164.7107	1.21723	1.724227	0.5942582	3.695531
3060	-3420.825	-3585.354	164.5294	1.284303	1.724227	0.6182059	3.74151
3066	-3435.744	-3599.596	163.8527	1.217243	1.937043	0.6182059	4.091071
3072	-3437.451	-3601.689	164.2378	1.302465	2.254451	0.7159502	3.642041
3078	-3431.494	-3595.698	164.2035	1.097785	2.086566	0.437686	4.074109
3084	-3447.719	-3613.86	166.1419	1.32987	1.898226	0.4602081	2.84467
3090	-3440.434	-3607.259	166.8243	1.369092	1.44361	0.4602081	2.591337
3096	-3441.077	-3608.197	167.1199	1.557439	1.688556	0.5073268	2.122677
3102	-3433.896	-3600.703	166.8067	1.519945	2.046217	0.3933436	2.336695
3108	-3429.63	-3596.078	166.4481	1.54551	2.046217	0.3933436	2.546132
3114	-3440.749	-3607.337	166.5875	1.518492	2.046217	0.4241917	2.439177
3120	-3440.854	-3606.663	165.8086	1.512052	2.320895	0.3816248	2.880611
3126	-3429.942	-3596.275	166.3327	1.470728	2.033262	0.4497273	2.603618
3132	-3432.982	-3600.365	167.3835	1.645642	1.903451	0.4275693	1.888954
3138	-3428.81	-3596.321	167.5116	1.615282	1.748442	0.4275693	1.888954
3144	-3430.024	-3597.116	167.0924	1.663245	2.494902	0.441631	1.837431
3150	-3426.619	-3594.594	167.975	1.599277	1.319174	0.3936828	1.839725
3156	-3414.279	-3581.988	167.7084	1.551652	1.319174	0.3999265	2.043237
3162	-3417.06	-3584.188	167.1282	1.533169	1.82277	0.3999265	2.200149
3168	-3421.747	-3589.424	167.6765	1.731769	1.82277	0.4716863	1.603128
3174	-3415.408	-3583.178	167.77	1.662988	1.533949	0.4716863	1.724657
3180	-3423.438	-3591.256	167.818	1.837488	1.94296	0.4716863	1.360514
3186	-3430.105	-3598.243	168.1381	1.999989	2.01815	0.4616727	0.8978245
3192	-3439.839	-3607.915	168.0757	1.854464	1.739378	0.5837118	1.083939
3198	-3443.405	-3611.242	167.8379	1.708006	1.821351	0.5837118	1.365004
3204	-3424.938	-3592.277	167.3382	1.532059	2.119105	0.4116232	1.931345
3210	-3428.214	-3594.986	166.7728	1.532059	2.018869	0.492578	2.246405
3216	-3422.689	-3589.022	166.3324	1.459655	1.726822	0.6274845	2.553989
3222	-3436.464	-3603.189	166.7249	1.457751	1.716625	0.5519044	2.383111
3228	-3439.365	-3604.628	165.2635	1.409764	2.482119	0.6073269	2.99261
3234	-3431.803	-3597.215	165.4112	1.355919	2.348367	0.5892974	2.99261
3240	-3440.35	-3606.616	166.2661	1.488916	2.096432	0.6401852	2.425212
3246	-3449.749	-3616.812	167.0632	1.629271	2.300743	0.4613799	1.923861
3252	-3435.352	-3602.368	167.0162	1.597348	2.300743	0.4953798	1.937939
3258	-3443.551	-3611.501	167.9504	1.777238	1.604011	0.4360839	1.521216
3264	-3445.004	-3612.084	167.0803	1.542686	1.940188	0.3558829	2.235245
3270	-3430.114	-3596.648	166.5337	1.51477	2.658889	0.4082293	2.293405
3276	-3428.977	-3595.453	166.4756	1.527406	2.658889	0.432628	2.293405
3282	-3444.849	-3611.109	166.2599	1.493197	2.324984	0.4456508	2.540051
3288	-3434.341	-3600.98	166.6394	1.479301	2.268083	0.418066	2.360874
3294	-3435.59	-3602.927	167.3368	1.479301	1.869973	0.4538403	2.01418
3300	-3428.1	-3595.614	167.514	1.682724	1.626487	0.4961853	1.814909
3306	-3434.859	-3602.954	168.0946	1.682724	1.177795	0.4736951	1.679313
3312	-3430.703	-3597.967	167.2639	1.551997	1.556956	0.385215	2.233976
3318	-3429.864	-3596.857	166.9922	1.517532	1.556956	0.5624799	2.233976
3324	-3434.764	-3601.896	167.1328	1.601967	2.061073	0.4575554	1.988235
3330	-3430.497	-3596.38	165.8831	1.403965	2.334952	0.5716117	2.697291
3336	-3424.335	-3590.63	166.2953	1.349933	1.689057	0.5858349	2.697291
3342	-3432.356	-3598.661	166.3049	1.479461	2.033324	0.5549011	2.507513
3348	-3422.689	-3589.274	166.5851	1.41334	2.033324	0.4657235	2.464616
3354	-3436.881	-3601.841	164.9605	1.407198	2.066032	0.4657235	3.436844
3360	-3426.914	-3592.763	165.8495	1.35406	2.165896	0.6253477	2.755824
3366	-3437.273	-3603.149	165.8764	1.374569	2.511971	0.6253477	2.616368
3372	-3434.741	-3600.765	166.0241	1.446834	2.033387	0.6253477	2.637627
3378	-3433.129	-3596.594	163.4654	1.083916	2.033387	0.6253477	4.348441
3384	-3423.442	-3588.306	164.8636	1.26602	2.033387	0.6302275	3.43727
3390	-3428.72	-3594.765	166.045	1.321729	2.07786	0.5647399	2.74045
3396	-3431.391	-3598.22	166.8293	1.466071	1.750671	0.5809819	2.269066
3402	-3435.178	-3602.705	167.5269	1.73568	1.715826	0.3964563	1.851063
3408	-3443.354	-3610.924	167.5708	1.748986	1.709796	0.5164636	1.665699
3414	-3433.55	-3600.271	166.7206	1.459273	1.624491	0.50867	2.467262
3420	-3432.035	-3598.586	166.5511	1.410534	2.301508	0.50867	2.34894
3426	-3432.853	-3599.762	166.9089	1.31065	1.719889	0.4813452	2.430473
3432	-3421.458	-3587.153	165.6951	1.31065	1.941608	0.5520669	3.018836
3438	-3422.25	-3586.573	164.3229	1.232298	2.281913	0.5633562	3.747816
3444	-3426.771	-3591.469	164.6984	1.259777	2.088145	0.5633562	3.575888
3450	-3425.626	-3590.263	164.6373	1.319146	2.049691	0.8624151	3.363421
3456	-3433.921	-3599.713	165.7913	1.338185	1.894551	0.5879833	2.929024
3462	-3421.573	-3587.403	165.8296	1.288245	2.027654	0.5266261	2.944962
3468	-3419.797	-3585.902	166.1048	1.34308	2.049656	0.4437137	2.822391
3474	-3438.537	-3603.674	165.1365	1.290167	2.272615	0.5138888	3.287957
3480	-3435.876	-3601.129	165.2535	1.273295	1.975137	0.647127	3.209742
3486	-3445.248	-3609.85	164.6019	1.138302	1.975137	0.7889926	3.564685
3492	-3423.942	-3588.841	164.8994	1.236247	1.994931	0.6818298	3.405658
3498	-3429.49	-3594.373	164.8826	1.354441	1.994931	0.6636081	3.360478
3504	-3423.17	-3587.697	164.5263	1.151894	1.994931	0.5039705	3.823168
3510	-3428.214	-3592.534	164.3199	1.252002	2.132844	0.5790573	3.771212
3516	-3428.543	-3593.134	164.591	1.197076	2.213993	0.5790573	3.620432
3522	-3436.354	-3600.145	163.7909	1.237474	2.503605	0.5790573	3.972022
3528	-3437.188	-3601.12	163.9324	1.124818	2.249988	0.5290686	4.073652
3534	-3425.855	-3589.388	163.5334	1.215641	2.095389	0.4735427	4.348718
3540	-3420.222	-3583.893	163.6715	1.227338	2.462575	0.6450847	4.003516
3546	-3422.124	-3586.621	164.4974	1.265914	2.462575	0.5574555	3.57888
3552	-3420.299	-3586.345	166.0452	1.354524	2.515336	0.5297898	2.611757
3558	-3424.55	-3591.111	166.5611	1.413633	1.850737	0.4745635	2.53846
3564	-3429.581	-3596.244	166.6636	1.466055	2.125515	0.4745635	2.338985
3570	-3425.353	-3591.833	166.4805	1.495337	2.125515	0.5703726	2.338985
3576	-3431.719	-3597.739	166.0205	1.381518	2.10533	0.4414807	2.83347
3582	-3434.526	-3600.705	166.1793	1.396161	2.090659	0.4414807	2.732803
3588	-3425.888	-3591.328	165.4404	1.398451	1.799418	0.4414807	3.279744
3594	-3427.731	-3593.707	165.9758	1.284769	1.799418	0.4414807	3.029124
3600	-3422.987	-3589.29	166.3031	1.426822	1.799418	0.5117379	2.671512
3606	-3429.964	-3596.521	166.5572	1.451408	1.589931	0.6603364	2.448445
3612	-3436.046	-3601.712	165.6658	1.336684	2.336054	0.4373568	3.003792
3618	-3422.589	-3588.926	166.3367	1.33237	2.028679	0.4373568	2.701778
3624	-3428.706	-3594.775	166.0688	1.417869	2.028679	0.5688141	2.68048
3630	-3438.461	-3603.233	164.7715	1.343609	1.849326	0.5953196	3.539443
3636	-3425.696	-3590.402	164.7053	1.449074	2.370868	0.7215829	3.242902
3642	-3441.077	-3605.568	164.4908	1.402518	2.310111	0.91806	3.280767
3648	-3423.599	-3587.924	164.3249	1.231134	2.310111	0.6397817	3.674659
3654	-3436.79	-3601.05	164.2602	1.209246	2.203595	0.5575056	3.826582
3660	-3428.163	-3593.229	165.066	1.179158	2.34713	0.4932844	3.391692
3666	-3435.673	-3600.443	164.7698	1.343143	1.97815	0.7253508	3.391692
3672	-3430.973	-3597.047	166.0739	1.382478	2.24513	0.2834403	2.952452
3678	-3434.491	-3599.524	165.0333	1.140757	2.286166	0.2885223	3.6878
3684	-3440.322	-3606.27	165.9482	1.321792	2.013651	0.2885223	3.134076
3690	-3435.394	-3601.954	166.5607	1.43987	1.962986	0.2885223	2.711256
3696	-3433.016	-3600.096	167.0792	1.537548	1.962986	0.2854853	2.331277
3702	-3442.765	-3609.191	166.4259	1.527455	1.629741	0.5548754	2.56074
3708	-3450.28	-3615.453	165.1725	1.312221	1.903281	0.5548754	3.339218
3714	-3438.116	-3603.674	165.5577	1.265049	2.39736	0.431283	3.099079
3720	-3449.571	-3616.881	167.3098	1.667599	1.800315	0.3855133	2.020799
3726	-3441.88	-3609.279	167.3982	1.594695	1.800315	0.3777485	2.020799
3732	-3446.092	-3612.634	166.542	1.527132	2.120095	0.4089157	2.453982
3738	-3450.428	-3616.972	166.5437	1.516843	1.826998	0.426623	2.547324
3744	-3436.569	-3603.078	166.5098	1.403458	2.12091	0.375394	2.591755
3750	-3441.317	-3606.973	165.6564	1.429211	2.001961	0.6142529	2.893639
3756	-3460.701	-3627.142	166.4406	1.477298	2.001961	0.6142529	2.37977
3762	-3431.186	-3597.451	166.2651	1.515671	2.604981	0.4700846	2.40847
3768	-3434.031	-3600.521	166.4902	1.53912	2.17289	0.4700846	2.390891
3774	-3440.314	-3607.177	166.8626	1.49161	2.17289	0.4700846	2.18295
3780	-3428.474	-3595.244	166.7699	1.484588	2.17289	0.5303435	2.18295
3786	-3428.276	-3595.538	167.2623	1.584427	1.619311	0.6451563	1.903713
3792	-3427.659	-3595.187	167.5274	1.540367	1.619311	0.4119379	2.006693
3798	-3425.949	-3592.976	167.0262	1.536452	1.619311	0.5582953	2.175541
3804	-3449.986	-3616.975	166.9893	1.623923	2.022136	0.3812793	2.176798
3810	-3434.01	-3600.662	166.6516	1.500944	1.784413	0.4131234	2.522599
3816	-3441.14	-3606.776	165.6362	1.312566	1.784413	0.4424362	3.219458
3822	-3448.553	-3613.36	164.8072	1.268865	1.648428	0.5522474	3.675742
3828	-3434.75	-3600.132	165.3817	1.322579	1.991352	0.5522474	3.180783
3834	-3441.745	-3607.501	165.7555	1.323793	1.949821	0.6106893	2.919192
3840	-3436.329	-3602.277	165.9487	1.329509	1.882499	0.507458	2.919192
3846	-3439.521	-3604.79	165.2694	1.320467	2.125961	0.4689718	3.283142
3852	-3444.675	-3610.408	165.7334	1.337745	2.296371	0.5589693	2.852975
3858	-3440.818	-3608.307	167.4897	1.661515	1.89329	0.3962576	1.850264
3864	-3428.986	-3596.191	167.2045	1.486357	2.447943	0.360926	2.002126
3870	-3428.786	-3594.585	165.7984	1.551113	2.69548	0.360926	2.776838
3876	-3430.648	-3597.329	166.6816	1.596334	2.368697	0.5041849	2.127529
3882	-3432.244	-3598.221	165.9767	1.55629	2.368697	0.6456424	2.467912
3888	-3431.235	-3598.238	167.0022	1.810001	2.53978	0.5340228	1.673672
3894	-3435.809	-3602.595	166.7858	1.705408	2.53978	0.5340228	1.896716
3900	-3428.282	-3595.639	167.357	1.631378	2.05033	0.4751254	1.799296
3906	-3435.962	-3603.651	167.6892	1.679774	1.933886	0.5148616	1.528692
3912	-3444.124	-3610.467	166.3435	1.702003	2.004028	0.647218	2.268225
3918	-3436.113	-3602.897	166.784	1.503746	2.004028	0.493819	2.261596
3924	-3450.782	-3616.803	166.0208	1.330652	1.797491	0.5275855	2.88751
3930	-3445.824	-3609.989	164.1654	1.297928	2.406865	0.7344454	3.627067
3936	-3445.447	-3609.345	163.8975	1.185883	1.886632	0.6298887	4.091477
3942	-3444.654	-3608.328	163.6749	1.143078	1.992472	0.7006478	4.151941
3948	-3435.218	-3600.087	164.8688	1.169144	1.747146	0.5958389	3.621737
3954	-3430.472	-3595.68	165.208	1.327774	1.844152	0.5382215	3.345892
3960	-3438.143	-3603.082	164.9389	1.342177	1.844152	0.7185581	3.345892
3966	-3429.335	-3593.679	164.344	1.194831	2.569698	0.6113518	3.632423
3972	-3432.435	-3597.038	164.6029	1.228759	2.210868	0.5725728	3.601786
3978	-3430.821	-3595.318	164.4969	1.236525	2.278087	0.5661906	3.64345
3984	-3428.408	-3593.934	165.5259	1.15403	2.023072	0.451412	3.282761
3990	-3430.748	-3596.101	165.3532	1.260145	2.102729	0.6325164	3.126649
3996	-3427.741	-3592.65	164.909	1.257923	2.186346	0.6325164	3.363097
4002	-3418.25	-3582.345	164.0944	1.291084	2.060771	0.6325164	3.857544
4008	-3431.852	-3596.134	164.2823	1.180803	2.172076	0.7674988	3.675301
4014	-3435.335	-3601.583	166.2482	1.481018	2.172076	0.7674988	2.31008
4020	-3448.176	-3614.882	166.7052	1.408926	2.062671	0.5331869	2.31008
4026	-3433.529	-3598.958	165.4292	1.250968	2.059072	0.5331869	3.189375
4032	-3435.756	-3601.056	165.3001	1.205788	1.930693	0.5331869	3.336837
4038	-3431.08	-3596.107	165.0274	1.236684	1.639685	0.5331869	3.587408
4044	-3430.672	-3597.118	166.4454	1.336741	1.639685	0.3997458	2.825127
4050	-3436.314	-3602.77	166.4561	1.350254	1.887352	0.4653165	2.638639
4056	-3436.893	-3602.444	165.5516	1.426062	2.584156	0.4653165	2.914466
4062	-3431.722	-3597.43	165.7076	1.38757	2.027291	0.510377	2.974482
4068	-3438.737	-3603.978	165.2412	1.465137	1.87697	0.510377	3.259615
4074	-3436.844	-3603.126	166.2818	1.375152	1.695655	0.3647299	2.920134
4080	-3439.031	-3602.571	163.5398	1.116801	2.220141	0.6220521	4.231219
4086	-3436.036	-3601.477	165.4417	1.302523	2.220141	0.485344	3.144501
4092	-3430.646	-3596.169	165.5239	1.221143	2.218728	0.485344	3.144501
4098	-3428.163	-3593.828	165.6651	1.226458	2.199709	0.485344	3.063299
4104	-3425.335	-3590.76	165.4249	1.323877	2.199709	0.5752395	3.063299
4110	-3425.463	-3591.217	165.7543	1.256121	2.117351	0.3406581	3.182958
4116	-3431.71	-3598.08	166.3695	1.553797	2.719675	0.3406581	2.441342
4122	-3428.985	-3595.458	166.4727	1.492555	2.80228	0.3048856	2.441342
4128	-3441.658	-3608.24	166.582	1.380971	1.86958	0.446436	2.569095
4134	-3439.088	-3605.133	166.0455	1.506075	2.638154	0.4898983	2.521227
4140	-3435.147	-3601.35	166.2033	1.393742	2.638154	0.4640857	2.520371
4146	-3437.952	-3603.822	165.87	1.370186	1.929742	0.4640857	2.968867
4152	-3442.074	-3609.885	167.8104	1.758265	1.749929	0.3503302	1.687055
4158	-3432.266	-3600.579	168.3133	1.940748	1.749929	0.3839231	1.093037
4164	-3444.635	-3610.98	166.3452	1.351647	1.945855	0.5183018	2.629603
4170	-3440.594	-3608.047	167.453	1.784231	2.814835	0.399144	1.439041
4176	-3426.57	-3594.081	167.511	1.784231	2.028108	0.399144	1.689991
4182	-3442.929	-3608.818	165.889	1.535106	1.825826	0.5352741	2.825182
4188	-3434.964	-3601.027	166.0625	1.545639	2.411953	0.5352741	2.508782
4194	-3437.03	-3603.84	166.8098	1.566612	2.446953	0.555767	1.982107
4200	-3439.783	-3606.738	166.9551	1.727112	2.127127	0.7229389	1.72883
4206	-3438.876	-3605.675	166.7988	1.545148	2.429082	0.5440637	2.021754
4212	-3438.516	-3606.082	167.5659	1.761253	1.871283	0.4053547	1.725364
4218	-3445.142	-3612.773	167.6312	1.695872	2.144767	0.4392841	1.565081
4224	-3434.852	-3602.339	167.4871	1.662211	1.75803	0.4347728	1.860385
4230	-3438.038	-3605.195	167.1571	1.595714	2.418681	0.4392841	1.868333
4236	-3440.444	-3607.414	166.9696	1.700364	2.526326	0.4258758	1.905043
4242	-3436.943	-3603.397	166.454	1.392697	2.041958	0.509399	2.510465
4248	-3437.595	-3605.339	167.7436	1.651468	1.48704	0.3604301	1.918807
4254	-3438.64	-3606.341	167.7012	1.646378	1.732832	0.3604301	1.834518
4260	-3435.481	-3603.325	167.8441	1.624904	1.475541	0.4337257	1.776444
4266	-3433.485	-3600.815	167.3297	1.715386	2.166279	0.4916709	1.694276
4272	-3434.916	-3602.895	167.9791	1.832696	2.060458	0.4505883	1.206094
4278	-3429.504	-3597.477	167.9723	1.884827	2.060458	0.4505883	1.166916
4284	-3429.907	-3597.892	167.9847	1.720675	1.680459	0.4709662	1.451995
4290	-3439.192	-3604.963	165.7711	1.445504	1.806019	0.4532213	3.040419
4296	-3441.174	-3606.897	165.7235	1.24842	2.359407	0.3593824	3.105067
4302	-3434.835	-3602.875	168.0399	2.039295	2.050243	0.3726573	1.105656
4308	-3427.219	-3595.563	168.3438	2.039295	1.62988	0.3726573	1.06871
4314	-3431.572	-3599.745	168.1731	1.956811	1.62988	0.4227002	1.208169
4320	-3444.055	-3612.045	167.99	1.952699	1.965661	0.4227002	1.184706
4326	-3432.95	-3601.337	168.387	1.963987	1.448415	0.4227002	1.129253
4332	-3436.093	-3604.138	168.0447	1.743607	1.849	0.3882208	1.421441
4338	-3414.1	-3582.129	168.0291	1.743607	1.491197	0.3882208	1.61392
4344	-3415.199	-3583.153	167.9541	1.728133	1.617842	0.3882208	1.61392
4350	-3410.35	-3578.161	167.8117	1.728133	1.902582	0.3882208	1.582997
4356	-3414.442	-3582.305	167.8629	1.633911	1.746137	0.3112578	1.799077
4362	-3427.074	-3594.742	167.668	1.642913	1.6984	0.4766773	1.724298
4368	-3437.024	-3604.608	167.584	1.703145	1.6984	0.5310035	1.677762
4374	-3437.77	-3604.076	166.3055	1.435286	2.384371	0.553034	2.416991
4380	-3443.152	-3607.954	164.8016	1.205286	2.322769	0.4316558	3.600878
4386	-3430.466	-3596.299	165.8324	1.355253	2.201748	0.4377701	2.934892
4392	-3436.496	-3602.342	165.8456	1.355253	1.836238	0.4377701	3.054949
4398	-3425.973	-3591.929	165.9563	1.358842	1.989886	0.6366522	2.73922
4404	-3418.619	-3584.565	165.9458	1.373614	1.989886	0.5212977	2.841574
4410	-3431.714	-3597.471	165.7575	1.441258	2.317163	0.4844856	2.841574
4416	-3440.078	-3606.508	166.4301	1.431166	2.317163	0.4605914	2.458408
4422	-3441.966	-3609.347	167.381	1.673854	1.88502	0.4421396	1.861052
4428	-3436.366	-3604.148	167.7817	1.710265	2.228652	0.3214846	1.583451
4434	-3442.103	-3609.78	167.6769	1.756603	2.335271	0.3214846	1.584974
4440	-3435.568	-3603.218	167.6507	1.733036	2.335271	0.3601925	1.560603
4446	-3438.551	-3606.275	167.7233	1.765889	1.685534	0.4982337	1.576484
4452	-3433.217	-3600.6	167.3831	1.638691	1.685534	0.4982337	1.904772
4458	-3428.549	-3596.498	167.9491	1.720245	1.685534	0.4144106	1.552778
4464	-3434.549	-3602.452	167.903	1.761311	1.685534	0.4006633	1.5757
4470	-3436.899	-3604.789	167.8893	1.7207	1.685534	0.3919872	1.627388
4476	-3427.872	-3596.171	168.2988	1.901718	1.632061	0.3571019	1.255875
4482	-3434.912	-3602.826	167.9141	1.901718	1.986129	0.3571019	1.384327
4488	-3431.275	-3599.13	167.8549	1.773919	1.986129	0.4512889	1.389263
4494	-3420.599	-3586.77	166.1703	1.439431	1.876605	0.5471351	2.681118
4500	-3436.828	-3604.804	167.9758	1.857168	2.0541	0.3883133	1.288599
4506	-3436.454	-3604.54	168.0866	1.824864	2.0541	0.3609016	1.269445
4512	-3437.356	-3602.455	165.0992	1.390381	2.228523	0.5888028	3.19622
4518	-3451.376	-3616.833	165.4576	1.243266	2.619542	0.3400979	3.214001
4524	-3447.579	-3615.007	167.4279	1.727535	2.356019	0.5459024	1.47583
4530	-3441.381	-3609.057	167.6755	1.853189	1.933594	0.5199773	1.401286
4536	-3445.618	-3613.079	167.4609	1.82189	2.377252	0.5199773	1.401286
4542	-3445.705	-3613.332	167.627	1.761092	2.105292	0.4298134	1.549095
4548	-3431.077	-3598.597	167.5203	1.71732	1.671049	0.4298134	1.845578
4554	-3432.047	-3600.132	168.085	1.860983	1.671049	0.4298134	1.326109
4560	-3426.38	-3594.281	167.9012	1.804066	1.726595	0.3051265	1.671543
4566	-3435.627	-3603.15	167.5226	1.829924	2.002202	0.4579481	1.581649
4572	-3435.957	-3603.187	167.2303	1.829924	2.381147	0.4579481	1.643342
4578	-3441.926	-3609.1	167.1742	1.720616	2.303844	0.4975556	1.741208
4584	-3440.165	-3607.404	167.2386	1.52607	2.301181	0.4393102	1.901357
4590	-3431.107	-3598.469	167.3622	1.613933	2.301181	0.5473961	1.6275
4596	-3428.502	-3596.407	167.9054	1.827229	1.804924	0.4136037	1.448011
4602	-3439.707	-3607.595	167.888	1.697571	1.804924	0.4967773	1.448011
4608	-3441.106	-3608.937	167.8307	1.849061	1.804924	0.4422702	1.448011
4614	-3438.728	-3606.655	167.927	1.72514	1.818676	0.4528964	1.448011
4620	-3441.423	-3609.432	168.0084	1.72514	1.818676	0.3635579	1.515017
4626	-3440.57	-3608.652	168.0821	1.807733	2.229247	0.3134727	1.29144
4632	-3430.249	-3598.173	167.9244	1.744267	2.190289	0.3587867	1.405992
4638	-3429.354	-3596.351	166.9971	1.447929	2.210808	0.3587867	2.246567
4644	-3416.384	-3582.082	165.6978	1.400775	2.378957	0.487952	2.879367
4650	-3424.964	-3591.322	166.3578	1.382351	2.119921	0.487952	2.571323
4656	-3425.756	-3590.416	164.6603	1.137178	1.778515	0.5845264	3.758672
4662	-3417.371	-3581.622	164.2505	1.309226	2.163158	0.5845264	3.763909
4668	-3431.048	-3595.671	164.6234	1.209366	2.47007	0.5166615	3.573652
4674	-3431.705	-3596.714	165.0091	1.395514	1.928193	0.6952528	3.260442
4680	-3439.643	-3603.731	164.0878	1.302553	2.0942	0.7356746	3.765125
4686	-3431.064	-3597.323	166.2591	1.411583	1.981175	0.4503945	2.703447
4692	-3434.493	-3600.425	165.9314	1.343215	1.981175	0.6770925	2.733432
4698	-3434.767	-3600.514	165.7471	1.333836	1.967936	0.6770925	2.856156
4704	-3439.321	-3604.713	165.3916	1.210993	2.736528	0.4939912	3.06754
4710	-3435.579	-3600.482	164.9036	1.272946	2.540888	0.524506	3.345016
4716	-3441.098	-3605.227	164.1293	1.15364	2.17328	0.5946425	3.911263
4722	-3444.872	-3609.699	164.8274	1.208055	2.441778	0.4838262	3.495483
4728	-3446.896	-3611.543	164.6477	1.2736	2.022141	0.5267542	3.652333
4734	-3432.709	-3599.03	166.3205	1.498943	1.928385	0.4693017	2.610844
4740	-3432.82	-3599.525	166.7053	1.578183	2.442161	0.4693017	2.137976
4746	-3434.16	-3600.248	166.0877	1.504055	2.227559	0.5121046	2.601881
4752	-3433.887	-3600.957	167.0702	1.504055	1.890235	0.3922848	2.238896
4758	-3435.697	-3602.873	167.1762	1.573699	1.951572	0.3922848	2.100631
4764	-3428.539	-3595.15	166.6112	1.495797	1.951572	0.4844574	2.406374
4770	-3434.221	-3600.76	166.5389	1.320845	1.951572	0.4844574	2.561177
4776	-3440.095	-3605.786	165.6908	1.313243	2.220727	0.3632191	3.124801
4782	-3441.808	-3606.757	164.9485	1.351666	2.220727	0.3432409	3.563339
4788	-3427.882	-3593.285	165.4029	1.334477	2.091272	0.4898321	3.186395
4794	-3420.89	-3586.55	165.6599	1.332511	1.911981	0.45368	3.134371
4800	-3430.695	-3596.749	166.0542	1.33595	1.839935	0.4484632	2.928402
4806	-3432.838	-3596.771	163.933	1.233786	2.730268	0.373939	4.03361
4812	-3427.764	-3593.454	165.6893	1.312541	2.587402	0.3844933	2.989152
4818	-3427.96	-3593.652	165.6917	1.309974	2.12012	0.5203105	2.989152
4824	-3434.993	-3601.677	166.6839	1.453535	2.137511	0.4730292	2.331505
4830	-3430.78	-3597.073	166.2928	1.432658	1.946229	0.4730292	2.658254
4836	-3428.26	-3594.137	165.8766	1.458334	2.431106	0.4730292	2.734924
4842	-3439.739	-3603.893	164.1537	1.143149	1.939365	0.5207453	4.044897
4848	-3438.689	-3604.06	165.3705	1.195523	2.064588	0.5207453	3.266794
4854	-3435.657	-3600.601	164.9439	1.130642	2.233035	0.4604637	3.559227
4860	-3441.466	-3606.509	165.0425	1.18613	2.076999	0.4853984	3.494754
4866	-3435.471	-3598.966	163.4951	1.084066	2.295887	0.422368	4.434469
4872	-3436.866	-3600.912	164.0458	1.299886	2.738235	0.422368	3.875463
4878	-3438.293	-3601.442	163.1489	1.055435	2.738235	0.4772849	4.468473
4884	-3427.938	-3593.597	165.6581	1.343708	2.738235	0.3676866	2.967087
4890	-3429.929	-3595.743	165.8137	1.309836	1.984381	0.515916	2.967087
4896	-3430.81	-3596.34	165.5294	1.344343	2.016683	0.4458388	3.17616
4902	-3431.957	-3599.497	167.5399	1.621685	1.384436	0.464719	1.995391
4908	-3427.089	-3594.775	167.686	1.583128	1.384436	0.464719	1.923204
4914	-3431.046	-3598.71	167.6638	1.648581	1.560845	0.403085	1.880942
4920	-3423.711	-3590.732	167.0212	1.648581	2.039741	0.4378329	2.062881
4926	-3426.675	-3593.682	167.007	1.537729	1.863238	0.3427188	2.333182
4932	-3427.965	-3594.744	166.7788	1.530061	1.863238	0.4283065	2.375336
4938	-3437.993	-3604.756	166.7624	1.580739	2.043921	0.5638734	2.138675
4944	-3441.137	-3607.825	166.6886	1.664267	2.043921	0.6149985	2.08296
4950	-3429.544	-3596.776	167.232	1.677348	2.043921	0.6066061	1.712962
4956	-3426.164	-3593.177	167.0125	1.564888	2.043921	0.6066061	1.941551
4962	-3424.821	-3592.056	167.2351	1.562109	2.043921	0.4672915	1.941551
4968	-3434.934	-3602.729	167.7951	1.725043	2.395157	0.329736	1.484382
4974	-3438.183	-3605.531	167.3478	1.691314	2.395157	0.329736	1.829349
4980	-3433.518	-3599.942	166.4246	1.599529	2.109156	0.679956	2.214657
4986	-3421.132	-3588.241	167.1091	1.618271	1.904121	0.679956	1.826766
4992	-3434.848	-3601.521	166.6729	1.585014	1.920495	0.679956	2.134355
4998	-3441.992	-3609.012	167.0203	1.503301	1.838334	0.4718721	2.198284
5004	-3440.591	-3607.898	167.3074	1.525442	2.141446	0.5206336	1.819038
5010	-3429.518	-3596.355	166.8364	1.700241	1.878742	0.5206336	2.120702
5016	-3423.08	-3590.809	167.7287	1.697939	1.67285	0.3635178	1.803178
5022	-3424.517	-3592.824	168.3076	1.83913	1.488938	0.3666297	1.365936
5028	-3431.403	-3599.535	168.1314	1.701724	1.394687	0.3666297	1.654194
5034	-3436.124	-3603.53	167.406	1.642291	1.419946	0.64413	1.866213
5040	-3424.781	-3591.723	166.9414	1.575203	1.728235	0.552504	2.163522
5046	-3435.966	-3602.317	166.3518	1.406526	1.739083	0.6619423	2.540353
5052	-3437.786	-3604.554	166.7682	1.513566	1.739083	0.4872234	2.376964
5058	-3436.156	-3602.896	166.7399	1.563415	1.739083	0.4872234	2.363294
5064	-3431.062	-3598.218	167.1561	1.574621	1.739083	0.4200651	2.165344
5070	-3446.14	-3610.665	164.5242	1.225299	2.168819	0.5818071	3.654769
5076	-3443.032	-3607.883	164.8515	1.216231	2.368013	0.5728756	3.415532
5082	-3430.239	-3596.929	166.69	1.496175	2.116371	0.5592346	2.218323
5088	-3439.605	-3606.382	166.777	1.536168	2.130516	0.522829	2.167888
5094	-3426.504	-3591.728	165.2246	1.341142	2.130516	0.7766807	3.034078
5100	-3430.273	-3594.962	164.6891	1.07502	1.595895	0.5365775	3.890439
5106	-3434.211	-3598.876	164.6646	1.184886	2.064921	0.5365775	3.670645
5112	-3438.778	-3603.409	164.6309	1.134269	1.742353	0.4967521	3.869947
5118	-3426.315	-3592.049	165.7344	1.332829	1.742353	0.4967521	3.109541
5124	-3434.853	-3599.647	164.7933	1.247075	2.043939	0.6172556	3.496565
5130	-3433.774	-3598.832	165.0581	1.287367	1.986638	0.6172556	3.337412
5136	-3431.334	-3596.37	165.036	1.491686	1.823024	0.6172556	3.288891
5142	-3435.131	-3601.363	166.2314	1.363907	1.904545	0.5466271	2.679941
5148	-3428.583	-3595.415	166.8322	1.386286	1.904545	0.4392138	2.403875
5154	-3438.919	-3604.517	165.5986	1.303122	1.904545	0.6585149	3.002323
5160	-3432.27	-3597.846	165.5761	1.190876	1.841557	0.6585149	3.106112
5166	-3430.393	-3595.625	165.2312	1.20693	2.184991	0.5839452	3.244948
5172	-3422.478	-3588.227	165.7499	1.27622	1.648837	0.4334472	3.23639
5178	-3433.92	-3598.333	164.4129	1.16653	1.648837	0.4081627	4.101764
5184	-3433.998	-3597.655	163.6573	1.128537	2.036738	0.5507473	4.275821
5190	-3438.276	-3603.143	164.8668	1.271504	2.036738	0.513941	3.533384
5196	-3437.601	-3601.826	164.2253	1.048394	2.172796	0.5269902	3.975838
5202	-3442.223	-3609.477	167.2537	1.658986	1.868577	0.5468034	1.845695
5208	-3440.633	-3607.737	167.1042	1.623213	1.868577	0.5468034	1.971217
5214	-3447.605	-3613.933	166.3275	1.419161	2.209296	0.6496155	2.382839
5220	-3450.26	-3613.985	163.7249	1.046252	1.885123	0.768205	4.166977
5226	-3457.535	-3621.1	163.5652	1.118545	1.987552	0.7895754	4.166977
5232	-3443.09	-3606.704	163.6135	1.258147	2.013874	0.9308635	3.960775
5238	-3429.708	-3595.086	165.3786	1.24738	2.013874	0.4786137	3.289805
5244	-3441.125	-3606.609	165.4841	1.257516	2.060559	0.5184544	3.166375
5250	-3428.643	-3593.467	164.824	1.312284	2.060559	0.5184544	3.522322
5256	-3424.396	-3589.009	164.6132	1.335054	2.060559	0.6198137	3.542547
5262	-3432.328	-3597.278	164.95	1.273607	2.365187	0.4519816	3.440425
5268	-3427.576	-3592.644	165.0679	1.2578	2.154012	0.4519816	3.446564
5274	-3434.25	-3600.226	165.9762	1.469798	2.154012	0.4362576	2.795912
5280	-3432.562	-3598.081	165.5193	1.189168	2.013159	0.3971662	3.32854
5286	-3447.056	-3611.763	164.707	1.243628	2.013159	0.4906036	3.6726
5292	-3433.497	-3597.71	164.2124	1.257622	2.411943	0.4906036	3.825024
5298	-3448.19	-3613.497	165.3066	1.28985	1.869359	0.5500396	3.290092
5304	-3424.298	-3590.169	165.8712	1.367884	2.289747	0.4211922	2.893791
5310	-3421.021	-3586.877	165.8562	1.355175	2.07013	0.523513	2.876724
5316	-3428.791	-3593.954	165.1632	1.333725	1.877777	0.523513	3.370101
5322	-3426.595	-3591.406	164.8106	1.200645	2.144183	0.4148058	3.672148
5328	-3428.516	-3593.451	164.9347	1.309152	1.864759	0.6050997	3.450435
5334	-3425.785	-3592.223	166.4376	1.422868	1.95488	0.5843186	2.460965
5340	-3430.856	-3597.018	166.1619	1.394679	1.95488	0.5564737	2.675735
5346	-3425.948	-3592.472	166.5238	1.484819	1.95488	0.5564737	2.394087
5352	-3420.64	-3587.025	166.3849	1.523571	3.064958	0.5564737	2.104518
5358	-3430.389	-3597.554	167.1655	1.599176	2.382798	0.5564737	1.737928
5364	-3431.491	-3597.561	166.0698	1.294039	1.785842	0.4079906	3.009592
5370	-3439.858	-3607.042	167.1844	1.613238	1.830583	0.4420844	2.056599
5376	-3424.468	-3591.266	166.7978	1.532223	2.314799	0.4420844	2.181324
5382	-3432.784	-3599.121	166.3362	1.446807	1.741802	0.5043723	2.669202
5388	-3437.87	-3604.209	166.3387	1.527373	1.72223	0.3145844	2.848256
5394	-3425.354	-3591.386	166.0327	1.411466	2.159031	0.5536164	2.675496
5400	-3420.521	-3587.457	166.9352	1.557882	2.004976	0.405775	2.2301
5406	-3430.231	-3596.614	166.3834	1.517778	2.004976	0.405775	2.603488
5412	-3427.034	-3593.78	166.7457	1.414863	1.825757	0.5129436	2.391555
5418	-3434.78	-3601.412	166.6322	1.524876	1.825757	0.4686114	2.440577
5424	-3444.218	-3611.9	167.6826	1.699216	2.343023	0.3733814	1.539166
5430	-3435.966	-3603.141	167.1748	1.559026	2.218955	0.4170609	1.979206
5436	-3432.37	-3598.744	166.374	1.485494	1.929721	0.4170609	2.643655
5442	-3432.335	-3598.144	165.8093	1.372229	2.506261	0.5008424	2.777191
5448	-3426.836	-3592.053	165.2166	1.255962	2.456726	0.5008424	3.217528
5454	-3427.722	-3593.297	165.5745	1.437039	2.187201	0.5596692	2.923783
5460	-3429.266	-3595.452	166.1851	1.396553	2.310854	0.5381627	2.554874
5466	-3430.916	-3597.031	166.1146	1.47924	1.965217	0.4161863	2.794382
5472	-3427.536	-3594.396	166.86	1.540845	1.903379	0.5228771	2.196889
5478	-3425.36	-3590.819	165.4585	1.385373	1.945155	0.5228771	3.141571
5484	-3430.848	-3596.383	165.535	1.45297	1.945155	0.3924315	3.19266
5490	-3429.174	-3594.202	165.0281	1.149686	1.587501	0.3924315	3.800884
5496	-3433.385	-3599.038	165.6531	1.330264	2.125634	0.3628376	3.168605
5502	-3440.824	-3606.533	165.7083	1.34564	2.273525	0.5121324	2.91537
5508	-3435.104	-3601.17	166.0663	1.359217	2.273525	0.4427416	2.761825
5514	-3440.787	-3607.932	167.1444	1.561958	1.802901	0.4243924	2.149147
5520	-3435.104	-3600.983	165.8786	1.430507	2.55111	0.5278943	2.6588
5526	-3436.535	-3603.258	166.7234	1.555235	1.88971	0.562784	2.240928
5532	-3420.759	-3587.804	167.0453	1.512376	1.685963	0.4964715	2.213198
5538	-3417.14	-3584.491	167.351	1.461978	1.547372	0.4040376	2.216688
5544	-3426.312	-3593.077	166.7655	1.455524	1.874204	0.3216038	2.561316
5550	-3420.677	-3587.325	166.6476	1.50775	2.003156	0.4241543	2.423913
5556	-3442.122	-3608.541	166.4186	1.55121	2.131534	0.3751985	2.55319
5562	-3434.147	-3600.871	166.7242	1.502414	1.589597	0.4616343	2.502957
5568	-3427.633	-3594.47	166.837	1.441373	2.070489	0.4616343	2.27822
5574	-3422.737	-3589.405	166.668	1.43977	1.753523	0.546463	2.420415
5580	-3421.311	-3587.436	166.1251	1.329813	1.753523	0.5404368	2.829656
5586	-3424.606	-3589.405	164.7991	1.175628	1.929331	0.6354173	3.559275
5592	-3439.195	-3603.519	164.3236	1.206039	2.271564	0.4393213	3.883836
5598	-3446.468	-3612.561	166.0934	1.166649	1.529027	0.3540745	3.239364
5604	-3431.972	-3596.506	164.5345	1.216711	2.228162	0.3540745	3.864985
5610	-3437.223	-3602.996	165.7726	1.374222	2.59781	0.4939169	2.778393
5616	-3427.231	-3592.751	165.5197	1.396298	1.826614	0.5297705	3.135461
5622	-3423.178	-3588.831	165.6529	1.331057	1.826614	0.6641431	2.977331
5628	-3423.825	-3587.781	163.9562	1.33013	1.826614	0.8351324	3.848377
5634	-3428.575	-3593.223	164.6484	1.258184	1.763602	0.7048965	3.604802
5640	-3425.591	-3590.929	165.3382	1.314487	2.046494	0.4113661	3.334003
5646	-3418.406	-3584.105	165.6987	1.272731	1.85672	0.4539043	3.166818
5652	-3420.723	-3585.596	164.8729	1.297096	2.072087	0.6522979	3.382656
5658	-3416.19	-3579.783	163.5934	1.207596	1.879024	0.5665198	4.306843
5664	-3414.085	-3577.277	163.1926	1.207042	2.089966	0.7714587	4.306843
5670	-3426.729	-3591.144	164.415	1.091631	2.307698	0.6158278	3.723459
5676	-3435.965	-3599.985	164.0199	1.107348	2.329368	0.61155	3.938645
5682	-3434.314	-3599.025	164.7109	1.249737	2.020492	0.6415461	3.531064
5688	-3445.801	-3611.325	165.5236	1.330307	1.845435	0.5217214	3.17296
5694	-3437.132	-3602.508	165.3757	1.32786	2.098622	0.5217214	3.17296
5700	-3434.755	-3597.556	162.8013	1.224051	1.935242	0.978021	4.439928
5706	-3429.765	-3594.042	164.2769	1.255309	2.287534	0.9154413	3.501146
5712	-3416.635	-3581.609	164.9731	1.262328	2.013274	0.6188916	3.391508
5718	-3418.841	-3583.973	165.1319	1.135068	2.137135	0.5314668	3.408508
5724	-3421.562	-3585.882	164.3203	1.22295	1.804075	0.5314668	3.942098
5730	-3435.459	-3601.257	165.7988	1.3875	1.982727	0.5664698	2.882146
5736	-3438.607	-3604.972	166.3655	1.387452	2.013958	0.5404961	2.548003
5742	-3428.358	-3592.983	164.6248	1.178501	2.193119	0.4879575	3.70165
5748	-3438.989	-3603.127	164.138	1.14506	2.193119	0.4879575	4.000647
5754	-3434.763	-3600.363	165.5993	1.42172	2.017436	0.70079	2.855902
5760	-3432.699	-3599.912	167.2132	1.531552	2.06994	0.3956821	2.054102
5766	-3418.888	-3586.558	167.6697	1.540838	1.631355	0.3956821	1.926217
5772	-3424.778	-3591.891	167.1123	1.653531	1.920481	0.4051364	2.086166
5778	-3425.956	-3592.692	166.736	1.366342	1.731222	0.3578288	2.642956
5784	-3438.534	-3606.502	167.9686	1.620744	1.729003	0.3406387	1.696706
5790	-3436.818	-3602.972	166.1537	1.458544	2.455634	0.4714958	2.558034
5796	-3438.888	-3605.26	166.3714	1.41137	1.849879	0.4121664	2.726567
5802	-3436.113	-3603.128	167.0148	1.565388	2.730642	0.4142068	1.915192
5808	-3431.615	-3598.621	167.006	1.619644	2.047092	0.5989571	1.915192
5814	-3433.664	-3600.986	167.3225	1.555535	2.047092	0.5989571	1.741485
5820	-3436.486	-3601.412	164.9267	1.292712	1.806777	0.5054232	3.57532
5826	-3426.735	-3590.805	164.07	1.131359	1.955447	0.5402351	4.076198
5832	-3428.233	-3596.092	167.8595	1.703378	2.175799	0.4027305	1.426184
5838	-3434.726	-3602.341	167.6154	1.712621	2.175799	0.3864589	1.624537
5844	-3429.81	-3594.889	165.0794	1.293579	2.428781	0.4212092	3.366702
5850	-3426.357	-3591.717	165.3595	1.21752	1.818698	0.5005442	3.366702
5856	-3428.253	-3592.944	164.691	1.222176	1.892856	0.6898308	3.56512
5862	-3435.547	-3599.996	164.4496	1.252814	2.488262	0.6057715	3.56512
5868	-3426.231	-3590.441	164.2099	1.204306	2.488262	0.6090007	3.729474
5874	-3435.52	-3600.419	164.8984	1.200144	1.947728	0.6090007	3.502511
5880	-3427.178	-3593.696	166.5176	1.632947	2.152193	0.6225477	2.168171
5886	-3419.431	-3586.145	166.714	1.463131	2.152193	0.4675185	2.307056
5892	-3433.401	-3599.882	166.4812	1.372253	2.152193	0.467683	2.511122
5898	-3432.803	-3599.559	166.7561	1.401162	2.152193	0.4772671	2.308994
5904	-3423.432	-3589.247	165.8156	1.410718	2.043532	0.5062145	2.893882
5910	-3430.653	-3596.302	165.6493	1.312453	2.360583	0.5821966	2.87784
5916	-3437.159	-3602.694	165.5353	1.331363	2.565788	0.4724756	2.9792
5922	-3430.88	-3595.438	164.5574	1.197383	2.142377	0.5479665	3.689892
5928	-3427.496	-3592.348	164.8524	1.226361	1.940349	0.5201547	3.595164
5934	-3429.654	-3594.302	164.6485	1.134521	2.074887	0.5669449	3.67871
5940	-3436.476	-3599.935	163.4586	1.017835	2.074887	0.6597114	4.349273
5946	-3432.721	-3597.992	165.2716	1.258268	2.038135	0.5065652	3.310646
5952	-3431.575	-3597.509	165.9336	1.293768	2.442054	0.4835927	2.786265
5958	-3435.557	-3600.213	164.6563	1.083467	2.442054	0.4835927	3.667473
5964	-3428.893	-3593.37	164.4761	1.195419	2.330134	0.5616536	3.667473
5970	-3428.829	-3594.96	166.1305	1.270958	1.862842	0.4651225	2.895251
5976	-3435.294	-3601.005	165.7114	1.311092	1.623144	0.5865401	3.100133
5982	-3438.89	-3603.334	164.4438	1.314052	2.206593	0.483674	3.727868
5988	-3441.811	-3605.566	163.7549	1.228321	2.200109	0.6624929	4.019706
5994	-3435.855	-3601.583	165.7277	1.369443	2.20688	0.4756066	2.947601
6000	-3433.751	-3599.129	165.3779	1.285754	2.2121	0.4756066	3.204739
6006	-3441.267	-3607.037	165.7701	1.319811	2.2121	0.4756066	2.950268
6012	-3447.869	-3613.683	165.8145	1.387679	2.2121	0.4756066	2.88247
6018	-3434.714	-3600.897	166.1828	1.463272	2.2121	0.4098933	2.684013
6024	-3435.539	-3598.706	163.1672	1.038038	2.176282	0.7417911	4.410072
6030	-3436.216	-3598.782	162.5663	1.03303	2.176282	0.595399	4.860286
6036	-3440.11	-3602.932	162.8218	0.9830821	2.176282	0.6167041	4.728395
6042	-3439.66	-3603.773	164.1129	1.243513	2.230267	0.6167041	3.833003
6048	-3441.138	-3607.158	166.0201	1.398799	1.897534	0.6167041	2.726808
6054	-3458.34	-3623.133	164.7927	1.341406	2.429786	0.5072465	3.418506
6060	-3439.853	-3605.504	165.6519	1.328903	1.867549	0.490226	3.120041
6066	-3438.241	-3604.143	165.9027	1.318425	1.80475	0.490226	2.999981
6072	-3433.228	-3598.695	165.467	1.252026	1.695578	0.5644119	3.270626
6078	-3434.76	-3600.45	165.6898	1.40026	1.521481	0.5970416	3.093584
6084	-3440.938	-3606.012	165.075	1.122033	1.70761	0.5891421	3.55015
6090	-3434.506	-3599.645	165.1391	1.215657	2.620002	0.4577223	3.283682
6096	-3435.434	-3601.094	165.6597	1.32368	2.373238	0.4969223	2.941632
6102	-3431.872	-3598.251	166.3787	1.378593	1.931015	0.5396555	2.576705
6108	-3426.02	-3591.549	165.5299	1.287185	2.268921	0.4733103	3.097802
6114	-3415.299	-3580.834	165.5354	1.291551	2.250326	0.4733103	3.097802
6120	-3418.559	-3583.916	165.3572	1.244882	1.921314	0.4733103	3.341632
6126	-3425.486	-3590.868	165.3828	1.30747	1.985314	0.4733103	3.267125
6132	-3436.689	-3602.414	165.7257	1.295914	1.985314	0.5114387	3.03226
6138	-3437.194	-3601.638	164.4441	1.421014	1.985314	0.6068641	3.627076
6144	-3430.212	-3596.832	166.6204	1.618586	1.704199	0.5097703	2.394976
6150	-3431.498	-3598.255	166.7571	1.425026	1.669447	0.5097703	2.445484
6156	-3427.832	-3594.626	166.7939	1.531016	2.362596	0.5097703	2.092764
6162	-3424.679	-3591.747	167.0681	1.521199	1.723902	0.4528769	2.224737
6168	-3438.798	-3604.885	166.0868	1.512546	2.055842	0.3936522	2.785039
6174	-3435.981	-3602.394	166.4128	1.557112	1.742725	0.3777657	2.694784
6180	-3428.82	-3594.96	166.1403	1.460639	2.049084	0.6505134	2.529691
6186	-3431.149	-3598.001	166.8516	1.441537	2.110298	0.456044	2.260597
6192	-3447.492	-3613.597	166.1047	1.441537	2.235478	0.4165726	2.72982
6198	-3447.587	-3613.337	165.7496	1.484559	2.010486	0.4067362	3.00637
6204	-3447.719	-3613.756	166.0369	1.41232	1.73438	0.787293	2.635139
6210	-3440.936	-3607.559	166.6231	1.405155	1.716337	0.5277134	2.504114
6216	-3438.192	-3604.466	166.2744	1.398433	1.479124	0.6095249	2.749821
6222	-3430.896	-3596.832	165.9359	1.389224	2.043773	0.5557911	2.786089
6228	-3422.2	-3588.492	166.2924	1.261993	1.786145	0.5557911	2.741682
6234	-3429.215	-3595.959	166.7442	1.460606	1.711364	0.491873	2.432131
6240	-3425.847	-3592.781	166.9342	1.551675	1.711364	0.541048	2.202203
6246	-3427.603	-3594.637	167.0335	1.576917	1.758342	0.4014144	2.257771
6252	-3432.254	-3598.985	166.7318	1.572518	2.003296	0.6555654	2.093126
6258	-3424.55	-3591.149	166.5989	1.497602	1.660566	0.4351542	2.582839
6264	-3430.88	-3597.483	166.6032	1.52607	2.481335	0.4351542	2.264323
6270	-3442.608	-3608.084	165.4766	1.334291	1.581657	0.6033803	3.228365
6276	-3434.074	-3599.233	165.159	1.202735	2.286563	0.5323859	3.304418
6282	-3420.58	-3585.815	165.235	1.249468	2.135488	0.5323859	3.280324
6288	-3417.853	-3582.008	164.1555	1.112214	2.395036	0.5323859	3.907083
6294	-3423.221	-3587.259	164.038	1.132231	2.395036	0.5965522	3.907083
6300	-3429.256	-3593.331	164.0748	1.17661	1.814592	0.5539324	4.084926
6306	-3440.272	-3605.759	165.4867	1.376072	1.821634	0.6584707	3.056451
6312	-3436.229	-3601.121	164.8918	1.270568	2.116936	0.5852685	3.428146
6318	-3433.841	-3599.236	165.3949	1.270568	2.080257	0.5629773	3.163501
6324	-3441.62	-3606.944	165.3242	1.201948	2.988725	0.3858105	3.163501
6330	-3446.49	-3612.235	165.7441	1.291033	2.109179	0.4685171	3.024601
6336	-3443.417	-3608.771	165.3531	1.403251	2.588551	0.5568479	2.956654
6342	-3430.827	-3596.535	165.7077	1.448948	2.588551	0.5568479	2.713599
6348	-3440.954	-3606.773	165.8188	1.396736	2.588551	0.5356019	2.697705
6354	-3438.202	-3604.211	166.0089	1.342198	2.047049	0.7142184	2.632972
6360	-3440.913	-3606.647	165.7338	1.287081	2.047049	0.8181035	2.757967
6366	-3435.526	-3600.536	165.0094	1.286254	2.01098	0.5535252	3.413654
6372	-3442.555	-3608.389	165.8336	1.410283	2.168351	0.6132917	2.740831
6378	-3446.031	-3611.83	165.7989	1.465184	1.923376	0.5774659	2.84648
6384	-3444.481	-3610.773	166.2918	1.424646	1.810018	0.6334319	2.56242
6390	-3429.977	-3595.175	165.1979	1.333943	2.063742	0.6520685	3.172169
6396	-3448.415	-3613.709	165.2943	1.203097	2.063742	0.6520685	3.192588
6402	-3445.131	-3610.59	165.4589	1.251042	1.997421	0.507598	3.217336
6408	-3446.429	-3612.405	165.9765	1.243088	1.997421	0.5761753	2.847896
6414	-3439.692	-3603.223	163.5306	1.113099	1.997421	0.6709235	4.271456
6420	-3434.761	-3596.566	161.805	0.9824088	1.997421	0.5483196	5.405585
6426	-3439.929	-3602.985	163.0557	0.8876028	1.506113	0.4596431	5.024719
6432	-3456.975	-3620.196	163.2209	1.020501	2.323332	0.6537087	4.410124
6438	-3433.452	-3597.468	164.0162	1.249874	2.156885	0.5044416	4.006043
6444	-3417.775	-3582.105	164.3298	1.400232	2.165512	0.8938395	3.437587
6450	-3422.716	-3588.883	166.167	1.437591	2.165512	0.580789	2.548599
6456	-3415.302	-3581.105	165.8028	1.325825	2.165512	0.4281345	2.992886
6462	-3449.102	-3613.752	164.6494	1.152042	1.912465	0.5512707	3.737093
6468	-3440.824	-3606.602	165.7776	1.273721	1.731152	0.5211658	3.099618
6474	-3438.813	-3605.081	166.2681	1.36579	2.129718	0.3879414	2.745272
6480	-3427.729	-3594.383	166.6538	1.442918	1.761135	0.3879414	2.596731
6486	-3421.931	-3588.284	166.3533	1.403783	1.659705	0.3879414	2.84601
6492	-3427.94	-3594.547	166.6077	1.487428	1.659705	0.4669515	2.548998
6498	-3424.009	-3591.264	167.2547	1.53596	1.659705	0.4211707	2.159384
6504	-3436.813	-3603.249	166.4363	1.26714	1.659705	0.4211707	2.839985
6510	-3433.41	-3599.054	165.6438	1.382984	2.870844	0.531279	2.738224
6516	-3425.169	-3590.703	165.534	1.345035	2.870844	0.5661422	2.795451
6522	-3440.549	-3606.589	166.0408	1.355514	2.428606	0.5661422	2.605565
6528	-3443.05	-3609.247	166.1967	1.292625	2.450458	0.5661422	2.541096
6534	-3430.223	-3596.613	166.3896	1.350953	2.163335	0.5661422	2.478232
6540	-3444.808	-3610.716	165.9086	1.412479	2.163335	0.6577472	2.657099
6546	-3446.949	-3611.535	164.5866	1.285902	2.586823	0.5882926	3.452921
6552	-3445.988	-3611.555	165.567	1.389979	2.055515	0.4831903	3.074547
6558	-3437.559	-3602.344	164.7857	1.327354	2.055515	0.6659362	3.410717
6564	-3441.782	-3605.079	163.2968	1.10783	1.879508	0.6659362	4.450289
6570	-3438.588	-3604.131	165.5424	1.486838	1.933862	0.7092186	2.874309
6576	-3432.246	-3598.247	166.0015	1.35611	2.034762	0.7346459	2.617332
6582	-3428.88	-3593.976	165.0965	1.273815	2.006131	0.6892913	3.257954
6588	-3423.087	-3587.875	164.7885	1.314821	2.031686	0.6857274	3.408993
6594	-3433.16	-3597.147	163.987	1.194931	2.240776	0.5527932	3.984066
6600	-3440.955	-3607.057	166.1021	1.379186	2.235662	0.5432422	2.636797
6606	-3429.076	-3594.598	165.5224	1.29055	1.914283	0.4912777	3.201718
6612	-3424.004	-3589.566	165.5625	1.338802	1.926878	0.4362002	3.201718
6618	-3419.279	-3585.231	165.9523	1.450828	1.926878	0.5557015	2.780708
6624	-3433.852	-3599.36	165.5079	1.349393	1.829528	0.6639081	3.052326
6630	-3420.197	-3586.389	166.1916	1.448933	1.850347	0.6959066	2.541336
6636	-3431.948	-3599.227	167.2782	1.607788	1.680882	0.5908722	1.900998
6642	-3420.391	-3586.732	166.341	1.394439	2.486236	0.5908722	2.352034
6648	-3421.287	-3588.115	166.8285	1.490223	1.60289	0.547883	2.349777
6654	-3432.319	-3599.328	167.0093	1.490223	1.60289	0.4372058	2.352638
6660	-3418.589	-3585.667	167.0785	1.424843	1.870022	0.4372058	2.238119
6666	-3424.796	-3591.392	166.5953	1.492004	1.561425	0.4372058	2.628866
6672	-3429.009	-3594.85	165.841	1.391419	1.682654	0.6545107	2.891927
6678	-3433.946	-3599.711	165.7651	1.245792	2.166442	0.6032746	2.891927
6684	-3442.348	-3608.537	166.1889	1.370414	2.166442	0.5550017	2.600597
6690	-3436.043	-3601.86	165.8168	1.278966	2.402382	0.5210483	2.840866
6696	-3438.437	-3602.772	164.3352	1.228981	1.976007	0.400601	4.000204
6702	-3436.78	-3603.565	166.7857	1.489245	2.492293	0.3593574	2.261684
6708	-3430.47	-3596.565	166.0948	1.471086	2.608032	0.4595191	2.553645
6714	-3439.554	-3606.273	166.7184	1.543567	2.608032	0.4595191	2.110256
6720	-3430.411	-3597.709	167.2973	1.554099	1.880105	0.4118229	2.037552
6726	-3436.639	-3604.012	167.3729	1.515313	1.880105	0.3926371	2.037552
6732	-3429.761	-3596.481	166.7197	1.601284	1.880105	0.4166557	2.374798
6738	-3436.588	-3603.419	166.8306	1.521008	2.215498	0.5148581	2.120723
6744	-3430.538	-3597.389	166.8513	1.670839	1.8717	0.4615473	2.197344
6750	-3428.056	-3595.475	167.4198	1.644543	1.676018	0.4713452	1.911064
6756	-3437.764	-3604.692	166.9276	1.607645	1.665819	0.4836156	2.2503
6762	-3432.168	-3598.515	166.347	1.516426	1.665819	0.5321445	2.623129
6768	-3425.798	-3592.328	166.5303	1.482524	1.833953	0.5475202	2.446813
6774	-3434.88	-3601.891	167.0106	1.552241	1.864808	0.5475202	2.081286
6780	-3444.761	-3612.348	167.5874	1.761788	1.890204	0.5459998	1.526445
6786	-3435.562	-3603.007	167.445	1.69833	2.250124	0.5459998	1.526445
6792	-3420.296	-3586.99	166.6931	1.528383	2.23316	0.5102937	2.204025
6798	-3432.092	-3598.757	166.6647	1.46112	2.155173	0.4629709	2.343713
6804	-3440.811	-3607.186	166.3754	1.55246	2.155173	0.5154463	2.413225
6810	-3438.666	-3604.243	165.5773	1.467903	2.170109	0.4178421	3.052817
6816	-3421.753	-3587.994	166.2407	1.471987	2.170109	0.6504222	2.417063
6822	-3424.156	-3591.002	166.8468	1.630321	1.924159	0.6920037	1.977476
6828	-3421.512	-3588.482	166.9702	1.562912	2.175268	0.4132387	2.132318
6834	-3436.265	-3604.469	168.2037	1.858697	1.500654	0.506062	1.220185
6840	-3444.498	-3612.346	167.8484	1.660757	1.697841	0.3627899	1.735029
6846	-3428.272	-3595.502	167.2295	1.586684	1.885432	0.5422805	1.909195
6852	-3435.799	-3603.592	167.7931	1.775619	1.907029	0.3974163	1.546539
6858	-3431.874	-3598.802	166.9276	1.684632	2.327378	0.3897992	2.056581
6864	-3434.121	-3601.44	167.3187	1.670222	2.327378	0.3897992	1.802218
6870	-3447.563	-3614.401	166.8382	1.697905	2.058483	0.7045198	1.873244
6876	-3437.425	-3604.404	166.9788	1.739572	2.058483	0.5735883	1.873244
6882	-3456.841	-3624.364	167.523	1.81886	2.058483	0.6007327	1.393545
6888	-3437.281	-3604.9	167.6191	1.723279	2.058483	0.4733809	1.545442
6894	-3430.736	-3597.852	167.116	1.700283	2.275384	0.4512154	1.860997
6900	-3451.125	-3618.366	167.2409	1.585103	1.871861	0.423973	2.042694
6906	-3441.492	-3608.538	167.0459	1.749367	2.063222	0.4997454	1.898207
6912	-3432.518	-3599.043	166.5247	1.62226	2.061875	0.5642925	2.258557
6918	-3434.064	-3601	166.9359	1.62226	2.474637	0.5642925	1.840874
6924	-3430.092	-3597.142	167.0499	1.62226	1.691214	0.775479	1.874837
6930	-3424.632	-3591.641	167.0094	1.753715	2.240392	0.6246691	1.720869
6936	-3442.449	-3609.917	167.4674	1.777816	2.240392	0.5550762	1.442991
6942	-3433.671	-3600.173	166.5024	1.539789	2.240392	0.4534912	2.377871
6948	-3421.637	-3589.276	167.639	1.711626	1.592421	0.4534912	1.775383
6954	-3433.06	-3600.309	167.2493	1.673334	1.927144	0.4710667	1.898961
6960	-3427.378	-3595.14	167.7624	1.734558	1.858624	0.3679045	1.662883
6966	-3433.164	-3600.654	167.4895	1.657121	1.858624	0.4939031	1.746803
6972	-3430.361	-3598.209	167.8485	1.811668	1.858624	0.3595827	1.556889
6978	-3422.744	-3590.527	167.7836	1.736728	1.887573	0.4425849	1.528791
6984	-3424.722	-3592.703	167.981	1.764658	1.784956	0.4425849	1.406711
6990	-3430.303	-3598.221	167.9181	1.854336	1.784956	0.3595123	1.508195
6996	-3443.868	-3611.737	167.8684	1.904621	2.180009	0.3595123	1.32694
7002	-3444.336	-3611.482	167.1457	1.732768	2.593701	0.3796499	1.800699
7008	-3454.277	-3621.909	167.6328	1.704152	1.881481	0.3796499	1.749356
7014	-3444.829	-3612.209	167.3794	1.803335	1.985522	0.6041683	1.542709
7020	-3435.003	-3602.591	167.5879	1.59521	1.711954	0.3815508	1.926744
7026	-3431.697	-3598.841	167.144	1.688278	1.749388	0.3815508	2.14308
7032	-3431.052	-3599.059	168.0075	1.725705	1.937858	0.3514326	1.479017
7038	-3439.187	-3606.851	167.6634	1.669161	1.471147	0.4555606	1.845901
7044	-3441.85	-3607.26	165.4104	1.372673	2.09987	0.3815508	3.273346
7050	-3440.359	-3607.213	166.854	1.575324	1.765047	0.374157	2.404407
7056	-3436.906	-3603.199	166.2925	1.389062	1.765047	0.374157	2.866127
7062	-3437.385	-3603.676	166.2908	1.390789	1.765047	0.374157	2.866127
7068	-3433.501	-3598.783	165.2824	1.29645	1.658785	0.3554204	3.583605
7074	-3432.012	-3596.997	164.9851	1.35903	2.147239	0.7228339	3.200208
7080	-3441.433	-3608.158	166.7248	1.67347	1.843364	0.377493	2.388309
7086	-3425.971	-3592.719	166.7476	1.485041	1.82515	0.5995736	2.261101
7092	-3432.593	-3599.577	166.9844	1.445681	1.82515	0.4982746	2.235173
7098	-3428.886	-3595.259	166.3734	1.430187	1.82515	0.554974	2.57371
7104	-3426.154	-3592.452	166.2981	1.39521	1.744997	0.4212178	2.811625
7110	-3422.767	-3588.598	165.831	1.39521	2.032544	0.5982255	2.811625
7116	-3458.108	-3624.971	166.8628	1.524547	1.576337	0.3096966	2.596706
7122	-3432.899	-3599.459	166.5607	1.449159	2.064383	0.3158367	2.630117
7128	-3434.393	-3601.073	166.6804	1.419529	2.064383	0.4111947	2.451711
7134	-3437.07	-3604.231	167.1608	1.48371	2.064383	0.4101641	2.10392
7140	-3432.998	-3599.248	166.25	1.469221	2.305554	0.5028212	2.506308
7146	-3428.138	-3595.072	166.9339	1.467828	1.831734	0.4064619	2.354861
7152	-3421.773	-3588.064	166.291	1.453827	2.67795	0.5106353	2.366461
7158	-3424.51	-3591.345	166.8353	1.620259	2.783276	0.5472068	1.829107
7164	-3439.295	-3605.252	165.9571	1.420852	2.224958	0.6721248	2.589215
7170	-3433.738	-3599.707	165.9697	1.498118	2.067364	0.5472068	2.698674
7176	-3442.087	-3608.371	166.2838	1.42719	2.669669	0.6620542	2.247274
7182	-3450.564	-3615.829	165.2655	1.536938	2.669669	0.7231699	2.765137
7188	-3447.859	-3612.693	164.8337	1.383453	2.580875	0.5867001	3.25344
7194	-3435.114	-3602.322	167.2081	1.509776	1.932586	0.4108656	2.105646
7200	-3431.369	-3598.957	167.5874	1.617922	1.973009	0.3929375	1.784309
7206	-3426.125	-3593.293	167.1687	1.57635	1.973009	0.5471807	1.916364
7212	-3442.535	-3609.424	166.8891	1.657571	1.973009	0.5471807	2.049027
7218	-3434.748	-3602.25	167.5024	1.471911	1.565112	0.3946558	2.115328
7224	-3431.209	-3598.445	167.2364	1.504899	1.565112	0.5889866	2.053262
7230	-3422.549	-3588.67	166.1213	1.439045	1.962228	0.555876	2.671296
7236	-3422.232	-3588.091	165.8592	1.455865	2.190409	0.4742986	2.822543
7242	-3431.04	-3597.722	166.6828	1.390455	2.191094	0.4539062	2.374624
7248	-3424.9	-3590.834	165.9342	1.345621	2.191094	0.6359382	2.691602
7254	-3435.493	-3601.33	165.8367	1.467235	2.191094	0.4783607	2.824903
7260	-3441.39	-3608.235	166.8458	1.572502	2.060248	0.4783607	2.173148
7266	-3426.662	-3593.561	166.8992	1.649843	2.060248	0.5330272	2.028469
7272	-3438.049	-3602.643	164.5933	1.408492	2.475233	0.7389942	3.288944
7278	-3434.341	-3599.674	165.3333	1.539957	2.475233	0.8495546	2.686389
7284	-3440.648	-3605.403	164.7548	1.431862	2.357493	0.8505338	3.136285
7290	-3437.032	-3603.471	166.4387	1.379078	2.153553	0.3527504	2.668163
7296	-3428.608	-3594.7	166.0926	1.474696	2.182382	0.5168835	2.627371
7302	-3438.764	-3605.485	166.7211	1.474696	1.513997	0.5168835	2.498054
7308	-3439.056	-3604.791	165.7357	1.266712	1.724507	0.4266952	3.227699
7314	-3443.102	-3609.855	166.7527	1.438776	1.600801	0.4055321	2.583683
7320	-3436.393	-3603.087	166.694	1.447019	2.033947	0.5687834	2.268301
7326	-3440.348	-3606.351	166.0032	1.453392	2.670461	0.4683294	2.593727
7332	-3433.479	-3599.578	166.0985	1.457209	2.200874	0.5523317	2.593727
7338	-3427.304	-3593.503	166.1991	1.325727	2.374533	0.4268699	2.68646
7344	-3433.879	-3599.994	166.1147	1.435888	2.380267	0.4206984	2.675835
7350	-3438.67	-3606.389	167.7187	1.715225	1.989915	0.3688719	1.649728
7356	-3435.738	-3603.644	167.9069	1.760063	1.808422	0.4626292	1.428509
7362	-3431.356	-3598.178	166.8228	1.510725	2.132208	0.5928888	2.083791
7368	-3430.071	-3596.997	166.9263	1.512988	2.428851	0.5151633	1.988932
7374	-3439.254	-3606.087	166.8324	1.601848	2.428851	0.4829521	2.027767
7380	-3428.301	-3594.668	166.3668	1.42606	2.428851	0.6374081	2.291254
7386	-3434.656	-3600.879	166.2231	1.317457	1.957726	0.5128387	2.726781
7392	-3438.013	-3602.707	164.6933	1.220661	1.903189	0.5128387	3.710566
7398	-3437.553	-3602.529	164.976	1.372322	1.819428	0.8400025	3.229109
7404	-3439.766	-3603.468	163.7022	1.22147	2.352461	0.8400025	3.881684
7410	-3457.162	-3624.174	167.0115	1.528781	2.20882	0.4797047	2.037341
7416	-3449.278	-3614.943	165.6649	1.308036	2.403866	0.7256194	2.738003
7422	-3444.481	-3610.283	165.8018	1.309741	2.334097	0.469599	2.904435
7428	-3434.15	-3599.542	165.3925	1.309741	2.161207	0.4974717	3.176505
7434	-3438.278	-3604.235	165.9575	1.272852	1.651399	0.5494886	2.997763
7440	-3434.754	-3599.988	165.2334	1.142333	1.879177	0.5792671	3.390215
7446	-3435.572	-3600.476	164.9045	1.242524	1.646306	0.5792671	3.611707
7452	-3443.135	-3607.027	163.8925	1.177683	1.718218	0.5625295	4.21591
7458	-3426.709	-3591.111	164.4025	1.183196	1.590676	0.7957499	3.792655
7464	-3432.134	-3597.971	165.8366	1.323449	1.79639	0.4438121	3.087888
7470	-3424.416	-3590.196	165.7797	1.286043	1.77638	0.4678715	3.12641
7476	-3427.625	-3593.08	165.4556	1.349079	2.219813	0.4678715	3.12641
7482	-3415.735	-3581.514	165.7791	1.372192	1.591355	0.5829851	3.039601
7488	-3415.886	-3581.396	165.5103	1.308792	2.173841	0.5829851	3.022736
7494	-3428.165	-3593.884	165.7194	1.397566	2.173841	0.5829851	2.843181
7500	-3426.225	-3590.539	164.3142	1.251756	2.017254	0.5305275	3.85549
7506	-3426.678	-3592.03	165.3512	1.206818	2.143089	0.4905042	3.274666
7512	-3426.985	-3592.288	165.3029	1.373378	1.93843	0.4905042	3.274666
7518	-3433.464	-3600.095	166.6306	1.455074	1.93843	0.4406535	2.472881
7524	-3434.565	-3600.921	166.3561	1.541708	1.904241	0.4925748	2.546821
7530	-3427.939	-3593.904	165.9656	1.425081	1.833925	0.4168029	2.965196
7536	-3435.577	-3600.474	164.8973	1.365858	2.019824	0.8382427	3.208795
7542	-3431.096	-3597.486	166.39	1.463891	2.18595	0.3781778	2.602715
7548	-3435.387	-3602.092	166.7043	1.463891	2.18595	0.5430616	2.221184
7554	-3433.286	-3599.507	166.2205	1.410458	2.18595	0.5017078	2.602114
7560	-3431.22	-3598.057	166.8374	1.492178	2.207308	0.382476	2.290982
7566	-3443.09	-3609.884	166.7938	1.579362	2.207308	0.322714	2.34319
7572	-3430.49	-3597.459	166.9689	1.525591	2.000743	0.3594339	2.289951
7578	-3442.458	-3608.029	165.571	1.364606	2.628339	0.5547223	2.838842
7584	-3440.8	-3607.374	166.5749	1.462471	2.148709	0.5547223	2.306747
7590	-3427.02	-3593.11	166.0904	1.499286	2.428892	0.4912192	2.559525
7596	-3432.479	-3598.982	166.5027	1.370287	1.848664	0.5233556	2.552281
7602	-3424.649	-3591.633	166.9844	1.641188	1.848664	0.5233556	2.071638
7608	-3423.472	-3590.849	167.3773	1.616192	1.771321	0.5089771	1.873655
7614	-3424.003	-3591.334	167.3306	1.65182	1.810965	0.4802691	1.896434
7620	-3421.099	-3588.832	167.7332	1.596246	1.655757	0.4802691	1.727093
7626	-3425.054	-3592.57	167.516	1.618741	1.648961	0.3592076	2.017892
7632	-3434.081	-3601.344	167.2627	1.634202	1.964978	0.3772389	2.017892
7638	-3435.239	-3601.213	165.9731	1.454136	2.724212	0.3772389	2.700913
7644	-3430.736	-3595.4	164.6638	1.225525	1.97093	0.6099887	3.615358
7650	-3435.082	-3600.227	165.145	1.318946	1.901002	0.4494376	3.454329
7656	-3431.727	-3597.085	165.3573	1.367273	2.248154	0.6077487	3.033574
7662	-3415.669	-3582.411	166.742	1.44611	2.248154	0.4708452	2.262889
7668	-3427.242	-3594.634	167.3924	1.665237	1.667119	0.4708452	1.920255
7674	-3433.439	-3599.794	166.3555	1.429873	1.999869	0.5466914	2.526974
7680	-3429.393	-3595.183	165.7898	1.352348	1.999869	0.5466914	2.921052
7686	-3431.104	-3598.307	167.2029	1.387783	1.485023	0.3354054	2.475579
7692	-3443.145	-3610.337	167.192	1.389528	1.486063	0.3354054	2.480851
7698	-3437.831	-3605.15	167.3186	1.517933	2.197402	0.5382424	1.775805
7704	-3430.231	-3595.911	165.6796	1.289509	1.7896	0.5981018	3.055878
7710	-3430.063	-3595.467	165.4039	1.32584	2.55307	0.5875815	2.955068
7716	-3439.324	-3603.585	164.2608	1.136763	2.371157	0.6659225	3.727304
7722	-3433.485	-3598.188	164.7032	1.233901	1.927965	0.6659225	3.557307
7728	-3435.109	-3600.054	164.9452	1.364223	1.915613	0.57654	3.418391
7734	-3427.383	-3592.584	165.2002	1.194348	2.050231	0.5522728	3.343411
7740	-3428.974	-3593.696	164.7219	1.26259	2.463124	0.5522728	3.454451
7746	-3435.261	-3601.008	165.7462	1.359584	2.021123	0.5425482	2.939338
7752	-3440.872	-3607.201	166.3286	1.413596	1.630023	0.5744882	2.672735
7758	-3433.1	-3598.057	164.9569	1.312665	2.201032	0.5744882	3.347455
7764	-3447.002	-3613.557	166.5556	1.455607	2.131151	0.3699462	2.534147
7770	-3429.633	-3592.145	162.5121	1.029929	2.19993	0.5191853	4.95007
7776	-3436.203	-3597.134	160.9302	0.9485814	1.96793	0.4980939	5.957484
7782	-3423.41	-3586.644	163.2342	1.337814	2.652031	0.8117417	4.017288
7788	-3424.768	-3589.355	164.5878	1.176773	1.706089	0.6027767	3.789556
7794	-3431.808	-3598.152	166.3434	1.430099	2.038385	0.5095417	2.557211
7800	-3433.056	-3598.505	165.4483	1.388045	2.337667	0.4872307	3.050587
7806	-3436.369	-3601.294	164.9251	1.24586	2.550775	0.5035872	3.365464
7812	-3432.555	-3598.819	166.2643	1.343404	1.948784	0.5035872	2.698123
7818	-3425.253	-3591.41	166.1564	1.327225	1.948784	0.50815	2.769515
7824	-3426.873	-3593.032	166.1593	1.398007	2.20277	0.68024	2.478208
7830	-3433.85	-3600.193	166.3424	1.503678	2.616336	0.3752766	2.474952
7836	-3441.126	-3607.925	166.7996	1.544911	1.97217	0.3792088	2.370511
7842	-3439.159	-3605.713	166.5544	1.503402	1.97217	0.4136322	2.508835
7848	-3437.273	-3603.824	166.5511	1.432261	1.97217	0.4651719	2.49712
7854	-3431.282	-3596.806	165.5241	1.294469	1.974906	0.455987	3.212739
7860	-3427.834	-3593.237	165.4036	1.241046	1.974906	0.559843	3.214924
7866	-3433.201	-3597.1	163.8987	1.075656	2.051283	0.559843	4.156212
7872	-3440.06	-3604.27	164.2095	1.102286	1.88215	0.6259563	3.965813
7878	-3444.989	-3608.019	163.0294	0.9828507	1.88215	0.6259563	4.700602
7884	-3446.973	-3610.135	163.1613	1.058157	1.88215	0.4828804	4.708123
7890	-3446.77	-3611.133	164.3634	1.167914	2.522553	0.5038432	3.745409
7896	-3439.784	-3603.796	164.0112	1.14387	2.037697	0.4247051	4.186736
7902	-3422.11	-3587.747	165.6368	1.356354	2.037697	0.5032727	3.039004
7908	-3429.023	-3593.72	164.6972	1.270871	2.037697	0.5881753	3.565347
7914	-3434.887	-3600.258	165.3711	1.339853	2.007234	0.4824042	3.238106
7920	-3429.958	-3594.732	164.7744	1.254431	2.684554	0.5311172	3.38554
7926	-3440.598	-3606.012	165.414	1.305724	2.304275	0.4999546	3.117937
7932	-3435.533	-3601.926	166.3929	1.351563	2.263884	0.549957	2.457171
7938	-3429.564	-3596.047	166.4834	1.357153	1.891379	0.549957	2.529971
7944	-3431.525	-3594.974	163.4494	1.076439	1.918069	0.549957	4.462963
7950	-3431.627	-3596.546	164.9191	1.186093	1.918069	0.549957	3.560337
7956	-3432.968	-3597.829	164.8614	1.23036	1.918069	0.6193042	3.508322
7962	-3445.229	-3610.54	165.3107	1.299164	2.149202	0.7524082	3.019156
7968	-3440.727	-3604.468	163.7414	1.236152	1.956503	0.6610291	4.103183
7974	-3436.548	-3601.738	165.1895	1.307402	1.839875	0.4499996	3.456586
7980	-3426.091	-3591.592	165.5006	1.390073	2.116049	0.4427384	3.135635
7986	-3424.177	-3591.184	167.0065	1.549036	2.116049	0.4427384	2.10361
7992	-3423.542	-3589.273	165.7316	1.376586	2.116049	0.4427384	3.005731
7998	-3430.311	-3596.369	166.0578	1.414413	2.116049	0.4627505	2.764107
8004	-3432.464	-3598.414	165.9499	1.367565	2.096703	0.6659804	2.675312
8010	-3424.846	-3591.984	167.1373	1.482274	1.718998	0.3450518	2.341133
8016	-3426.353	-3592.697	166.3445	1.382919	2.008891	0.3450518	2.78382
8022	-3438.52	-3604.415	165.8951	1.282553	1.962476	0.5197868	2.93858
8028	-3428.937	-3595.684	166.7471	1.288382	1.962476	0.4657462	2.467451
8034	-3427.025	-3594.245	167.2199	1.548711	2.303801	0.4657462	1.865848
8040	-3418.138	-3585.354	167.2168	1.527629	1.838251	0.4657462	2.060934
8046	-3423.72	-3589.237	165.5162	1.459903	1.672017	0.8056522	2.935538
8052	-3434.346	-3600.503	166.1573	1.434468	1.566897	0.8056522	2.604245
8058	-3425.096	-3590.669	165.5733	1.485338	2.005924	0.8056522	2.758374
8064	-3431.68	-3596.645	164.9648	1.556526	1.915228	1.102648	2.929565
8070	-3435.888	-3600.697	164.8092	1.380077	2.603961	0.6210035	3.234051
8076	-3426.849	-3592.854	166.0043	1.292451	1.737732	0.4191476	3.055821
8082	-3445.681	-3611.349	165.6682	1.246528	1.858536	0.7013115	2.977361
8088	-3436.378	-3603.233	166.8548	1.491262	1.633162	0.4854228	2.383147
8094	-3431.99	-3597.868	165.878	1.418454	2.305827	0.4141589	2.861914
8100	-3445.081	-3608.788	163.7071	1.127686	2.149546	0.3988713	4.359928
8106	-3442.135	-3605.216	163.0812	1.208694	2.602185	0.520488	4.415722
8112	-3451.405	-3614.589	163.1841	1.119071	2.446847	0.5604106	4.415722
8118	-3444.331	-3609.822	165.4907	1.312697	2.051925	0.5411703	3.111134
8124	-3438.462	-3603.569	165.1071	1.352754	2.106381	0.6141256	3.231944
8130	-3439.321	-3605.861	166.54	1.486264	2.013521	0.455538	2.465562
8136	-3437.542	-3604.629	167.0869	1.523173	2.090119	0.36144	2.17959
8142	-3435.04	-3602.631	167.591	1.625051	1.631575	0.36144	1.968516
8148	-3431.669	-3598.569	166.9001	1.505013	1.631575	0.3831941	2.464324
8154	-3439.175	-3605.223	166.0479	1.441934	2.275697	0.475512	2.686481
8160	-3442.65	-3609.397	166.7468	1.497212	1.820964	0.475512	2.380112
8166	-3440.873	-3607.854	166.9806	1.454838	2.002361	0.4867887	2.174492
8172	-3444.941	-3612.899	167.9573	1.8033	1.770843	0.5448324	1.265387
8178	-3425.672	-3593.22	167.5487	1.798719	1.8875	0.5243736	1.554247
8184	-3428.4	-3595.641	167.241	1.56576	1.804861	0.5696416	1.921227
8190	-3432.288	-3598.566	166.2779	1.56576	2.292061	0.7670092	2.195424
8196	-3425.81	-3592.385	166.5751	1.532985	1.831684	0.7670092	2.195424
8202	-3441.795	-3608.01	166.2158	1.590044	3.12471	0.5211233	2.191471
8208	-3435.86	-3603.172	167.3124	1.707237	3.12471	0.3940586	1.510609
8214	-3438.921	-3605.967	167.0469	1.58275	2.05487	0.6146343	1.894145
8220	-3447.553	-3614.856	167.3026	1.850507	2.492777	0.4830577	1.502442
8226	-3444.495	-3612.033	167.5383	1.815864	2.336935	0.4830577	1.409317
8232	-3431.855	-3600.022	168.1674	1.74296	1.443921	0.3067978	1.664582
8238	-3432.043	-3599.702	167.6594	1.62227	1.461089	0.4631797	1.87673
8244	-3432.486	-3600.394	167.9079	1.657374	1.584648	0.390921	1.710314
8250	-3433.264	-3601.085	167.8217	1.915435	1.64869	0.2904924	1.710314
8256	-3439.842	-3607.816	167.9745	1.672827	1.64869	0.3651637	1.657074
8262	-3430.252	-3598.063	167.8118	1.647559	1.816786	0.4549813	1.5899
8268	-3429.56	-3597.137	167.5761	1.770756	1.816786	0.4549813	1.670995
8274	-3433.584	-3600.953	167.3692	1.658314	1.870133	0.4549813	1.87034
8280	-3432.649	-3600.466	167.8174	1.651641	1.832307	0.4865083	1.535596
8286	-3441.191	-3608.607	167.4165	1.509411	1.817817	0.4162662	2.00829
8292	-3435.655	-3601.146	165.4904	1.293482	2.11798	0.5356715	3.105521
8298	-3441.669	-3607.279	165.61	1.293482	1.482121	0.5356715	3.276549
8304	-3446.288	-3611.299	165.0111	1.389437	1.555756	0.7147132	3.391659
8310	-3442.103	-3607.768	165.6654	1.158286	1.497613	0.4593224	3.391346
8316	-3436.936	-3602.444	165.5077	1.333768	1.956162	0.4593224	3.202301
8322	-3446.694	-3612.615	165.9205	1.379286	1.919537	0.4922824	2.907676
8328	-3444.192	-3609.943	165.7507	1.356076	2.183993	0.4922824	2.932292
8334	-3430.796	-3596.754	165.9579	1.346683	1.516237	0.5397985	3.019386
8340	-3437.754	-3602.544	164.7894	1.298032	1.974841	0.606665	3.501534
8346	-3424.811	-3589.638	164.8269	1.287079	1.804038	0.6424504	3.517684
8352	-3431.647	-3596.573	164.9265	1.258277	2.082048	0.4864177	3.517684
8358	-3432.715	-3598.288	165.5735	1.276787	1.473123	0.4864177	3.359031
8364	-3450.551	-3615.484	164.9333	1.233708	2.251166	0.5248701	3.436764
8370	-3445.935	-3610.999	165.0642	1.196078	2.502565	0.5241133	3.307172
8376	-3443.733	-3609.067	165.3348	1.298105	1.798957	0.4779634	3.363504
8382	-3453.041	-3617.008	163.9669	1.430138	2.581129	0.4779634	3.831396
8388	-3447.946	-3613.532	165.5855	1.350758	2.097387	0.4251183	3.133876
8394	-3423.835	-3589.092	165.2567	1.221845	1.78329	0.493331	3.444659
8400	-3428.103	-3593.693	165.5893	1.175309	1.702688	0.379147	3.42983
8406	-3429.892	-3595.024	165.1319	1.166056	1.702688	0.4658922	3.607739
8412	-3431.63	-3596.327	164.6967	1.054423	2.262007	0.4658922	3.732162
8418	-3422.356	-3585.095	162.7391	1.025379	2.262007	0.5429535	4.786525
8424	-3428.871	-3593.593	164.7223	1.080286	2.262007	0.4868339	3.681689
8430	-3435.093	-3599.656	164.5624	1.118052	2.341273	0.4920498	3.723183
8436	-3437.529	-3603.085	165.5555	1.235266	1.781909	0.4232475	3.334293
8442	-3436.714	-3602.276	165.5613	1.278282	1.701513	0.416782	3.343622
8448	-3432.402	-3597.612	165.2108	1.259443	2.115625	0.416782	3.412023
8454	-3431.888	-3597.869	165.9812	1.317908	1.717073	0.416782	3.065202
8460	-3431.027	-3597.171	166.144	1.335038	1.867392	0.416782	2.899338
8466	-3435.144	-3601.023	165.8795	1.290221	1.877504	0.4448353	3.050583
8472	-3434.395	-3599.935	165.5398	1.294288	1.985548	0.4448353	3.211549
8478	-3438.592	-3603.835	165.2435	1.23483	1.985548	0.4073413	3.461539
8484	-3441.024	-3608.218	167.1939	1.662938	1.883656	0.3693493	2.087433
8490	-3445.229	-3609.291	164.0627	1.154741	2.185372	0.669509	3.884847
8496	-3447.488	-3611.258	163.77	1.152301	2.185372	0.4421602	4.253597
8502	-3447.789	-3612.97	165.1808	1.225541	2.172835	0.5526857	3.295528
8508	-3461.714	-3623.196	161.4822	1.088282	2.27299	0.6993185	5.322422
8514	-3450.282	-3613.466	163.1841	1.020756	1.692929	0.5606997	4.71423
8520	-3439.119	-3603.909	164.7897	1.302286	1.736061	0.8836394	3.38301
8526	-3436.32	-3601.282	164.9613	1.29216	2.400011	0.4810142	3.38301
8532	-3440.945	-3605.732	164.7868	1.301948	2.400011	0.5850537	3.38301
8538	-3436.129	-3600.895	164.7662	1.273118	2.400011	0.6006257	3.398592
8544	-3437.533	-3602.971	165.4378	1.341672	2.101119	0.545202	3.104952
8550	-3429.22	-3594.51	165.2902	1.296915	1.892918	0.5672253	3.271517
8556	-3436.308	-3601.148	164.8397	1.278759	2.182985	0.7464291	3.304405
8562	-3440.235	-3605.428	165.1931	1.205515	2.097349	0.5755467	3.304405
8568	-3437.425	-3603.387	165.9617	1.409916	2.198495	0.602853	2.661564
8574	-3438.723	-3603.46	164.7377	1.437433	2.264315	0.7457058	3.245559
8580	-3437.094	-3603.372	166.2782	1.321652	1.962791	0.4316349	2.774167
8586	-3433.969	-3600.018	166.0489	1.358057	2.822967	0.4094259	2.64729
8592	-3424.678	-3590.981	166.3033	1.42201	2.177794	0.4094259	2.64729
8598	-3428.938	-3594.987	166.0491	1.665085	2.293146	0.7282387	2.309144
8604	-3430.287	-3597.578	167.2908	1.647111	2.47824	0.3456599	1.846642
8610	-3433.172	-3600.627	167.4555	1.716568	2.641674	0.2572156	1.77278
8616	-3440.996	-3607.973	166.9773	1.686194	2.641674	0.3604034	1.958378
8622	-3437.574	-3604.034	166.4604	1.422574	1.972262	0.3880937	2.647765
8628	-3445.146	-3611.945	166.7988	1.477962	1.972262	0.3880937	2.402187
8634	-3437.462	-3604.39	166.9283	1.453319	2.006272	0.3880937	2.322999
8640	-3430.836	-3597.799	166.9632	1.483724	1.738889	0.3880937	2.386542
8646	-3429.439	-3595.851	166.4126	1.562074	2.685436	0.3880937	2.357337
8652	-3429.6	-3596.254	166.6537	1.539836	2.55518	0.4102475	2.229466
8658	-3427.507	-3594.078	166.5716	1.580971	1.854325	0.6513258	2.253867
8664	-3428.149	-3594.43	166.2804	1.501324	2.385744	0.7054077	2.253867
8670	-3423.358	-3590.271	166.9133	1.405271	1.771554	0.5722044	2.253867
8676	-3421.257	-3587.349	166.0924	1.423951	1.598652	0.537815	2.858189
8682	-3427.445	-3592.505	165.0599	1.189904	1.598652	0.674762	3.492699
8688	-3434.636	-3600.639	166.0029	1.2729	2.04985	0.4482721	2.921568
8694	-3445.25	-3610.648	165.3973	1.360014	2.400689	0.602754	2.970546
8700	-3445.134	-3609.475	164.3415	1.163303	1.660714	0.5513944	4.000089
8706	-3437.144	-3602.26	165.1163	1.129815	1.876242	0.4502313	3.589284
8712	-3448.717	-3615.165	166.4485	1.399206	1.788505	0.3621282	2.77087
8718	-3449.569	-3615.428	165.8588	1.396387	1.915149	0.6077774	2.827944
8724	-3443.941	-3610.165	166.2244	1.406358	1.854508	0.6077774	2.620723
8730	-3441.984	-3608.516	166.532	1.310806	1.845043	0.4762347	2.620723
8736	-3438.743	-3604.444	165.7014	1.345028	2.501286	0.5998806	2.767572
8742	-3439.313	-3604.275	164.9618	1.267126	2.339007	0.5514707	3.348859
8748	-3429.93	-3595.026	165.0952	1.164748	2.339007	0.4294058	3.450929
8754	-3429.909	-3595.729	165.8196	1.25754	1.849479	0.4132739	3.150767
8760	-3434.462	-3599.709	165.2465	1.316037	2.39238	0.5349287	3.150767
8766	-3430.861	-3596.414	165.5531	1.321473	2.116323	0.5423072	3.045729
8772	-3439.334	-3604.52	165.1866	1.337972	2.700899	0.4284734	3.191989
8778	-3438.649	-3604.18	165.5307	1.441344	2.700899	0.4284734	2.924473
8784	-3430.07	-3596.797	166.7262	1.51549	2.274632	0.4747625	2.21499
8790	-3428.85	-3595.632	166.7818	1.655971	2.437359	0.3079616	2.246472
8796	-3421.778	-3588.935	167.1573	1.69177	2.135329	0.4329181	1.91284
8802	-3424.276	-3591.129	166.8525	1.639383	2.857486	0.4329181	1.91284
8808	-3438.135	-3605.052	166.9174	1.666542	2.857486	0.4109019	1.878106
8814	-3419.091	-3585.938	166.8474	1.474688	1.687735	0.4953762	2.364341
8820	-3437.312	-3605.048	167.7365	1.576603	1.930253	0.4287578	1.678818
8826	-3430.936	-3598.636	167.6997	1.691213	1.986223	0.3721967	1.677227
8832	-3425.211	-3592.898	167.687	1.64384	1.986223	0.3721967	1.719795
8838	-3440.313	-3606.699	166.386	1.444029	2.439628	0.3721967	2.542604
8844	-3447.39	-3612.911	165.5215	1.298603	2.093755	0.3721967	3.264584
8850	-3447.297	-3613.428	166.131	1.277628	2.000403	0.4774984	2.827704
8856	-3442.512	-3608.535	166.0233	1.380722	2.443791	0.3987442	2.771412
8862	-3437.125	-3603.377	166.2521	1.531949	2.118851	0.551723	2.480315
8868	-3434.461	-3600.982	166.5215	1.427081	2.514344	0.3418552	2.48492
8874	-3427.93	-3594.595	166.6648	1.689315	2.440634	0.7004952	1.861297
8880	-3444.073	-3608.89	164.8173	1.445826	1.952596	0.5984921	3.41352
8886	-3438.474	-3602.488	164.0143	1.343737	2.154601	0.8602884	3.679074
8892	-3432.756	-3597.974	165.2181	1.414349	2.154601	0.5738784	3.148592
8898	-3438.626	-3604.555	165.9289	1.314769	2.154601	0.3742856	2.98971
8904	-3428.121	-3593.934	165.8127	1.342554	2.501956	0.4944491	2.80096
8910	-3439.805	-3604.95	165.1447	1.304348	2.536777	0.5912397	3.124604
8916	-3430.124	-3596.341	166.2174	1.413162	2.152528	0.4955063	2.620069
8922	-3422.233	-3588.418	166.1856	1.412575	2.211736	0.4955063	2.620069
8928	-3424.182	-3589.775	165.5926	1.347082	2.1831	0.4955063	3.02978
8934	-3428.778	-3594.586	165.8071	1.402921	2.125675	0.41356	2.973589
8940	-3433.695	-3599.708	166.0128	1.41549	1.976195	0.4187283	2.887991
8946	-3442.717	-3608.216	165.4992	1.362175	1.986728	0.5865454	3.058025
8952	-3424.13	-3591.014	166.8846	1.461805	2.183014	0.3930082	2.275458
8958	-3429.432	-3596.75	167.318	1.609663	2.183014	0.3807883	1.909072
8964	-3434.687	-3601.847	167.16	1.649782	1.952023	0.4049806	2.044837
8970	-3448.835	-3615.35	166.5148	1.520815	2.141768	0.4267424	2.446485
8976	-3437.301	-3604.392	167.0907	1.551577	2.141768	0.360521	2.141033
8982	-3430.168	-3596.736	166.5685	1.617254	2.366233	0.4413338	2.258108
8988	-3425.134	-3592.51	167.3759	1.616509	1.797339	0.39035	2.005771
8994	-3445.86	-3612.633	166.7721	1.483453	1.617927	0.3813034	2.56584
9000	-3438.336	-3604.519	166.1824	1.438599	2.301668	0.505628	2.56584
9006	-3447.957	-3614.659	166.7019	1.535858	1.712925	0.505628	2.396354
9012	-3433.191	-3599.782	166.5902	1.509045	1.712925	0.595164	2.396354
9018	-3428.855	-3595.44	166.5845	1.504452	2.187063	0.5814656	2.234208
9024	-3423.181	-3589.333	166.1517	1.408444	2.187063	0.5374656	2.60992
9030	-3429.969	-3596.267	166.2975	1.526757	2.298934	0.5419788	2.40311
9036	-3422.771	-3589.12	166.3484	1.494259	1.97963	0.5419788	2.5032
9042	-3421.679	-3586.578	164.8988	1.288177	1.889394	0.6122259	3.468827
9048	-3435.708	-3600.15	164.4425	1.253138	1.889394	0.6122259	3.753999
9054	-3441.048	-3607.315	166.2671	1.490413	1.965768	0.6347697	2.475958
9060	-3442.596	-3609.162	166.5661	1.501754	2.618437	0.4958368	2.193088
9066	-3450.899	-3617.238	166.3387	1.420982	2.589236	0.5068677	2.387493
9072	-3439.468	-3605.351	165.8832	1.380709	2.488652	0.5068677	2.726083
9078	-3438.512	-3602.528	164.0165	1.193087	1.962804	0.5068677	4.099469
9084	-3437.246	-3601.164	163.9187	1.266684	2.181911	0.6265225	3.938208
9090	-3422.466	-3587.309	164.8437	1.251096	2.181911	0.3777423	3.65339
9096	-3447.906	-3612.783	164.8772	1.213736	1.592978	0.3413235	3.90858
9102	-3435.582	-3601.822	166.2394	1.290237	1.592978	0.3413235	3.068156
9108	-3436.982	-3602.829	165.8465	1.211294	2.024623	0.3670983	3.153407
9114	-3424.728	-3589.58	164.8516	1.27515	2.309042	0.4600273	3.505754
9120	-3434.279	-3600.553	166.2734	1.380569	2.32459	0.4600273	2.585929
9126	-3442.593	-3608.921	166.3277	1.449082	2.32459	0.4331228	2.539537
9132	-3433.712	-3600.177	166.4646	1.449082	2.148047	0.4331228	2.513319
9138	-3435.181	-3599.665	164.4843	1.215256	2.494841	0.4331228	3.726818
9144	-3452.022	-3617.537	165.5152	1.31952	1.913703	0.4331228	3.249165
9150	-3434.338	-3600.911	166.5725	1.3651	2.161545	0.4423073	2.483267
9156	-3425.936	-3591.475	165.539	1.299759	2.161545	0.4423073	3.1519
9162	-3426.299	-3591.888	165.5886	1.247667	2.52246	0.4428134	3.041261
9168	-3433.431	-3598.396	164.9659	1.196319	2.223464	0.4467928	3.525221
9174	-3431.982	-3597.919	165.9375	1.350549	1.937251	0.5219276	2.878976
9180	-3428.063	-3593.365	165.3014	1.308055	2.205087	0.5069113	3.208054
9186	-3432.184	-3597.214	165.0301	1.204523	2.45288	0.5342697	3.327224
9192	-3442.789	-3607.841	165.0518	1.228397	2.242192	0.5754836	3.327224
9198	-3438.713	-3602.404	163.6903	1.210613	2.222278	0.5690731	4.13585
9204	-3440.96	-3605.521	164.5613	1.164617	2.815158	0.4638674	3.592805
9210	-3441.411	-3606.86	165.4494	1.166686	2.176274	0.5652409	3.158936
9216	-3438.253	-3603.281	165.0282	1.3925	2.176274	0.7049048	3.158936
9222	-3442.981	-3609.729	166.7482	1.552399	2.365747	0.4188388	2.210857
9228	-3445.166	-3611.707	166.5411	1.53048	2.350438	0.5593943	2.210857
9234	-3445.15	-3611.163	166.0125	1.421497	2.059398	0.8616386	2.467412
9240	-3449.738	-3617.093	167.3547	1.592223	1.9617	0.5095128	1.824057
9246	-3442.013	-3608.571	166.5586	1.462951	2.289786	0.5095128	2.313871
9252	-3440.477	-3606.24	165.7625	1.386308	2.302357	0.518481	2.842524
9258	-3431.524	-3597.205	165.6814	1.210638	1.970355	0.5702143	3.060017
9264	-3439.523	-3605.854	166.3312	1.341428	1.961268	0.4996368	2.657626
9270	-3443.423	-3610.219	166.7959	1.383396	1.813708	0.5649849	2.332652
9276	-3437.026	-3603.695	166.6691	1.545741	2.526463	0.5808446	2.038291
9282	-3445.102	-3611.955	166.8528	1.538631	2.526463	0.6456329	1.85706
9288	-3436.703	-3603.479	166.7761	1.633931	2.303522	0.6456329	1.921064
9294	-3432.961	-3600.44	167.4787	1.633931	2.345835	0.4119861	1.678715
9300	-3442.744	-3607.519	164.7754	1.265369	2.152742	0.7353594	3.368028
9306	-3435.79	-3600.832	165.0417	1.328154	2.205898	0.5270117	3.33009
9312	-3421.936	-3588.314	166.3782	1.491898	2.192044	0.581401	2.37232
9318	-3426.231	-3592.941	166.7105	1.600704	2.19508	0.482468	2.189194
9324	-3435.093	-3600.058	164.9649	1.33748	1.66015	0.482468	3.605281
9330	-3431.674	-3596.745	165.0713	1.231063	1.66015	0.482468	3.605281
9336	-3440.219	-3605.389	165.1702	1.324195	2.73922	0.4143077	3.215018
9342	-3428.808	-3595.045	166.2372	1.313957	2.268821	0.4143077	2.718507
9348	-3432.894	-3599.548	166.6542	1.522489	1.898011	0.4143077	2.461578
9354	-3443.131	-3609.165	166.0347	1.503013	2.575027	0.3960619	2.653234
9360	-3427.048	-3593.349	166.3011	1.517192	2.216793	0.3960619	2.592589
9366	-3417.105	-3584.068	166.9628	1.569431	2.216793	0.396794	2.138668
9372	-3430.916	-3598.359	167.4427	1.626852	1.7555	0.3762373	1.990972
9378	-3434.809	-3601.313	166.5038	1.461876	2.453957	0.4993012	2.306485
9384	-3432.113	-3595.702	163.5885	1.21906	1.809215	0.5900402	4.307991
9390	-3433.471	-3596.245	162.7741	1.104277	2.191449	0.5104824	4.773031
9396	-3440.706	-3603.688	162.9825	1.165075	1.770201	0.731666	4.585367
9402	-3430.465	-3594.522	164.056	1.215659	1.770201	0.7615939	3.92729
9408	-3432.298	-3597.518	165.2196	1.280395	2.300222	0.4067465	3.346889
9414	-3436.623	-3602.027	165.4035	1.226834	1.885753	0.4067465	3.408392
9420	-3421.662	-3587.983	166.3208	1.376972	1.885753	0.4067465	2.771233
9426	-3421.672	-3587.256	165.5835	1.245656	2.050592	0.4067465	3.233702
9432	-3430.197	-3594.472	164.2756	1.223975	2.214315	0.498892	3.859516
9438	-3433.728	-3597.107	163.3795	1.145666	1.854563	0.6373753	4.413117
9444	-3446.149	-3612.087	165.9379	1.281874	1.122805	0.5472634	3.2535
9450	-3443.378	-3606.647	163.2687	1.068341	2.318065	0.7079753	4.317003
9456	-3434.558	-3599.001	164.4427	1.296742	2.193434	0.8145501	3.475295
9462	-3435.697	-3600.421	164.7246	1.267855	2.193434	0.6176135	3.475295
9468	-3424.782	-3589.902	165.12	1.262266	2.193434	0.5168623	3.336318
9474	-3425.21	-3591.54	166.3303	1.435947	2.068298	0.5168623	2.543609
9480	-3421.342	-3587.531	166.1888	1.496839	1.906797	0.4121166	2.764525
9486	-3422.599	-3589.991	167.3921	1.560452	2.163233	0.4121166	1.858206
9492	-3427.151	-3593.981	166.8298	1.515643	1.931837	0.4682898	2.279915
9498	-3426.834	-3593.35	166.5161	1.567873	1.931999	0.637149	2.279915
9504	-3426.68	-3594.312	167.6326	1.600197	1.886295	0.3796082	1.819644
9510	-3424.704	-3592.24	167.5361	1.630097	1.886295	0.3796082	1.865369
9516	-3432.588	-3598.366	165.778	1.549351	2.309074	0.6697137	2.594892
9522	-3432.746	-3599.448	166.7018	1.593141	2.309074	0.6093388	2.030353
9528	-3435.249	-3602.411	167.1623	1.617333	2.025659	0.3208189	2.150043
9534	-3440.271	-3607.124	166.8531	1.494195	1.59269	0.3208189	2.598842
9540	-3436.34	-3603.22	166.8795	1.399173	1.883321	0.5189065	2.28753
9546	-3420.464	-3587.64	167.1755	1.531935	1.883321	0.4746115	2.056788
9552	-3423.695	-3590.894	167.1996	1.590452	2.028298	0.5034658	1.911214
9558	-3425.673	-3592.821	167.1483	1.590513	1.683051	0.4354179	2.165846
9564	-3436.241	-3603.239	166.9987	1.462706	1.683051	0.3699159	2.423708
9570	-3423.73	-3590.94	167.2107	1.462706	1.486427	0.2641669	2.527237
9576	-3442.587	-3609.533	166.9466	1.418779	1.94592	0.2641669	2.529063
9582	-3439.733	-3603.861	164.1283	1.118538	2.201394	0.6500018	3.878144
9588	-3433.236	-3596.499	163.2624	1.061682	2.097099	0.5703557	4.500067
9594	-3434.772	-3599.553	164.7806	1.123669	2.097099	0.5732999	3.595567
9600	-3437.322	-3603.715	166.3931	1.299876	1.384136	0.4594703	2.925726
9606	-3437.104	-3603.145	166.0408	1.278722	1.384136	0.7094018	2.925726
9612	-3455.433	-3619.623	164.1905	1.332564	1.609516	0.9345316	3.731936
9618	-3441.443	-3606.784	165.3415	1.252608	1.740109	0.5757908	3.31684
9624	-3426.766	-3592.043	165.2769	1.261239	2.3583	0.4148224	3.297683
9630	-3428.049	-3595.267	167.2174	1.581611	2.1104	0.5440663	1.82872
9636	-3436.307	-3603.071	166.7644	1.504635	1.996735	0.5440663	2.224297
9642	-3428.603	-3594.616	166.0129	1.504635	2.155188	0.5355039	2.648983
9648	-3431.47	-3598.136	166.666	1.420322	2.063969	0.4443017	2.422088
9654	-3431.258	-3598.174	166.916	1.506081	2.063969	0.4443017	2.207895
9660	-3432.578	-3598.269	165.6909	1.257112	2.282847	0.5700773	2.92158
9666	-3420.214	-3586.212	165.998	1.268078	1.894123	0.5081177	2.92158
9672	-3437.999	-3602.633	164.6338	1.141493	2.240964	0.4678855	3.722718
9678	-3431.071	-3595.139	164.0679	1.090183	1.914096	0.4678855	4.182753
9684	-3435.453	-3599.075	163.6222	1.179404	1.961017	0.6859563	4.182753
9690	-3433.633	-3598.18	164.5477	1.177434	1.954579	0.4443728	3.86873
9696	-3431.842	-3595.673	163.8317	1.204545	2.455471	0.7216579	3.86873
9702	-3422.803	-3586.854	164.0507	1.224245	2.455471	0.612629	3.81611
9708	-3426.46	-3591.234	164.7737	1.19017	1.803308	0.4568648	3.772228
9714	-3417.184	-3580.606	163.4223	1.15305	2.103142	0.4299668	4.487803
9720	-3428.927	-3593.965	165.0373	1.213238	1.832094	0.4299668	3.623905
9726	-3423.232	-3587.936	164.7038	1.251186	1.863643	0.4299668	3.78339
9732	-3427.919	-3593.069	165.1502	1.308994	1.888342	0.5272494	3.384931
9738	-3423.612	-3589.314	165.7014	1.318454	1.96384	0.587799	2.970063
9744	-3428.264	-3594.085	165.8205	1.495052	2.412002	0.5802591	2.647533
9750	-3429.871	-3595.685	165.8141	1.501512	2.412002	0.5802591	2.647533
9756	-3426.633	-3591.484	164.8503	1.399334	2.353243	0.4329074	3.448903
9762	-3429.721	-3596.464	166.7434	1.417295	2.640481	0.4437599	2.184448
9768	-3432.122	-3597.959	165.8373	1.295674	2.777571	0.4437599	2.78885
9774	-3424.874	-3590.888	166.0144	1.287459	2.186423	0.4425772	2.865704
9780	-3427.595	-3593.083	165.488	1.221575	1.814411	0.5541584	3.239835
9786	-3420.352	-3586.21	165.8582	1.256091	1.65384	0.5066532	3.1069
9792	-3419.077	-3584.792	165.7147	1.302893	1.800842	0.5066532	3.1069
9798	-3425.361	-3592.199	166.8386	1.437495	1.694409	0.4826466	2.404125
9804	-3431.527	-3596.314	164.7862	1.2927	2.296654	0.6790338	3.342721
9810	-3428.565	-3594.275	165.71	1.350311	1.976135	0.4349651	3.091014
9816	-3426.741	-3592.306	165.5652	1.31325	2.210014	0.4626937	3.091014
9822	-3430.615	-3595.847	165.2321	1.195662	2.666025	0.4626937	3.222617
9828	-3418.903	-3583.446	164.5429	1.288903	2.315845	0.4892026	3.646057
9834	-3425.087	-3590.986	165.8988	1.223263	1.902918	0.4892026	3.023752
9840	-3432.681	-3599.036	166.3546	1.34517	1.870746	0.3461849	2.849649
9846	-3434.69	-3600.717	166.0263	1.288305	1.657448	0.3461849	3.163546
9852	-3429.308	-3594.463	165.1549	1.2707	1.657448	0.3461849	3.684264
9858	-3429.785	-3595.894	166.1095	1.279485	1.665509	0.4446995	3.001408
9864	-3430.424	-3595.625	165.2013	1.400783	2.078553	0.6051505	3.164612
9870	-3425.841	-3592.343	166.5019	1.495156	1.934935	0.5131334	2.451996
9876	-3429.247	-3595.988	166.7407	1.403732	1.999089	0.5515095	2.295989
9882	-3428.027	-3593.992	165.965	1.398512	2.305913	0.4373321	2.795158
9888	-3428.068	-3594.696	166.6281	1.470147	2.085482	0.6827789	2.172915
9894	-3431.564	-3598.196	166.6317	1.343852	1.757158	0.4014162	2.657
9900	-3432.246	-3598.747	166.501	1.286903	1.728668	0.4316795	2.748707
9906	-3437.164	-3603.405	166.2409	1.309689	2.241991	0.5397603	2.595228
9912	-3435.444	-3602.106	166.6615	1.419659	1.81212	0.4839229	2.477214
9918	-3424.336	-3590.803	166.4663	1.411263	1.81212	0.4839229	2.603933
9924	-3423.366	-3589.463	166.0976	1.449841	1.81212	0.5094354	2.780662
9930	-3434.282	-3599.505	165.2234	1.293865	2.055914	0.6068261	3.221117
9936	-3437.328	-3602.456	165.1285	1.332392	1.775542	0.6068261	3.354799
9942	-3434.189	-3601.933	167.7443	1.49698	1.454078	0.4407754	1.934575
9948	-3438.49	-3604.16	165.67	1.27918	2.219434	0.3978244	3.116764
9954	-3436.419	-3603.393	166.9744	1.354277	1.363217	0.4385007	2.569973
9960	-3421.214	-3586.824	165.61	1.30721	2.080749	0.436423	3.138515
9966	-3432.529	-3597.892	165.3633	1.30505	1.879425	0.436423	3.356006
9972	-3423.273	-3589.971	166.6973	1.427656	2.062178	0.4278519	2.417201
9978	-3417.67	-3584.028	166.3585	1.439606	2.304329	0.3649143	2.614679
9984	-3425.875	-3593.002	167.1274	1.423891	1.584276	0.5042617	2.254015
9990	-3426.95	-3594.047	167.0962	1.568061	1.826476	0.3913197	2.207592
9996	-3433.529	-3600.832	167.3032	1.625694	2.14458	0.3913197	1.908506
10002	-3434.346	-3598.755	164.4097	1.220199	2.306287	0.5034219	3.751996
10008	-3437.738	-3603.922	166.1844	1.341797	1.845112	0.5459661	2.745419
10014	-3442.285	-3609.009	166.7241	1.318969	1.752047	0.5002927	2.508022
10020	-3426.5	-3593.448	166.9479	1.426575	1.670383	0.4605462	2.376189
10026	-3446.737	-3614.32	167.583	1.508118	1.347833	0.4425688	2.087145
10032	-3430.458	-3597.272	166.814	1.451174	1.826148	0.4007061	2.450299
10038	-3435.878	-3603.036	167.1585	1.536757	1.74472	0.4007061	2.209714
10044	-3438.997	-3605.872	166.8746	1.492685	2.252909	0.4575924	2.160386
10050	-3445.93	-3612.993	167.0625	1.526985	2.150927	0.4043568	2.115267
10056	-3447.481	-3614.689	167.2081	1.511076	1.926641	0.4043568	2.115267
10062	-3448.635	-3615.045	166.4099	1.428899	2.083724	0.5733213	2.437751
10068	-3452.629	-3619.098	166.4687	1.49892	1.866445	0.5733213	2.437751
10074	-3433.768	-3600.215	166.4465	1.519425	2.06001	0.5078469	2.43079
10080	-3434.74	-3601.575	166.8349	1.627447	2.06001	0.6823489	1.942321
10086	-3432.355	-3599.989	167.6331	1.68894	1.775683	0.3927493	1.788124
10092	-3430.874	-3597.261	166.3867	1.609942	2.308795	0.604633	2.229806
10098	-3437.509	-3603.488	165.979	1.538627	2.22244	0.5299351	2.631706
10104	-3437.29	-3602.455	165.1654	1.304048	2.40238	0.7561404	3.020102
10110	-3445	-3610.287	165.2866	1.344455	1.737422	0.6480181	3.234887
10116	-3445.697	-3611.943	166.2457	1.420964	1.737422	0.4868434	2.760129
10122	-3455.223	-3620.161	164.9385	1.244265	2.051907	0.4868434	3.528442
10128	-3440.718	-3606.947	166.2289	1.253574	1.594561	0.655667	2.775802
10134	-3442.472	-3607.959	165.4868	1.305323	2.150551	0.4129045	3.215297
10140	-3430.296	-3596.321	166.0249	1.395953	2.150551	0.3590346	2.903078
10146	-3429.044	-3595.212	166.168	1.385007	1.626664	0.4569894	2.905501
10152	-3433.493	-3599.228	165.735	1.335	1.626664	0.7830142	2.913761
10158	-3437.592	-3603.153	165.5612	1.19467	2.047643	0.4338166	3.248211
10164	-3434.477	-3599.286	164.8097	1.22853	2.183062	0.7271295	3.365809
10170	-3437.028	-3602.572	165.5441	1.207483	2.089438	0.4905028	3.177964
10176	-3435.381	-3600.399	165.0178	1.255926	2.089438	0.8395287	3.177964
10182	-3425.304	-3591.097	165.793	1.291811	1.937422	0.6514504	2.885826
10188	-3430.439	-3596.768	166.329	1.286096	1.899144	0.3557429	2.878173
10194	-3436.857	-3602.269	165.4113	1.395087	2.028832	0.6456877	3.025675
10200	-3426.592	-3592.567	165.9746	1.325432	2.233974	0.6600894	2.6444
10206	-3430.826	-3596.669	165.8425	1.457499	2.233974	0.6600894	2.6444
10212	-3435.904	-3600.143	164.2389	1.319875	1.923873	0.7353777	3.725643
10218	-3442.853	-3609.202	166.3487	1.597343	1.997069	0.6308722	2.348791
10224	-3433.041	-3598.128	165.0865	1.30934	1.751569	0.5225235	3.47704
10230	-3431.165	-3596.382	165.2172	1.199528	1.507999	0.5800777	3.510948
10236	-3438.533	-3603.701	165.1687	1.322639	1.539569	0.5800777	3.454054
10242	-3431.737	-3596.433	164.6955	1.219379	2.2537	0.5131083	3.594017
10248	-3437.07	-3601.998	164.9279	1.275507	2.2537	0.5878686	3.357958
10254	-3435.382	-3600.853	165.4711	1.26383	2.2537	0.5285778	3.097182
10260	-3435.951	-3600.694	164.7424	1.285945	2.199838	0.5285778	3.53043
10266	-3429.755	-3594.371	164.6165	1.234712	2.043773	0.5285778	3.683972
10272	-3445.611	-3610.433	164.8228	1.181981	2.368015	0.5285778	3.492377
10278	-3446.275	-3611.062	164.7877	1.165578	1.806224	0.4436195	3.790826
10284	-3449.64	-3612.533	162.8923	1.032347	2.538582	0.4857256	4.670258
10290	-3438.798	-3603.612	164.8136	1.413179	2.416545	0.4355548	3.440532
10296	-3425.679	-3590.667	164.9883	1.238488	2.416545	0.4355548	3.440532
10302	-3428.311	-3593.312	165.0009	1.23918	2.390464	0.4355548	3.440532
10308	-3424.342	-3589.458	165.1164	1.295757	2.405968	0.4355548	3.334972
10314	-3432.612	-3598.778	166.1651	1.408988	1.805336	0.3952572	2.89028
10320	-3436.701	-3603.778	167.0771	1.520214	2.336874	0.3952572	2.056126
10326	-3427.533	-3594.326	166.7929	1.546876	1.746769	0.4539081	2.373443
10332	-3449.77	-3617.354	167.5833	1.609675	1.746769	0.4740687	1.787516
10338	-3450.248	-3617.905	167.6566	1.677505	1.907466	0.4740687	1.615856
10344	-3446.919	-3614.325	167.4063	1.716999	2.020541	0.4135672	1.794346
10350	-3438.494	-3605.96	167.4665	1.711557	2.020541	0.4135672	1.756296
10356	-3446.813	-3614.185	167.3714	1.490043	1.59158	0.4119357	2.155223
10362	-3443.78	-3610.316	166.5358	1.409929	1.926557	0.4119357	2.597505
10368	-3438.741	-3604.535	165.7937	1.446614	1.844613	0.3178618	3.172008
10374	-3442.055	-3609.432	167.3777	1.43469	1.658635	0.4165488	2.151334
10380	-3442.042	-3609.523	167.4806	1.681096	1.783313	0.5256574	1.733262
10386	-3438.514	-3605.959	167.4454	1.645431	1.783313	0.5256574	1.782803
10392	-3432.967	-3595.945	162.9785	1.046969	1.824115	0.603793	4.731111
10398	-3424.157	-3588.382	164.2251	1.066654	1.753176	0.3612716	4.278325
10404	-3419.045	-3583.775	164.7294	1.241441	2.02187	0.3612716	3.79644
10410	-3422.325	-3586.788	164.4633	1.159791	2.02187	0.4927278	3.8565
10416	-3426.737	-3592.735	165.9982	1.287716	1.64396	0.3909865	3.131826
10422	-3429.278	-3593.533	164.2551	1.171473	1.99815	0.7156477	3.790772
10428	-3429.451	-3593.148	163.6972	1.223251	1.99815	0.7156477	4.080717
10434	-3424.991	-3591.186	166.1947	1.3007	1.982514	0.4285806	2.833992
10440	-3422.133	-3589.298	167.1655	1.559579	1.791745	0.3631997	2.218983
10446	-3424.689	-3590.86	166.171	1.436658	1.81398	0.4435593	2.811867
10452	-3436.853	-3603.656	166.8024	1.438541	1.591462	0.4435593	2.513173
10458	-3442.552	-3609.13	166.5777	1.479726	1.961622	0.5196702	2.397257
10464	-3430.012	-3597.404	167.3918	1.706066	1.853194	0.4311099	1.85881
10470	-3450.805	-3618.798	167.9924	1.759306	1.620404	0.5558142	1.340402
10476	-3447.583	-3614.402	166.8198	1.684619	1.933521	0.5558142	2.083662
10482	-3449.058	-3615.924	166.8659	1.626265	1.933521	0.512975	2.136044
10488	-3438.72	-3606.031	167.3115	1.538771	1.862013	0.4415393	2.009316
10494	-3431.34	-3597.793	166.4537	1.403527	1.901364	0.4415393	2.627901
10500	-3438.59	-3604.289	165.6988	1.443597	1.919619	0.4965378	2.998132
10506	-3437.326	-3602.518	165.1924	1.297911	2.280736	0.4965378	3.264658
10512	-3443.171	-3608.694	165.5229	1.403034	2.067944	0.4965378	3.075453
10518	-3437.353	-3603.054	165.7007	1.43081	2.067944	0.4965378	2.952253
10524	-3435.915	-3601.221	165.3057	1.203105	2.220148	0.419267	3.352908
10530	-3435.518	-3602.005	166.4874	1.490062	2.627843	0.3833355	2.37865
10536	-3440.623	-3606.694	166.0705	1.401524	2.612411	0.3833355	2.698013
10542	-3441.193	-3606.709	165.5155	1.310428	2.486579	0.3812449	3.127435
10548	-3418.612	-3584.846	166.2339	1.421369	2.486579	0.3893231	2.615352
10554	-3428.995	-3595.415	166.4205	1.524666	1.750586	0.5843498	2.487652
10560	-3434.621	-3599.983	165.3625	1.360741	2.064393	0.5843498	3.115466
10566	-3434.855	-3600.479	165.6239	1.368382	2.064393	0.626563	2.917652
10572	-3430.328	-3595.117	164.7895	1.368382	1.960477	0.6391121	3.438514
10578	-3426.975	-3593.134	166.1589	1.389992	1.834855	0.4795494	2.801349
10584	-3425.054	-3590.737	165.6822	1.411637	1.932708	0.4857137	3.033329
10590	-3442.187	-3607.807	165.6195	1.375855	1.570285	0.4857137	3.232667
10596	-3436.421	-3602.682	166.2606	1.375735	1.618145	0.3130404	3.031164
10602	-3432.816	-3598.744	165.9279	1.395803	2.068371	0.2976945	3.070258
10608	-3427.718	-3593.982	166.2635	1.40839	2.020992	0.2976945	2.877421
10614	-3441.384	-3607.796	166.412	1.448875	2.020992	0.3106972	2.744193
10620	-3435.563	-3601.989	166.4258	1.49441	2.438058	0.5235117	2.315431
10626	-3427.551	-3593.813	166.2623	1.480319	1.998471	0.5929081	2.510659
10632	-3436.285	-3602.004	165.7196	1.299497	1.998471	0.5031465	3.037263
10638	-3436.008	-3600.197	164.1896	1.267751	2.347801	0.4830722	3.858439
10644	-3436.158	-3601.872	165.7134	1.331679	1.818702	0.4830722	3.107178
10650	-3434.175	-3599.387	165.2111	1.28269	2.128252	0.4830722	3.324789
10656	-3442.918	-3608.814	165.8962	1.435655	2.128252	0.339297	2.989284
10662	-3440.13	-3606.775	166.6446	1.444298	2.128252	0.5846377	2.252104
10668	-3435.667	-3602.1	166.4329	1.442859	2.434872	0.5457177	2.322464
10674	-3429.018	-3595.687	166.6692	1.507362	2.434872	0.4845799	2.192869
10680	-3425.733	-3593.4	167.6666	1.643859	1.679059	0.4586739	1.755565
10686	-3438.075	-3605.473	167.3982	1.593971	1.679059	0.4906855	1.93625
10692	-3446.144	-3611.555	165.4103	1.207961	1.942676	0.5657317	3.236645
10698	-3440.978	-3606.061	165.0828	1.279656	2.382617	0.5657317	3.244077
10704	-3435.371	-3601.121	165.7502	1.380975	1.542664	0.308105	3.36876
10710	-3440.376	-3606.817	166.4402	1.281402	1.654726	0.3985082	2.857067
10716	-3443.846	-3609.78	165.9332	1.409059	1.958156	0.5990543	2.766835
10722	-3441.409	-3607.081	165.6719	1.276897	2.041203	0.5564259	3.013804
10728	-3437.653	-3602.261	164.6085	1.143928	1.968991	0.5564259	3.741215
10734	-3446.237	-3611.782	165.5447	1.29733	2.042073	0.3928969	3.244787
10740	-3436.239	-3603.113	166.8734	1.425446	1.936711	0.3843758	2.406322
10746	-3430.479	-3595.37	164.8912	1.283955	1.936711	0.6366325	3.438788
10752	-3441.606	-3607.417	165.8114	1.283955	1.756786	0.712944	2.898372
10758	-3434.366	-3599.371	165.005	1.331306	1.520019	0.5646592	3.566178
10764	-3431.684	-3597.415	165.7314	1.292765	1.946502	0.4257558	3.133139
10770	-3428.437	-3594.053	165.6164	1.221319	1.946502	0.5632554	3.107231
10776	-3425.98	-3592.18	166.2004	1.377706	1.946502	0.4264971	2.799123
10782	-3413.239	-3579.702	166.4625	1.570171	2.111056	0.6732526	2.214199
10788	-3425.553	-3592.05	166.4967	1.434506	2.111056	0.6732526	2.27945
10794	-3427.287	-3593.236	165.9484	1.274575	2.113984	0.3650891	3.026867
10800	-3429.168	-3593.241	164.0725	1.184378	2.05622	0.3650891	4.188753
10806	-3420.503	-3585.915	165.4127	1.306587	2.05622	0.3650891	3.345072
10812	-3416.771	-3582.165	165.3932	1.325273	2.05622	0.4335862	3.267647
10818	-3430.788	-3595.828	165.0397	1.26619	1.935364	0.545932	3.440825
10824	-3432.873	-3598.791	165.918	1.34366	1.646767	0.498194	3.030106
10830	-3431.592	-3598.878	167.2853	1.607098	1.900815	0.4289821	1.980511
10836	-3439.92	-3605.64	165.7193	1.614418	2.168615	0.6954575	2.616454
10842	-3428.597	-3595.731	167.1344	1.62222	2.168615	0.6031189	1.774314
10848	-3439.867	-3606.648	166.7807	1.543263	2.168615	0.691435	1.986136
10854	-3434.749	-3601.425	166.6766	1.554244	2.071482	0.691435	2.083981
10860	-3432.776	-3599.631	166.8543	1.44225	1.539269	0.3827525	2.573071
10866	-3441.062	-3607.382	166.3197	1.46342	2.05345	0.5788991	2.478291
10872	-3438.682	-3605.026	166.3433	1.652312	2.070291	0.4994964	2.417024
10878	-3431.431	-3598.172	166.741	1.576325	2.217572	0.5082502	2.149394
10884	-3445.835	-3613.013	167.1774	1.637263	2.031668	0.523165	1.871461
10890	-3438.651	-3605.662	167.0115	1.602153	2.311701	0.4728478	1.95969
10896	-3435.78	-3603.447	167.6665	1.699318	2.417701	0.2799985	1.673066
10902	-3430.399	-3597.949	167.5503	1.568378	1.731697	0.2855647	2.100352
10908	-3431.569	-3598.71	167.1408	1.54141	1.995138	0.3426307	2.194003
10914	-3430.091	-3597.58	167.4893	1.559642	1.460886	0.3426307	2.185336
10920	-3443.932	-3611.225	167.2926	1.558136	1.812484	0.3426307	2.156925
10926	-3426.614	-3593.55	166.9353	1.522785	2.326811	0.3426307	2.220347
10932	-3424.095	-3590.799	166.7033	1.490689	1.932264	0.4529236	2.393233
10938	-3435.5	-3601.092	165.5921	1.48922	1.572054	0.6224164	3.05536
10944	-3428.639	-3595.378	166.7392	1.351524	1.822226	0.4630822	2.489623
10950	-3436.301	-3603.315	167.0139	1.550717	1.635424	0.4099372	2.329087
10956	-3429.264	-3596.606	167.3422	1.625775	1.635424	0.4570648	2.010962
10962	-3427.075	-3594.015	166.9402	1.497761	2.277154	0.3858328	2.192866
10968	-3426.039	-3592.765	166.7256	1.494806	2.275039	0.4100966	2.303324
10974	-3441.829	-3609.476	167.647	1.626226	1.863706	0.4100966	1.76016
10980	-3447.529	-3615.28	167.7513	1.738879	1.780377	0.4100966	1.643772
10986	-3437.685	-3605.256	167.5703	1.7166	2.285928	0.4843659	1.47948
10992	-3440.529	-3608.384	167.8551	1.7166	1.956676	0.4919373	1.392837
10998	-3435.917	-3603.627	167.7105	1.716355	1.956676	0.5032265	1.489449
11004	-3444.606	-3612.212	167.6054	1.79165	2.120381	0.3427451	1.661498
11010	-3445.305	-3612.468	167.1622	1.479961	2.424134	0.5204922	1.847476
11016	-3436.131	-3602.406	166.2755	1.399706	2.457606	0.5562413	2.431919
11022	-3439.012	-3604.879	165.8666	1.399706	2.200219	0.5562413	2.768112
11028	-3440.28	-3605.18	164.9004	1.319877	2.173062	0.5528611	3.404626
11034	-3442.302	-3607.452	165.1492	1.514402	2.479728	0.6846224	2.934928
11040	-3431.117	-3596.134	165.0171	1.321715	2.929272	0.4735085	3.194093
11046	-3435.054	-3600.186	165.1318	1.363253	2.106017	0.6345561	3.194093
11052	-3424.696	-3591.159	166.4635	1.461063	1.831785	0.4621019	2.590371
11058	-3430.373	-3596.508	166.1352	1.406466	1.615051	0.5286739	2.844733
11064	-3436.222	-3602.378	166.1555	1.405684	1.865303	0.5286739	2.732933
11070	-3446.671	-3612.296	165.625	1.357984	1.767641	0.8113595	2.889223
11076	-3441.51	-3607.483	165.9728	1.439141	1.805239	0.6512293	2.736773
11082	-3460.675	-3626.308	165.6324	1.437735	2.35207	1.136858	2.422298
11088	-3444.77	-3610.648	165.8778	1.283574	2.378902	0.5941756	2.739906
11094	-3440.238	-3605.812	165.5739	1.412816	1.937552	0.6662038	2.932934
11100	-3433.115	-3599.502	166.3875	1.430316	1.937552	0.455776	2.623049
11106	-3441.907	-3607.729	165.8219	1.441076	1.886978	0.5358932	2.899154
11112	-3433.054	-3599.506	166.4519	1.491842	2.0264	0.5852565	2.381039
11118	-3432.024	-3597.985	165.9606	1.467195	2.141893	0.5401016	2.704226
11124	-3431.407	-3596.729	165.3225	1.413526	2.282968	0.6507934	2.979318
11130	-3433.94	-3599.464	165.5239	1.325971	2.010544	0.4055501	3.236514
11136	-3447.5	-3613.172	165.6712	1.320691	1.870738	0.3759338	3.236514
11142	-3454.512	-3620.553	166.041	1.58296	2.106847	0.2687941	2.918913
11148	-3443.083	-3608.859	165.7766	1.34196	1.923505	0.4656703	3.042408
11154	-3434.296	-3599.726	165.4296	1.294643	1.923505	0.4656703	3.276655
11160	-3434.25	-3599.361	165.1112	1.258852	2.263752	0.5652261	3.276655
11166	-3433.211	-3598.471	165.2596	1.338772	2.043579	0.4980851	3.276655
11172	-3432.354	-3597.37	165.0161	1.341854	2.631559	0.5375578	3.200175
11178	-3433.482	-3599.208	165.7255	1.317407	2.02662	0.5886823	2.933189
11184	-3431.068	-3597.265	166.197	1.352325	2.02662	0.4384289	2.774582
11190	-3427.269	-3593.53	166.2605	1.420021	2.02662	0.4384289	2.694271
11196	-3433.021	-3599.589	166.5684	1.326632	2.02662	0.4384289	2.561804
11202	-3428.969	-3594.396	165.4269	1.261334	1.940889	0.5319799	3.226776
11208	-3439.679	-3605.119	165.4408	1.27942	1.636465	0.5205003	3.333918
11214	-3431.485	-3597.446	165.9606	1.23517	1.96594	0.5205003	2.925727
11220	-3425.833	-3591.634	165.8003	1.40748	2.037959	0.6829195	2.74926
11226	-3422.018	-3588.009	165.991	1.457224	2.037959	0.6829195	2.601412
11232	-3419.84	-3586.07	166.2306	1.421069	2.037959	0.5167675	2.625546
11238	-3421.581	-3587.468	165.8873	1.368852	2.543148	0.4206358	2.8064
11244	-3424.008	-3589.541	165.5332	1.360408	2.198472	0.4997279	3.0481
11250	-3434.935	-3602.154	167.219	1.634948	2.310257	0.451855	1.821755
11256	-3437.914	-3605.325	167.4108	1.602139	2.323546	0.451855	1.705921
11262	-3425.073	-3592.649	167.5758	1.560763	1.940793	0.3926409	1.845381
11268	-3432.458	-3600.061	167.6029	1.563734	1.955755	0.3729948	1.845381
11274	-3437.336	-3604.479	167.1431	1.644087	1.955755	0.5996055	1.840986
11280	-3430.685	-3597.527	166.8416	1.407645	2.011639	0.3896882	2.402968
11286	-3439.654	-3606.185	166.531	1.349887	1.973157	0.6264408	2.402968
11292	-3439.347	-3606.867	167.5198	1.721798	1.918342	0.4782994	1.672403
11298	-3440.313	-3608.241	167.928	1.74202	1.613129	0.4398331	1.554146
11304	-3435.421	-3603.209	167.7876	1.734077	1.936653	0.3882618	1.5811
11310	-3435.183	-3602.807	167.6246	1.811599	2.419464	0.3921054	1.440806
11316	-3432.029	-3599.856	167.827	1.822182	2.02561	0.3921054	1.440806
11322	-3427.551	-3595.287	167.7362	1.816077	2.078815	0.4270869	1.440806
11328	-3423.676	-3591.303	167.6266	1.743737	2.078815	0.3573259	1.675443
11334	-3427.392	-3595.516	168.1245	1.803823	1.904326	0.3573259	1.333737
11340	-3417.826	-3585.269	167.443	1.85444	2.319352	0.4883093	1.453092
11346	-3425.724	-3593.774	168.05	1.977067	1.739953	0.5261717	1.07568
11352	-3428.452	-3596.407	167.9555	2.000438	2.213676	0.4687695	0.9628113
11358	-3430.635	-3598.565	167.9297	2.019106	2.451688	0.3699698	1.031305
11364	-3438.656	-3605.845	167.1892	1.610194	1.476607	0.4716105	2.179528
11370	-3442.593	-3610.872	168.2798	2.080798	1.894641	0.3813163	0.8989156
11376	-3431.386	-3599.618	168.2319	2.070345	1.894641	0.3813163	0.9619538
11382	-3432.544	-3600.515	167.9704	2.078936	2.167887	0.5243236	0.7719611
11388	-3431.188	-3599.702	168.5144	2.029137	1.475468	0.4015131	0.9634115
11394	-3433.678	-3602.092	168.4145	2.101753	1.569657	0.4065032	0.9090659
11400	-3433.412	-3598.839	165.427	1.333034	2.000607	0.5445042	3.15153
11406	-3436.332	-3602.105	165.7728	1.337913	2.311173	0.5166067	2.86463
11412	-3426.738	-3594.502	167.7638	2.128074	2.097704	0.560847	0.9404255
11418	-3425.497	-3593.628	168.1315	1.97654	1.823033	0.3580014	1.226473
11424	-3420.372	-3588.63	168.2575	1.900289	1.823033	0.3263018	1.241675
11430	-3419.414	-3587.48	168.0653	1.900095	1.823033	0.4214554	1.241675
11436	-3416.137	-3584.086	167.9488	1.856253	2.009948	0.4354024	1.259361
11442	-3431.659	-3599.781	168.1219	1.772363	1.614887	0.4679656	1.343866
11448	-3422.028	-3589.661	167.6331	1.765238	2.155823	0.4679656	1.469539
11454	-3426.397	-3594.238	167.8405	1.830092	2.155823	0.4679656	1.254165
11460	-3428.169	-3596.46	168.2908	1.973007	1.79184	0.4679656	0.8994229
11466	-3428.509	-3596.775	168.2664	1.907718	1.79184	0.3588216	1.185492
11472	-3441.252	-3609.66	168.4078	1.914814	1.560383	0.3605432	1.188992
11478	-3433.86	-3601.983	168.1231	1.916521	1.67022	0.470296	1.188992
11484	-3446.686	-3610.339	163.6531	1.236285	1.792072	0.4532335	4.392355
11490	-3433.246	-3598.804	165.5584	1.350182	1.792072	0.4894307	3.191983
11496	-3441.899	-3607.543	165.6434	1.299644	1.914216	0.5755363	3.044918
11502	-3429.318	-3592.854	163.5356	1.179177	2.042595	0.6696634	4.217187
11508	-3440.179	-3603.593	163.4138	1.220308	1.917504	0.7921973	4.217187
11514	-3437.55	-3601.514	163.9642	1.240118	1.917504	0.8055828	3.882827
11520	-3429.803	-3593.988	164.1843	1.237328	1.917504	0.8055828	3.757808
11526	-3425.99	-3592.383	166.3924	1.452927	1.777253	0.4506409	2.673159
11532	-3431.889	-3596.852	164.9629	1.334636	2.331405	0.6698756	3.210252
11538	-3425.936	-3590.887	164.9512	1.29765	2.331405	0.6410634	3.26229
11544	-3427.206	-3592.953	165.7467	1.33829	1.747893	0.5042647	3.089373
11550	-3425.852	-3591.757	165.9049	1.192087	1.444853	0.3991546	3.318909
11556	-3435.224	-3601.662	166.4379	1.454359	1.613642	0.3145631	2.876911
11562	-3435.257	-3602.158	166.9001	1.446265	1.884982	0.3145631	2.488876
11568	-3429.737	-3597.067	167.3302	1.501692	1.579989	0.4260392	2.162615
11574	-3436.286	-3603.232	166.9458	1.580786	2.194035	0.4123606	2.130988
11580	-3429.184	-3596.28	167.0961	1.603184	1.76326	0.4578325	2.130988
11586	-3429.041	-3595.727	166.6856	1.471654	1.76326	0.502467	2.429604
11592	-3434.185	-3601.215	167.0304	1.521084	1.617095	0.3146538	2.469668
11598	-3431.054	-3597.72	166.6664	1.466751	1.617095	0.4666681	2.543796
11604	-3439.085	-3605.782	166.6971	1.544397	1.837568	0.4666681	2.384743
11610	-3423.569	-3589.408	165.8383	1.434788	1.992456	0.5218924	2.868167
11616	-3425.446	-3591.173	165.7265	1.378459	1.916872	0.5218924	2.99677
11622	-3436.004	-3601.046	165.0413	1.357814	1.916872	0.5309559	3.406549
11628	-3424.966	-3591.427	166.4608	1.303115	1.899406	0.3923376	2.742656
11634	-3424.929	-3592.705	167.7756	1.610369	1.787997	0.4368125	1.679417
11640	-3423.906	-3591.13	167.2232	1.621811	1.762552	0.4368125	2.060226
11646	-3430.581	-3597.867	167.2859	1.608166	1.762552	0.3693181	2.113225
11652	-3423.595	-3590.158	166.5627	1.399975	1.762552	0.5074036	2.546584
11658	-3429.017	-3594.653	165.6362	1.321534	1.893828	0.5506781	3.066156
11664	-3431.419	-3597.1	165.6811	1.276652	1.893828	0.5506781	3.066156
11670	-3447.51	-3612.161	164.6509	1.221513	2.500488	0.5865314	3.478933
11676	-3446.632	-3612.255	165.6234	1.248562	2.137901	0.467672	3.113321
11682	-3438.799	-3603.674	164.8747	1.161471	2.137901	0.467672	3.604479
11688	-3436.949	-3602.458	165.5086	1.324439	1.602672	0.4484289	3.353001
11694	-3444.877	-3610.165	165.2886	1.17138	1.981467	0.3902823	3.492898
11700	-3434.66	-3599.45	164.7905	1.253566	1.981467	0.5779926	3.549049
11706	-3443.349	-3608.558	165.209	1.108433	1.786588	0.481468	3.549049
11712	-3443.014	-3607.751	164.7373	1.178375	1.786588	0.6741847	3.614404
11718	-3446.766	-3612.561	165.7948	1.344706	2.059975	0.6741847	2.790287
11724	-3452.888	-3617.06	164.1721	1.138555	2.238402	0.5708626	3.895314
11730	-3438.712	-3604.993	166.2809	1.302418	1.743276	0.4431592	2.854717
11736	-3447.089	-3613.23	166.1407	1.385383	1.83263	0.4431592	2.854717
11742	-3430.924	-3598.145	167.2211	1.483717	1.633767	0.4431592	2.200485
11748	-3433.65	-3600.66	167.0096	1.561253	2.088782	0.5457512	1.989849
11754	-3446.639	-3612.654	166.0147	1.385077	2.028617	0.4292678	2.874851
11760	-3430.129	-3596.276	166.1468	1.329526	1.763879	0.4944077	2.857731
11766	-3428.166	-3595.953	167.7868	1.565323	1.422323	0.3986839	1.929049
11772	-3435.187	-3601.401	166.2135	1.363197	2.205702	0.4571815	2.675757
11778	-3439.321	-3605.028	165.7073	1.457637	2.205702	0.4571815	2.926374
11784	-3422.059	-3587.288	165.2289	1.278983	2.205702	0.4571815	3.31769
11790	-3436.506	-3601.864	165.3586	1.357165	2.205702	0.5112489	3.140539
11796	-3438.175	-3603.742	165.5663	1.219997	2.147427	0.5112489	3.117588
11802	-3434.025	-3599.54	165.5146	1.271767	2.147427	0.5112489	3.117588
11808	-3436.204	-3601.184	164.9805	1.256099	2.085708	0.4626472	3.509997
11814	-3436.427	-3603.599	167.1716	1.610268	2.065496	0.6197738	1.780355
11820	-3446.947	-3612.275	165.328	1.322109	2.476716	0.3471538	3.275972
11826	-3444.312	-3609.493	165.1809	1.306317	2.24438	0.3600186	3.426189
11832	-3437.872	-3603.828	165.9557	1.42604	2.08293	0.3636974	2.943749
11838	-3435.225	-3600.904	165.6787	1.40348	2.08293	0.6938984	2.801336
11844	-3451.629	-3618.719	167.0909	1.58451	1.908116	0.4817028	2.059923
11850	-3448.15	-3613.158	165.0079	1.181677	1.858918	0.6011587	3.487637
11856	-3440.237	-3604.553	164.3161	1.140683	1.858918	0.4009822	4.101577
11862	-3449.627	-3614.965	165.3372	1.187836	1.611452	0.3331023	3.661254
11868	-3453.973	-3618.797	164.8238	1.2274	1.90416	0.5518352	3.594922
11874	-3445.32	-3610.269	164.9483	1.152779	1.90416	0.5518352	3.56594
11880	-3437.798	-3601.987	164.1886	1.116324	2.021695	0.5108395	4.021672
11886	-3441.861	-3605.462	163.601	1.160194	2.021695	0.654523	4.20936
11892	-3438.532	-3603.123	164.5904	1.218364	1.8284	0.5069586	3.803476
11898	-3433.093	-3598.413	165.32	1.125434	1.980185	0.5069586	3.379819
11904	-3436.461	-3601.477	165.0153	1.303834	1.763459	0.5069586	3.531979
11910	-3412.084	-3578.009	165.9242	1.333763	1.859671	0.5069586	2.940393
11916	-3418.881	-3584.262	165.3813	1.380553	1.859671	0.6358665	3.121026
11922	-3423.699	-3589.541	165.8418	1.319896	2.167145	0.4221842	2.979086
11928	-3425.846	-3590.963	165.1165	1.277543	2.411754	0.469971	3.308025
11934	-3432.888	-3598.509	165.6215	1.26736	1.648168	0.469971	3.279423
11940	-3443.643	-3607.171	163.5279	1.255741	2.527149	0.9466711	3.845059
11946	-3428.807	-3593.333	164.526	1.329164	2.274469	0.7322958	3.440397
11952	-3425.61	-3590.889	165.2791	1.276106	2.121828	0.536504	3.239235
11958	-3423.191	-3590.271	167.0803	1.47596	1.901271	0.3724477	2.271441
11964	-3437	-3603.545	166.545	1.348407	2.023953	0.3901093	2.620156
11970	-3430.822	-3597.124	166.302	1.417752	2.438431	0.3652619	2.620156
11976	-3432.02	-3597.996	165.9763	1.365967	2.278838	0.5331157	2.717869
11982	-3420.131	-3586.05	165.9188	1.379533	2.191507	0.5371039	2.769592
11988	-3421.766	-3587.91	166.1431	1.459656	2.143301	0.4016454	2.743337
11994	-3434.665	-3599.456	164.791	1.352355	2.143301	0.4083713	3.602916
12000	-3429.757	-3594.639	164.8822	1.387602	2.143301	0.4083713	3.529384
12006	-3436.757	-3602.984	166.2264	1.513189	2.29542	0.4096679	2.599152
12012	-3436.476	-3601.954	165.4776	1.335108	2.29542	0.448333	3.118085
12018	-3427.808	-3594.38	166.5726	1.35278	2.091152	0.4750373	2.479615
12024	-3423.773	-3589.006	165.2329	1.424453	2.091152	0.5405143	3.18522
12030	-3421.822	-3586.525	164.7032	1.252821	1.809145	0.5405143	3.694544
12036	-3418.502	-3583.348	164.8457	1.179288	1.809145	0.497714	3.694544
12042	-3422.967	-3587.715	164.7485	1.244089	1.67448	0.6903194	3.600081
12048	-3439.246	-3603.84	164.594	1.279744	2.132518	0.7455989	3.464955
12054	-3439.449	-3602.485	163.0361	1.089173	1.920365	0.9546182	4.402198
12060	-3429.166	-3593.805	164.6387	1.18695	2.18782	0.4873603	3.691023
12066	-3435.751	-3601.043	165.2911	1.279092	1.808126	0.671418	3.225162
12072	-3426.875	-3592.574	165.699	1.23852	2.072685	0.5237572	3.040398
12078	-3439.647	-3605.386	165.7386	1.356802	2.096054	0.610316	2.858373
12084	-3441.614	-3606.384	164.7701	1.475839	2.208085	1.005321	3.050285
12090	-3443.881	-3608.663	164.7819	1.265988	2.208085	0.4396747	3.604031
12096	-3436.244	-3600.19	163.9455	0.979114	2.477496	0.4396747	4.168658
12102	-3449.809	-3613.118	163.3093	0.9540591	1.964374	0.5575249	4.58833
12108	-3442.012	-3605.905	163.8937	1.100697	2.129629	0.5575249	4.121562
12114	-3438.69	-3601.483	162.7937	1.114791	2.501244	0.4426905	4.731426
12120	-3429.294	-3594.206	164.9125	1.144936	1.929221	0.5038364	3.626854
12126	-3426.377	-3591.902	165.5255	1.233483	2.180988	0.5038364	3.130057
12132	-3440.706	-3606.896	166.1904	1.437267	1.982888	0.6113512	2.571289
12138	-3432.582	-3598.845	166.263	1.492005	2.357958	0.6541696	2.323665
12144	-3437.445	-3604.223	166.7781	1.528543	2.357958	0.3642178	2.278296
12150	-3437.414	-3602.745	165.3304	1.252149	2.78702	0.7314915	2.85972
12156	-3437.083	-3600.528	163.445	1.230556	2.35308	0.7314915	4.097553
12162	-3427.861	-3590.073	162.2122	1.063032	2.35308	0.667154	4.932346
12168	-3430.715	-3594.277	163.562	1.134541	2.143307	0.4855804	4.351652
12174	-3433.541	-3597.735	164.1942	1.114543	1.847978	0.665119	3.94875
12180	-3432.565	-3596.032	163.467	1.128938	2.008241	0.6007454	4.350278
12186	-3432.903	-3597.31	164.4072	1.258049	2.008241	0.7551309	3.620735
12192	-3431.327	-3597.284	165.9568	1.309187	2.202621	0.4366604	2.88855
12198	-3427.814	-3593.924	166.1098	1.434455	2.157977	0.5941295	2.576461
12204	-3436.542	-3602.339	165.797	1.451045	2.065459	0.6109242	2.775596
12210	-3431.086	-3596.706	165.6206	1.386409	2.065459	0.4844168	3.040004
12216	-3427.978	-3594.54	166.5626	1.35385	2.003885	0.4844168	2.506649
12222	-3424.811	-3590.038	165.2268	1.333761	2.161596	0.6143178	3.153776
12228	-3432.218	-3597.425	165.2065	1.279376	1.948821	0.6143178	3.270436
12234	-3431.817	-3597.956	166.1386	1.331094	2.022557	0.557815	2.703352
12240	-3438.617	-3604.919	166.3021	1.413073	1.755222	0.5195715	2.690327
12246	-3449.558	-3616.538	166.9806	1.503598	1.8704	0.4813497	2.200377
12252	-3434.577	-3601.989	167.4121	1.52502	1.624349	0.4296041	2.069153
12258	-3451.212	-3618.975	167.7629	1.641195	1.624349	0.3517936	1.858208
12264	-3449.839	-3617.402	167.563	1.532163	1.691757	0.3517936	2.0353
12270	-3445.728	-3611.295	165.567	1.340719	2.262194	0.4505927	3.069524
12276	-3443.041	-3607.729	164.6881	1.168862	2.57711	0.5072859	3.538066
12282	-3433.805	-3598.768	164.9629	1.156815	2.559105	0.5419096	3.357077
12288	-3441.582	-3607.37	165.7878	1.15467	1.858256	0.5419096	3.096511
12294	-3432.935	-3598.478	165.543	1.250566	2.204198	0.4759273	3.129847
12300	-3440.588	-3605.828	165.2398	1.311506	1.815097	0.5550209	3.332149
12306	-3429.253	-3595.307	166.0537	1.317828	1.815097	0.5257505	2.870379
12312	-3425.714	-3590.82	165.1065	1.16394	1.970807	0.563208	3.433605
12318	-3427.462	-3592.449	164.9869	1.160318	1.970807	0.5791073	3.491617
12324	-3443.965	-3609.086	165.1203	1.347789	2.02292	0.5791073	3.285448
12330	-3438.19	-3604.635	166.4449	1.389308	2.02292	0.4133372	2.629516
12336	-3436.854	-3603.309	166.456	1.251536	1.911269	0.5033305	2.65096
12342	-3448.017	-3614.697	166.6795	1.274113	1.823993	0.3989737	2.647023
12348	-3438.678	-3605.766	167.0873	1.454676	1.823993	0.4110076	2.26297
12354	-3429.853	-3597.278	167.4246	1.572775	1.509594	0.4110076	2.105904
12360	-3439.014	-3605.578	166.5638	1.499362	1.942837	0.6116154	2.312107
12366	-3433.055	-3600.337	167.2821	1.634105	1.942837	0.6364759	1.72015
12372	-3435.133	-3602.598	167.4652	1.58323	1.739736	0.4709934	1.893538
12378	-3426.591	-3594.247	167.6567	1.651445	2.071162	0.4474031	1.598533
12384	-3424.449	-3592.086	167.6372	1.627811	1.794505	0.4474031	1.748405
12390	-3440.329	-3606.895	166.5652	1.460654	2.061439	0.5747207	2.32608
12396	-3440.877	-3607.248	166.3709	1.483254	2.110276	0.5747207	2.417302
12402	-3433.678	-3600.796	167.1179	1.503565	1.76194	0.4541032	2.186486
12408	-3453.018	-3620.194	167.176	1.610274	1.56538	0.4100435	2.218202
12414	-3412.469	-3579.28	166.8115	1.558733	1.858309	0.5150691	2.242664
12420	-3426.452	-3593.15	166.6979	1.461342	2.047195	0.530847	2.289324
12426	-3447.249	-3613.559	166.3093	1.461342	2.134728	0.530847	2.50358
12432	-3426.147	-3592.009	165.8618	1.335987	2.285732	0.4162093	2.925625
12438	-3430.25	-3595.364	165.114	1.160627	2.285732	0.5407819	3.34816
12444	-3422.284	-3586.187	163.903	1.115452	2.255332	0.548301	4.076882
12450	-3417.999	-3582.213	164.2143	1.191435	2.206031	0.5345763	3.882854
12456	-3424.399	-3589.233	164.8338	1.149192	2.030063	0.5413226	3.600551
12462	-3420.051	-3585.476	165.4256	1.235534	2.554342	0.4531578	3.125532
12468	-3435.9	-3599.606	163.7054	1.149426	1.837831	0.4764665	4.372703
12474	-3430.511	-3595.107	164.5968	1.17479	1.976818	0.6191625	3.673926
12480	-3437.554	-3602.875	165.3214	1.118451	1.663836	0.4595651	3.546836
12486	-3431.461	-3596.791	165.3299	1.204988	2.06447	0.5458075	3.261835
12492	-3432.851	-3599.993	167.1422	1.373521	1.682276	0.4543712	2.288117
12498	-3429.578	-3595.442	165.8644	1.187312	1.629217	0.6465666	3.029051
12504	-3437.593	-3603.221	165.6278	1.338884	1.943295	0.5275876	3.064572
12510	-3446.271	-3612.766	166.495	1.295601	1.575613	0.5519009	2.687407
12516	-3439.976	-3605.819	165.8434	1.327003	2.109438	0.5519009	2.861007
12522	-3430.624	-3596.465	165.8405	1.328776	1.895956	0.2938224	3.228056
12528	-3434.529	-3600.352	165.8228	1.346462	1.895956	0.2938224	3.228056
12534	-3449.816	-3616.36	166.5442	1.502152	2.109438	0.4199773	2.458943
12540	-3437.418	-3603.83	166.4124	1.466188	2.709861	0.4497289	2.337988
12546	-3439.438	-3605.95	166.5121	1.56764	2.860574	0.4497289	2.164991
12552	-3441.694	-3607.035	165.3409	1.410522	2.860574	0.6474505	2.804441
12558	-3440.507	-3606.22	165.7129	1.351052	2.588649	0.610244	2.72181
12564	-3438.941	-3605.447	166.506	1.413467	1.78577	0.4098819	2.670178
12570	-3442.349	-3608.469	166.1203	1.288081	1.775063	0.4148999	2.979178
12576	-3434.667	-3601.197	166.5307	1.35021	1.775063	0.4148999	2.692295
12582	-3429.681	-3596.163	166.4826	1.457192	1.929799	0.5548276	2.448541
12588	-3440.358	-3604.189	163.8312	1.214328	2.159051	0.7785711	3.912243
12594	-3436.099	-3601.696	165.5972	1.300383	1.930518	0.4852907	3.151641
12600	-3444.896	-3611.416	166.5201	1.371934	1.790758	0.4852907	2.601985
12606	-3427.946	-3593.849	165.9036	1.29408	1.416011	0.4852907	3.180581
12612	-3430.618	-3595.573	164.9547	1.130877	1.607517	0.5651667	3.675087
12618	-3420.906	-3586.071	165.1649	1.253393	1.607517	0.5271525	3.516183
12624	-3423.643	-3589.079	165.4364	1.166749	1.607517	0.4197725	3.516183
12630	-3421.263	-3585.893	164.6296	1.191214	1.607517	0.5578019	3.834293
12636	-3429.899	-3593.93	164.0309	1.108396	2.284745	0.398736	4.146093
12642	-3431.037	-3596.379	165.3421	1.264079	1.951153	0.3506773	3.465029
12648	-3429.99	-3595.72	165.7298	1.374004	1.951153	0.4982498	3.0082
12654	-3448.692	-3615.329	166.6365	1.485775	2.188047	0.4982498	2.296225
12660	-3435.387	-3601.488	166.1012	1.244275	1.856363	0.3316595	3.086873
12666	-3433.917	-3599.361	165.444	1.225722	2.018298	0.3984738	3.348061
12672	-3423.803	-3588.926	165.1234	1.144173	2.344995	0.5257639	3.348061
12678	-3433.264	-3597.529	164.2643	1.145597	2.306265	0.5134348	3.869202
12684	-3435.816	-3602.041	166.2248	1.267998	2.202844	0.6670575	2.529477
12690	-3443.398	-3607.942	164.5449	1.19511	2.31611	0.5012086	3.687528
12696	-3452.697	-3616.891	164.1937	1.311293	2.31611	0.6584551	3.687528
12702	-3446.097	-3609.924	163.8272	1.130497	2.31611	0.6997836	3.970663
12708	-3440.854	-3604.805	163.9505	1.205855	2.110231	0.6997836	3.920804
12714	-3450.973	-3615.545	164.5722	1.285061	2.12455	0.6155928	3.577905
12720	-3449.535	-3613.589	164.0538	1.208804	2.974195	0.466499	3.81777
12726	-3432.734	-3597.85	165.1156	1.314427	2.851717	0.4011397	3.238015
12732	-3439.26	-3603.875	164.6149	1.382283	2.78814	0.6944947	3.238015
12738	-3431.873	-3597.461	165.5872	1.356203	1.881171	0.3959727	3.238015
12744	-3433.513	-3598.706	165.1933	1.245858	2.66091	0.4428955	3.238015
12750	-3418.56	-3583.074	164.5135	1.235362	2.32867	0.5856329	3.602245
12756	-3426.121	-3589.784	163.6631	1.248871	1.836128	0.5856329	4.242954
12762	-3433.846	-3599.163	165.3168	1.209324	1.998415	0.4782692	3.354262
12768	-3434.486	-3599.03	164.5446	1.194385	2.135889	0.6039181	3.652608
12774	-3429.655	-3594.718	165.0638	1.217601	2.135889	0.448301	3.482159
12780	-3427.853	-3592.512	164.6582	1.252074	2.135889	0.553611	3.59681
12786	-3430.549	-3596.666	166.1173	1.300315	2.135889	0.553611	2.699676
12792	-3431.086	-3595.452	164.3665	1.258946	2.01443	0.5230102	3.82916
12798	-3421.205	-3585.421	164.2156	1.187789	2.01443	0.4891446	3.988294
12804	-3427.247	-3591.342	164.0951	1.31759	2.01443	0.4836498	3.988294
12810	-3427.973	-3594.295	166.3226	1.33935	2.01443	0.4497226	2.697611
12816	-3426.248	-3592.657	166.4092	1.312195	1.907172	0.4497226	2.700315
12822	-3423.86	-3590.999	167.1389	1.467873	1.907172	0.4084493	2.191116
12828	-3420.339	-3587.438	167.099	1.507701	1.907172	0.4084493	2.191116
12834	-3418.03	-3585.451	167.4209	1.567004	1.907172	0.4391563	1.901096
12840	-3432.899	-3599.082	166.183	1.475608	2.175781	0.5254673	2.564549
12846	-3437.521	-3602.905	165.3847	1.387082	2.490424	0.5865015	2.949139
12852	-3436.301	-3602.155	165.8546	1.542368	2.233482	0.5865015	2.649026
12858	-3442.476	-3609.704	167.228	1.566455	1.871962	0.4117523	2.078528
12864	-3449.358	-3616.976	167.6177	1.643032	1.911663	0.3586484	1.819136
12870	-3451.382	-3617.081	165.6991	1.508993	2.61032	0.7525383	2.509374
12876	-3455.418	-3621.86	166.4421	1.421572	1.879145	0.6264966	2.449501
12882	-3438.643	-3604.731	166.0887	1.291206	1.928446	0.4382126	2.912821
12888	-3438.628	-3603.987	165.3594	1.211893	1.943715	0.4382126	3.388145
12894	-3442.192	-3606.867	164.6751	1.187574	2.043425	0.713221	3.524746
12900	-3431.051	-3596.069	165.0172	1.327451	2.26246	0.4684778	3.384074
12906	-3435.213	-3601.611	166.3977	1.409505	1.959131	0.4684778	2.607887
12912	-3445.457	-3610.911	165.4535	1.305238	1.959131	0.4684778	3.24075
12918	-3424.704	-3590.351	165.6476	1.348581	2.476608	0.4684778	2.931567
12924	-3422.045	-3587.986	165.9412	1.39665	1.885397	0.5126187	2.876997
12930	-3423.005	-3589.192	166.1868	1.432535	1.826611	0.3766144	2.876997
12936	-3430.748	-3596.345	165.5964	1.429177	2.579686	0.4934558	2.857829
12942	-3440.983	-3609.036	168.0527	1.823365	1.742157	0.4669508	1.29085
12948	-3439.811	-3607.737	167.9254	1.706214	2.063708	0.4951981	1.29085
12954	-3437.321	-3602.017	164.6956	1.213315	2.150675	0.4329451	3.709827
12960	-3430.008	-3597.058	167.0498	1.675148	2.366413	0.4025233	1.951571
12966	-3423.128	-3590.626	167.4974	1.603919	1.924662	0.5232253	1.716546
12972	-3432.11	-3597.538	165.4277	1.304632	1.568957	0.6536276	3.238362
12978	-3430.574	-3596.218	165.6438	1.459284	2.172336	0.3686411	3.07483
12984	-3424.376	-3591.438	167.0622	1.50091	1.857921	0.5113096	2.121627
12990	-3429.761	-3595.461	165.6994	1.381728	1.74834	0.4830008	3.112683
12996	-3421.181	-3585.85	164.669	1.246486	1.878915	0.5829611	3.655309
13002	-3422.496	-3586.958	164.4616	1.182694	2.361473	0.5829611	3.655309
13008	-3447.118	-3612.511	165.3931	1.272557	2.070721	0.4725581	3.253172
13014	-3439.584	-3604.475	164.8909	1.368435	1.975481	0.3840713	3.618808
13020	-3434.986	-3599.624	164.6383	1.224991	2.266045	0.5144848	3.618808
13026	-3432.279	-3597.796	165.5165	1.319931	2.266045	0.5144848	3.046126
13032	-3433.945	-3598.562	164.6174	1.129908	1.942938	0.5409899	3.766924
13038	-3443.539	-3606.706	163.167	1.09041	1.434537	0.5757014	4.775044
13044	-3440.322	-3603.143	162.8205	1.091419	2.317062	0.5185256	4.709544
13050	-3441.716	-3605.48	163.7632	1.180972	1.915275	0.6982023	4.108196
13056	-3438.22	-3602.372	164.1528	1.139614	1.915275	0.639801	3.954266
13062	-3426.273	-3590.011	163.7377	1.222055	2.194676	0.7726204	3.954266
13068	-3435.513	-3601.712	166.1991	1.332265	2.194676	0.5010318	2.661351
13074	-3437.986	-3603.994	166.008	1.316436	1.519528	0.4862863	3.058081
13080	-3435.041	-3601.388	166.3472	1.281632	1.764347	0.4849945	2.77443
13086	-3428.414	-3594	165.5856	1.210808	1.764347	0.5432316	3.217453
13092	-3432.066	-3597.82	165.7535	1.24752	1.8824	0.4299172	3.16544
13098	-3428.878	-3594.649	165.7709	1.361619	2.125014	0.3682407	3.073438
13104	-3434.232	-3599.989	165.7578	1.363611	1.988403	0.583443	2.903945
13110	-3433.248	-3599.099	165.8516	1.346945	1.677073	0.524559	3.029909
13116	-3435.592	-3601.077	165.4852	1.378083	2.052416	0.3921166	3.229616
13122	-3430.387	-3596.225	165.8379	1.5329	2.533299	0.3525029	2.821402
13128	-3429.764	-3596.332	166.5682	1.502769	1.953657	0.3525029	2.583057
13134	-3429.193	-3594.377	165.1832	1.43515	1.870502	0.423573	3.402384
13140	-3428.461	-3593.93	165.4687	1.402429	2.690247	0.4950646	2.918062
13146	-3426.087	-3590.573	164.4858	1.222633	1.895805	0.5243331	3.820955
13152	-3435.533	-3601.114	165.5808	1.395061	2.765801	0.4267504	2.906143
13158	-3424.77	-3590.855	166.0845	1.411404	1.793269	0.4267504	2.906143
13164	-3432.11	-3598.681	166.5711	1.566605	2.221046	0.371485	2.42209
13170	-3429.911	-3596.476	166.5649	1.543859	2.228386	0.371485	2.43778
13176	-3429.963	-3597.315	167.3511	1.617613	1.606021	0.371485	2.130272
13182	-3431.654	-3598.704	167.0502	1.568752	2.066931	0.5551355	1.956253
13188	-3443.651	-3609.661	166.0097	1.424554	2.237432	0.5302548	2.677751
13194	-3427.727	-3593.995	166.268	1.558067	2.5778	0.5712082	2.284496
13200	-3421.149	-3587.084	165.9349	1.488966	2.081006	0.5239092	2.74333
13206	-3433.232	-3599.346	166.1137	1.449287	2.399956	0.5233726	2.552482
13212	-3430.36	-3596.461	166.1017	1.397021	2.471264	0.4597578	2.636092
13218	-3438.074	-3603.257	165.1835	1.53184	2.385331	0.7304922	2.896621
13224	-3436.047	-3602.331	166.2838	1.40856	2.109131	0.7304922	2.384824
13230	-3426.308	-3592.709	166.401	1.470145	2.234608	0.552403	2.384824
13236	-3433.228	-3599.726	166.4983	1.577198	2.270033	0.4947903	2.301572
13242	-3431.65	-3598.049	166.3988	1.435991	2.016884	0.4947903	2.54193
13248	-3438.777	-3604.429	165.652	1.386372	2.305616	0.4947903	2.931725
13254	-3437.322	-3603.371	166.049	1.35759	1.85415	0.5645757	2.797468
13260	-3438.551	-3604.312	165.7606	1.352311	1.85415	0.6686131	2.885554
13266	-3434.835	-3600.827	165.9917	1.371339	1.85415	0.5004483	2.885554
13272	-3438.23	-3603.881	165.6505	1.519717	2.852792	0.479869	2.706945
13278	-3435.3	-3601.701	166.4007	1.508636	2.253215	0.479869	2.428538
13284	-3436.441	-3603.278	166.8368	1.487166	1.914636	0.5222965	2.242644
13290	-3444.246	-3611.614	167.3685	1.570409	1.619527	0.3252691	2.207019
13296	-3433.713	-3601.139	167.4262	1.626045	1.610581	0.3252691	2.137477
13302	-3422.832	-3590.194	167.3625	1.543249	1.866498	0.3252691	2.123573
13308	-3433.836	-3600.915	167.0789	1.549293	1.94864	0.3252691	2.270865
13314	-3435.028	-3601.845	166.8167	1.401874	2.380876	0.3252691	2.379713
13320	-3428.746	-3594.299	165.5533	1.32517	2.380876	0.5116047	2.987877
13326	-3444.539	-3610.285	165.7457	1.375308	1.937327	0.537186	2.965079
13332	-3431.955	-3599.863	167.9084	1.995717	2.268661	0.4332025	1.047863
13338	-3430.314	-3598.303	167.9891	1.851847	2.264318	0.4332025	1.108919
13344	-3434.05	-3602.087	168.0376	1.906539	1.739625	0.6460387	0.9839307
13350	-3428.008	-3595.777	167.7692	1.969763	2.107115	0.6460387	0.9658339
13356	-3427.344	-3595.29	167.9456	1.920541	2.107115	0.5328947	1.006143
13362	-3427.222	-3595.374	168.1526	2.000134	2.107115	0.3669662	1.016335
13368	-3430.844	-3598.915	168.0711	2.000134	2.107115	0.3669662	1.093834
13374	-3427.695	-3594.905	167.2101	1.457166	1.714563	0.3854216	2.259675
13380	-3429.957	-3596.538	166.5809	1.399381	1.909286	0.5511749	2.43442
13386	-3423.737	-3589.428	165.6916	1.3298	1.909286	0.4557928	3.115891
13392	-3423.468	-3590.556	167.0879	1.533519	1.909286	0.3452847	2.262592
13398	-3432.182	-3598.374	166.1922	1.417927	1.300868	0.5146666	2.95975
13404	-3430.054	-3595.902	165.8484	1.222615	1.300868	0.4358103	3.360384
13410	-3431.676	-3597.224	165.5481	1.270606	1.731655	0.4022137	3.360384
13416	-3442.196	-3606.887	164.6908	1.184071	1.731655	0.3352556	3.985881
13422	-3434.013	-3599.271	165.2577	1.321454	1.841911	0.5008539	3.356547
13428	-3435.98	-3601.175	165.195	1.331553	1.801637	0.292163	3.640983
13434	-3435.467	-3601.919	166.452	1.52376	2.417794	0.292163	2.567622
13440	-3432.236	-3598.016	165.7805	1.433504	2.417794	0.3067573	3.011149
13446	-3437.33	-3602.663	165.3335	1.391522	2.508633	0.5434361	3.011149
13452	-3433.289	-3600.032	166.7424	1.525893	2.436377	0.5254404	2.088727
13458	-3445.766	-3611.59	165.8232	1.395713	2.001088	0.5512274	2.869969
13464	-3430.206	-3596.017	165.8109	1.436141	2.406995	0.5512274	2.718235
13470	-3434.674	-3600.543	165.8694	1.427485	1.832816	0.5512274	2.884579
13476	-3432.855	-3597.991	165.1361	1.207108	1.785395	0.572082	3.450048
13482	-3435.468	-3600.728	165.2603	1.20601	2.019319	0.4972692	3.363435
13488	-3429.848	-3594.225	164.3772	1.186758	1.754051	0.3660398	4.117913
13494	-3424.649	-3587.713	163.0642	1.066927	1.946858	0.744112	4.524203
13500	-3431.241	-3593.894	162.6524	1.263964	2.318472	1.026757	4.352873
13506	-3441.881	-3605.327	163.4455	1.287896	2.04723	0.7410033	4.152664
13512	-3438.12	-3602.43	164.3104	1.194306	1.907462	0.4965053	3.959814
13518	-3437.748	-3602.126	164.3778	1.23912	1.907462	0.5782785	3.821579
13524	-3432.539	-3596.923	164.3836	1.155968	2.227423	0.5104083	3.821579
13530	-3434.994	-3599.939	164.9444	1.136667	2.271348	0.5495951	3.458003
13536	-3438.219	-3602.817	164.5972	1.203274	1.925635	0.5664039	3.719731
13542	-3431.143	-3595.914	164.7711	1.251133	1.843815	0.5211024	3.661421
13548	-3429.149	-3594.032	164.8832	1.139037	1.843815	0.5211024	3.661421
13554	-3428.778	-3593.47	164.6919	1.139037	2.093745	0.5481301	3.661421
13560	-3428.579	-3594.165	165.5865	1.246093	1.800322	0.5481301	3.177819
13566	-3423.616	-3588.558	164.9422	1.250467	1.956635	0.5821851	3.467311
13572	-3424.428	-3590.458	166.03	1.402306	2.086298	0.6134536	2.653186
13578	-3426.684	-3592.814	166.1302	1.447485	1.92711	0.4289254	2.803729
13584	-3425.607	-3591.243	165.6358	1.301703	1.92711	0.6496224	2.979912
13590	-3424.137	-3589.462	165.3251	1.343037	1.998341	0.4938354	3.255139
13596	-3424.37	-3590.431	166.0619	1.382637	2.500512	0.5364839	2.58194
13602	-3419.141	-3583.936	164.7943	1.308248	2.500512	0.5364839	3.38892
13608	-3416.124	-3581.916	165.7914	1.189508	1.74652	0.4248167	3.233924
13614	-3417.832	-3583.139	165.3072	1.235502	1.832743	0.3768324	3.513078
13620	-3436.56	-3602.851	166.2907	1.412291	1.832743	0.6955467	2.509584
13626	-3417.756	-3584.055	166.2986	1.375579	1.832743	0.4570123	2.749523
13632	-3417.17	-3583.292	166.122	1.238491	1.886857	0.6079882	2.774146
13638	-3420.253	-3586.071	165.8181	1.37766	2.099114	0.4662462	2.933846
13644	-3430.308	-3596.203	165.8951	1.299854	2.099114	0.4666788	2.933846
13650	-3445.68	-3610.838	165.1573	1.185542	2.364222	0.4666788	3.355716
13656	-3430.436	-3596.497	166.0609	1.279994	1.473471	0.5335538	3.022336
13662	-3421.355	-3586.506	165.1515	1.252687	2.190596	0.6520896	3.205772
13668	-3423.11	-3588.891	165.7806	1.257565	2.195076	0.3711344	3.103104
13674	-3432.849	-3599.432	166.5832	1.348909	1.649356	0.405354	2.723083
13680	-3441.448	-3607.649	166.2008	1.48141	2.390516	0.4695809	2.536954
13686	-3431.575	-3598.158	166.5834	1.372905	1.904783	0.4695809	2.534515
13692	-3425.646	-3591.979	166.3337	1.387556	2.322425	0.4695809	2.534515
13698	-3439.06	-3604.234	165.1731	1.195335	2.322425	0.429848	3.391975
13704	-3438.292	-3604.348	166.0557	1.403182	2.247023	0.5010727	2.68851
13710	-3440.884	-3606.222	165.3379	1.325696	3.161384	0.3922441	3.031129
13716	-3423.926	-3589.869	165.9431	1.224996	1.765767	0.3669353	3.182285
13722	-3437.553	-3603.3	165.7473	1.258034	2.152472	0.4682892	3.028201
13728	-3434.312	-3601.437	167.1251	1.553211	2.014119	0.282583	2.277196
13734	-3438.547	-3602.744	164.1974	1.140592	2.418879	0.4333224	3.95624
13740	-3436.342	-3600.265	163.9226	1.125006	2.418879	0.5632675	3.998715
13746	-3424.945	-3589.753	164.8075	1.125006	1.738325	0.4641719	3.807093
13752	-3433.643	-3597.36	163.7165	1.168273	2.008939	0.4022113	4.373249
13758	-3426.208	-3590.072	163.8638	1.135865	2.008939	0.4022113	4.308332
13764	-3424.509	-3590.353	165.8443	1.312234	2.026215	0.4182688	3.034393
13770	-3433.059	-3595.626	162.5671	1.122033	2.026215	0.7419423	4.74718
13776	-3426.78	-3590.404	163.6233	0.9975067	2.026215	0.4031878	4.515212
13782	-3424.561	-3589.853	165.2923	1.341015	2.226539	0.4031878	3.295508
13788	-3434.745	-3600.199	165.4539	1.413598	2.226539	0.5664878	2.991344
13794	-3425.776	-3592.09	166.3136	1.428473	2.226539	0.4323321	2.594249
13800	-3429.438	-3595.743	166.3056	1.436398	2.226539	0.4323321	2.594249
13806	-3423.181	-3589.178	165.9975	1.381126	1.611691	0.6438559	2.841538
13812	-3425.385	-3591.255	165.8697	1.429932	1.824232	0.5805574	2.859272
13818	-3422.894	-3588.523	165.6294	1.334126	1.824232	0.5806599	3.061362
13824	-3431.046	-3596.771	165.7244	1.344528	1.824232	0.5128687	3.061362
13830	-3432.143	-3598.206	166.063	1.344528	1.824232	0.7544526	2.649759
13836	-3434.846	-3599.971	165.1255	1.385383	1.824232	0.6767936	3.249917
13842	-3443.991	-3609.59	165.5991	1.427025	2.198587	0.5779343	2.894589
13848	-3433.92	-3599.84	165.92	1.303926	2.119541	0.5250384	2.850722
13854	-3431.21	-3595.524	164.3134	1.11133	2.15788	0.5250384	3.895821
13860	-3441.217	-3606.625	165.4073	1.234941	2.155833	0.5432568	3.170155
13866	-3435.096	-3600.504	165.4073	1.351644	1.952883	0.5432568	3.170155
13872	-3431.474	-3597.574	166.0992	1.461075	1.862498	0.4062276	2.864102
13878	-3429.878	-3596.373	166.4949	1.461075	2.152536	0.4062276	2.516696
13884	-3437.367	-3604.197	166.8304	1.461075	1.742903	0.3610997	2.516696
13890	-3432.006	-3598.701	166.6949	1.490628	1.960916	0.4984739	2.338237
13896	-3427.847	-3594.321	166.4735	1.541184	2.220519	0.4984739	2.353313
13902	-3426.73	-3593.727	166.9975	1.541184	1.773833	0.469065	2.218154
13908	-3424.373	-3590.419	166.0465	1.339303	2.387722	0.469065	2.721407
13914	-3426.474	-3591.929	165.4556	1.419228	2.675232	0.4745677	2.940912
13920	-3438.076	-3604.009	165.9327	1.419228	2.344335	0.3637604	2.876158
13926	-3425.92	-3591.59	165.67	1.416181	2.344335	0.4186994	2.97156
13932	-3445.234	-3610.393	165.1592	1.228754	1.390453	0.4534812	3.698201
13938	-3436.171	-3600.726	164.5545	1.252581	2.704534	0.4825338	3.556217
13944	-3440.705	-3603.93	163.2244	1.076105	2.086207	0.4825338	4.59552
13950	-3432.543	-3597.952	165.4095	1.242139	1.68091	0.7479349	3.167656
13956	-3437.282	-3602.027	164.7452	1.4088	2.557349	0.7479349	3.168553
13962	-3428.877	-3592.772	163.8951	1.35977	2.266026	0.7479349	3.780125
13968	-3429.497	-3594.23	164.7332	1.39153	2.655371	0.7479349	3.158268
13974	-3424.458	-3591.103	166.6444	1.483462	1.564023	0.617553	2.422303
13980	-3418.485	-3584.842	166.3573	1.503408	2.35709	0.617553	2.289065
13986	-3419.594	-3586.143	166.5485	1.503408	1.764824	0.5244641	2.472742
13992	-3423.21	-3589.577	166.3679	1.513057	2.044968	0.5244641	2.472742
13998	-3431.05	-3597.834	166.7841	1.565869	1.759795	0.4961996	2.315533
14004	-3417.609	-3583.694	166.0849	1.441532	1.792443	0.5979603	2.717774
14010	-3420.265	-3586.936	166.6715	1.433975	2.133324	0.4485532	2.380416
14016	-3437.355	-3604.082	166.7271	1.500932	1.904083	0.4485532	2.387425
14022	-3451.585	-3617.866	166.2816	1.500932	2.703076	0.461924	2.387235
14028	-3437.903	-3604.173	166.27	1.569877	2.342631	0.4285299	2.499533
14034	-3432.756	-3599.004	166.2476	1.45031	2.137377	0.4285299	2.656002
14040	-3447.469	-3612.836	165.3676	1.337066	2.137377	0.5320686	3.149648
14046	-3437.162	-3603.969	166.8066	1.491696	2.038281	0.3780534	2.376737
14052	-3437.567	-3603.961	166.3945	1.508608	2.038281	0.6053444	2.383818
14058	-3430.112	-3595.352	165.24	1.385428	2.038281	0.624195	3.148284
14064	-3430.665	-3596.881	166.2152	1.388974	1.388509	0.5680096	2.870715
14070	-3426.135	-3592.997	166.8623	1.429754	1.789681	0.5606953	2.274609
14076	-3439.609	-3606.374	166.7655	1.402041	1.949871	0.5606953	2.29089
14082	-3434.534	-3601.726	167.1918	1.604915	1.823989	0.4885404	2.006385
14088	-3429.134	-3596.493	167.3593	1.605723	1.823989	0.3624778	2.049904
14094	-3428.349	-3595.639	167.2903	1.616143	1.893045	0.4590595	1.93799
14100	-3439.286	-3607.047	167.7607	1.66621	1.893045	0.4590595	1.573688
14106	-3429.949	-3597.248	167.2991	1.606272	1.799607	0.46102	1.975659
14112	-3427.174	-3594.625	167.451	1.695984	1.799607	0.4318752	1.84733
14118	-3436.945	-3603.995	167.0497	1.527577	1.799607	0.4318752	2.22523
14124	-3435.046	-3601.215	166.169	1.354877	1.799607	0.406757	2.909424
14130	-3435.502	-3600.896	165.3941	1.342	1.953875	0.4393373	3.286431
14136	-3442.552	-3607.009	164.4567	1.243578	1.953875	0.7347505	3.633804
14142	-3442.275	-3607.625	165.3505	1.312536	1.953875	0.4511044	3.317041
14148	-3424.471	-3588.724	164.2523	1.312536	2.086611	0.7384177	3.664824
14154	-3426.143	-3591.081	164.9385	1.397201	2.582131	0.7134934	3.079177
14160	-3447.93	-3613.497	165.5671	1.455448	2.105713	0.4255806	3.079177
14166	-3432.851	-3598.094	165.2432	1.311425	2.105713	0.5071866	3.272716
14172	-3428.359	-3594.268	165.9091	1.389574	2.009375	0.3370906	3.052664
14178	-3427.855	-3594.749	166.8939	1.548181	2.009375	0.4619053	2.1952
14184	-3431.235	-3598.255	167.0205	1.565772	2.224744	0.4674804	2.014992
14190	-3444.049	-3610.307	166.258	1.386924	2.37489	0.5341335	2.498725
14196	-3448.583	-3615.072	166.4896	1.577037	1.673548	0.5341335	2.491633
14202	-3445.046	-3611.55	166.5046	1.592377	2.167377	0.5017596	2.31592
14208	-3439.792	-3606.972	167.1801	1.701921	2.167377	0.5219597	1.773572
14214	-3436.307	-3603.557	167.2501	1.594272	2.167377	0.3936003	1.954064
14220	-3430.237	-3596.39	166.1532	1.392565	2.559762	0.4518555	2.588864
14226	-3432.939	-3599.917	166.9786	1.600503	2.014252	0.4706115	2.094191
14232	-3430.97	-3598.195	167.2247	1.499721	2.014252	0.4706115	1.997978
14238	-3425.891	-3592.567	166.6765	1.691567	2.014252	0.711199	1.997978
14244	-3424.143	-3590.61	166.4672	1.499559	1.979986	0.7044173	2.278835
14250	-3432.124	-3598.736	166.6117	1.454847	1.812721	0.7044173	2.280483
14256	-3440.239	-3607.078	166.8389	1.426224	1.812721	0.5632675	2.279976
14262	-3439.319	-3606.072	166.7532	1.426224	1.79149	0.3432591	2.590123
14268	-3439.496	-3605.362	165.8666	1.207987	1.859217	0.4528148	3.105649
14274	-3435.808	-3601.017	165.2095	1.31957	2.459933	0.3972758	3.2924
14280	-3450.152	-3615.424	165.2714	1.372217	2.010266	0.5797458	3.185416
14286	-3453.076	-3617.893	164.817	1.193957	2.010266	0.4782013	3.650783
14292	-3439.119	-3605.818	166.6989	1.455928	1.884146	0.4968413	2.388898
14298	-3430.263	-3596.052	165.7889	1.439782	2.655603	0.387035	2.829653
14304	-3431.261	-3597.685	166.4232	1.418847	2.052156	0.357793	2.681908
14310	-3437.442	-3604.072	166.6292	1.409168	2.052156	0.3580535	2.560313
14316	-3436.091	-3602.63	166.539	1.430788	2.144991	0.4543258	2.455425
14322	-3429.563	-3596.342	166.7785	1.498729	2.144991	0.429854	2.288531
14328	-3433.621	-3600.438	166.8173	1.459964	2.144991	0.429854	2.288531
14334	-3423.992	-3590.282	166.29	1.394183	2.205799	0.4359009	2.632948
14340	-3433.319	-3598.962	165.6422	1.26768	2.12511	0.6363128	2.938352
14346	-3439.824	-3605.693	165.8695	1.433761	2.40097	0.7554804	2.511817
14352	-3432.074	-3598.311	166.2363	1.541775	2.655458	0.5967159	2.267419
14358	-3450.328	-3617.012	166.6844	1.506049	1.966074	0.5346485	2.29585
14364	-3433.221	-3600.095	166.8745	1.397045	2.10498	0.4170498	2.321603
14370	-3424.562	-3590.507	165.9449	1.362913	2.393088	0.4170498	2.824374
14376	-3439.993	-3605.103	165.1096	1.190801	2.393088	0.4244426	3.416343
14382	-3440.134	-3606.25	166.1159	1.32034	2.097453	0.4252141	2.833378
14388	-3429.988	-3594.435	164.4474	1.231177	1.912577	0.7323739	3.662508
14394	-3436.368	-3600.943	164.575	1.250692	2.476701	0.3821289	3.715232
14400	-3426.178	-3591.634	165.4557	1.290269	2.476701	0.5659156	2.987301
14406	-3430.032	-3594.636	164.6037	1.231176	2.097264	0.5985794	3.614063
14412	-3437.849	-3604.807	166.9584	1.578076	1.669561	0.4071588	2.335577
14418	-3432.442	-3599.822	167.3795	1.464514	1.66721	0.4841375	2.047829
14424	-3424.822	-3592.151	167.3287	1.583195	1.768389	0.3803179	2.084499
14430	-3437.468	-3603.262	165.7941	1.309648	1.878048	0.6189219	2.923652
14436	-3431.488	-3596.687	165.1997	1.404932	2.580069	0.6189219	2.995184
14442	-3439.931	-3605.676	165.7456	1.459477	2.002652	0.537495	2.890709
14448	-3437.352	-3604.698	167.3461	1.608446	1.96248	0.4136353	1.932987
14454	-3419.853	-3586.93	167.0772	1.660689	1.96248	0.5384704	1.934587
14460	-3423.871	-3590.385	166.5141	1.541945	2.206887	0.4202388	2.418656
14466	-3426.811	-3593.506	166.6949	1.52413	2.206887	0.351845	2.40113
14472	-3431.385	-3597.519	166.1342	1.368431	2.167844	0.5088118	2.68019
14478	-3425.209	-3591.007	165.7987	1.313946	1.748434	0.5567445	3.02283
14484	-3439.134	-3603.347	164.2129	1.254285	2.016581	0.6065293	3.846481
14490	-3448.918	-3613.587	164.6686	1.194999	2.108513	0.6680095	3.537188
14496	-3442.263	-3608.548	166.2857	1.384057	1.954272	0.5017711	2.659817
14502	-3440.36	-3606.547	166.188	1.325463	1.444252	0.4022101	3.068795
14508	-3434.329	-3600.172	165.8425	1.248597	1.52835	0.4184556	3.264344
14514	-3425.341	-3591.833	166.4925	1.401353	1.73382	0.5462513	2.562528
14520	-3440.633	-3604.202	163.569	1.200753	1.903431	0.6374941	4.257743
14526	-3444.152	-3608.202	164.0501	1.123592	2.081473	0.4994844	4.087525
14532	-3434.583	-3599.416	164.8324	1.200225	1.537199	0.4552807	3.837915
14538	-3429.43	-3593.463	164.0326	1.079712	1.686736	0.6104463	4.163667
14544	-3431.078	-3594.577	163.4983	1.120944	1.918658	0.4652318	4.488337
14550	-3442.621	-3607.63	165.0084	1.446378	1.952503	0.6500549	3.257927
14556	-3455.729	-3621.939	166.2104	1.4361	1.952503	0.4227545	2.759434
14562	-3445.876	-3611.746	165.8702	1.334784	2.097908	0.4315691	2.965882
14568	-3441.259	-3606.631	165.3721	1.342266	2.600881	0.5704786	2.965882
14574	-3456.796	-3622.342	165.5458	1.275361	2.267426	0.4534033	3.116527
14580	-3431.97	-3597.475	165.505	1.324391	2.106173	0.5014152	3.115287
14586	-3430.007	-3595.833	165.825	1.340711	2.544854	0.5014152	2.774778
14592	-3434.174	-3600.115	165.9405	1.431514	2.633792	0.5014152	2.622109
14598	-3444.387	-3610.494	166.1073	1.451218	1.790648	0.4076436	2.890957
14604	-3432.211	-3598.76	166.5487	1.449181	1.62839	0.4840538	2.604426
14610	-3440.518	-3607.291	166.7726	1.555779	2.357645	0.4967516	2.106234
14616	-3435.71	-3602.047	166.337	1.473204	2.662595	0.4967516	2.344014
14622	-3436.367	-3602.395	166.0276	1.535264	3.111609	0.5254643	2.346273
14628	-3426.833	-3593.421	166.5888	1.429721	2.410388	0.3749384	2.430415
14634	-3428.022	-3595.173	167.1516	1.55118	1.536419	0.4554056	2.231957
14640	-3437.501	-3605.256	167.7548	1.630415	1.341224	0.4554056	1.878636
14646	-3449.904	-3617.865	167.961	1.625231	1.341224	0.4478292	1.749185
14652	-3436.859	-3603.016	166.1569	1.449855	2.272163	0.5400281	2.550119
14658	-3435.266	-3601.39	166.1242	1.402966	2.272163	0.5400281	2.599488
14664	-3437.78	-3603.589	165.8095	1.390566	2.118608	0.5118997	2.878302
14670	-3441.928	-3607.726	165.798	1.402081	2.118608	0.5118997	2.878302
14676	-3441.238	-3606.09	164.8517	1.17841	2.006096	0.5015814	3.61838
14682	-3431.706	-3597.273	165.5671	1.31783	1.804555	0.5110565	3.180066
14688	-3436.416	-3601.438	165.022	1.249187	1.829885	0.5314026	3.512309
14694	-3435.204	-3599.536	164.3317	1.30551	2.182977	0.5314026	3.759843
14700	-3449.852	-3615.246	165.3944	1.226756	1.680203	0.5843686	3.316776
14706	-3448.325	-3614.373	166.0487	1.315061	2.150625	0.4052944	2.881958
14712	-3432.134	-3598.411	166.2772	1.315061	1.544723	0.4904227	2.881958
14718	-3447.217	-3612.553	165.3362	1.224858	1.827531	0.4904227	3.382644
14724	-3432.087	-3596.15	164.063	1.205075	2.005173	0.4904227	4.067398
14730	-3431.627	-3597.53	165.9023	1.511339	2.121973	0.5029847	2.756195
14736	-3432.705	-3598.403	165.6983	1.506725	2.471938	0.6532156	2.633019
14742	-3427.082	-3592.67	165.5878	1.368076	1.746931	0.7395247	2.966051
14748	-3427.858	-3593.888	166.0309	1.40903	1.892539	0.8071422	2.564308
14754	-3430.907	-3595.57	164.6626	1.279509	2.335158	0.8752289	3.271658
14760	-3439.131	-3604.503	165.372	1.356878	2.628848	0.7438621	2.805763
14766	-3446.418	-3612.806	166.3884	1.53234	2.149317	0.7438621	2.213842
14772	-3436.63	-3603.325	166.6955	1.500283	2.529079	0.428796	2.213842
14778	-3439.72	-3606.746	167.026	1.633149	2.436288	0.5766891	1.771333
14784	-3440.775	-3607.981	167.2062	1.601346	2.436288	0.4087232	1.863523
14790	-3433.386	-3600.93	167.5437	1.887783	2.436288	0.470472	1.325318
14796	-3425.529	-3593.144	167.6144	1.817076	2.436288	0.470472	1.325318
14802	-3431.969	-3599.836	167.8676	1.913132	2.307593	0.3952318	1.204876
14808	-3415.721	-3583.59	167.8683	1.853535	2.307593	0.4150011	1.22282
14814	-3418.666	-3586.665	167.999	1.787858	1.876453	0.3958914	1.397731
14820	-3435.632	-3603.439	167.8066	1.735423	1.982121	0.447413	1.463234
14826	-3427.119	-3594.859	167.7397	1.688177	2.182922	0.447413	1.463234
14832	-3435.729	-3602.741	167.0124	1.592708	2.10697	0.399035	2.127788
14838	-3439.975	-3607.326	167.3511	1.75867	2.10697	0.4751235	1.69168
14844	-3435.657	-3603.333	167.6767	1.728186	2.10697	0.4836663	1.464896
14850	-3428.281	-3596.075	167.7933	1.663338	2.063571	0.3574655	1.619459
14856	-3430.981	-3598.207	167.2261	1.733277	2.502802	0.3574655	1.806477
14862	-3431.158	-3597.27	166.1121	1.551136	2.285228	0.6302145	2.426832
14868	-3432.642	-3599.482	166.8405	1.476888	1.689528	0.6238523	2.24091
14874	-3431.882	-3599.419	167.5376	1.732203	1.949092	0.4526874	1.670811
14880	-3428.866	-3596.604	167.7382	1.644775	1.767067	0.4526874	1.670811
14886	-3424.343	-3591.389	167.0466	1.693275	2.212438	0.4526874	1.933975
14892	-3429.703	-3596.71	167.0073	1.588535	2.212438	0.4953861	1.981442
14898	-3431.652	-3598.688	167.036	1.693111	1.954413	0.4953861	1.990433
14904	-3428.43	-3596.081	167.6504	1.693111	1.954413	0.4379328	1.63467
14910	-3437.721	-3605.186	167.4647	1.721273	2.328235	0.4523254	1.579158
14916	-3430.682	-3598.231	167.549	1.752448	2.328235	0.4185348	1.539392
14922	-3434.497	-3602.339	167.8424	1.703116	2.015133	0.4222902	1.480566
14928	-3448.613	-3616.337	167.7231	1.726961	1.903495	0.3044755	1.773457
14934	-3437.672	-3605.437	167.7651	1.68503	1.705447	0.4645952	1.636668
14940	-3439.175	-3606.192	167.0171	1.517958	2.088831	0.4942698	2.068534
14946	-3429.294	-3596.372	167.0782	1.462953	2.088831	0.5071461	2.050447
14952	-3424.271	-3591.028	166.7571	1.500768	2.053683	0.4252186	2.33922
14958	-3422.806	-3589.496	166.6896	1.41414	2.916876	0.3648893	2.238195
14964	-3413.084	-3579.716	166.6324	1.456368	2.159022	0.4397663	2.391937
14970	-3421.922	-3587.969	166.0473	1.428035	2.21065	0.4397663	2.755223
14976	-3433.659	-3599.638	165.9786	1.40545	2.21065	0.4556676	2.793593
14982	-3427.417	-3594.114	166.6965	1.426131	2.421608	0.3773577	2.357966
14988	-3430.267	-3597.252	166.9855	1.426605	1.898883	0.3773577	2.357966
14994	-3432.277	-3596.991	164.7137	1.266328	2.043638	0.3773577	3.765053
15000	-3434.299	-3600.785	166.4861	1.412419	2.352876	0.4256926	2.462822
15006	-3437.405	-3604.134	166.7294	1.44382	1.831198	0.4158758	2.487902
15012	-3431.063	-3597.525	166.4626	1.459495	2.446827	0.4574218	2.381857
15018	-3432.782	-3599.111	166.3293	1.476438	2.331299	0.709829	2.252798
15024	-3432.782	-3599.195	166.4133	1.526703	2.233775	0.4279609	2.473479
15030	-3433.721	-3601.605	167.8839	1.70817	1.972644	0.4409234	1.438219
15036	-3434.28	-3602.034	167.7536	1.890502	2.186894	0.4409234	1.301182
15042	-3431.429	-3599.365	167.9359	1.884679	1.894229	0.4409234	1.295202
15048	-3431.173	-3599.221	168.0487	1.810027	1.755791	0.4534362	1.316925
15054	-3441.064	-3608.634	167.5705	1.640454	2.156437	0.3373345	1.786623
15060	-3448.152	-3614.388	166.2362	1.566324	2.156437	0.4013238	2.616464
15066	-3428.267	-3594.582	166.3151	1.359116	2.156437	0.4719179	2.616464
15072	-3436.159	-3601.576	165.4169	1.388199	2.481716	0.5669237	2.94929
15078	-3437.111	-3602.395	165.2838	1.253642	2.481716	0.4354897	3.238776
15084	-3438.787	-3602.772	163.9852	1.19556	1.865065	0.5405068	4.119031
15090	-3448.257	-3615.393	167.1358	1.508627	2.190332	0.4326126	2.029999
15096	-3444.086	-3611.107	167.0214	1.472458	2.190332	0.4737934	2.08126
15102	-3452.874	-3617.223	164.349	1.175013	2.599273	0.5919581	3.649117
15108	-3464.578	-3630.695	166.1163	1.387126	1.835129	0.5919581	2.720634
15114	-3447.966	-3614.379	166.4134	1.459442	2.574191	0.388625	2.454099
15120	-3433.25	-3598.774	165.5244	1.336049	2.651192	0.4527216	2.979218
15126	-3441.141	-3606.337	165.1959	1.354438	2.651192	0.4038243	3.217809
15132	-3432.413	-3597.106	164.6929	1.314479	2.211531	0.4038243	3.665092
15138	-3430.677	-3596.282	165.6052	1.33602	2.027253	0.4442182	3.134117
15144	-3425.019	-3590.22	165.2008	1.427067	2.325312	0.6081706	3.066655
15150	-3423.291	-3588.956	165.665	1.316837	1.931313	0.4838963	3.102585
15156	-3426.842	-3591.718	164.8755	1.281918	1.847662	0.3903283	3.715676
15162	-3436.099	-3601.142	165.0433	1.175937	2.122635	0.3903283	3.585753
15168	-3421.615	-3586.327	164.7126	1.223236	2.295297	0.500668	3.580848
15174	-3420.869	-3586.24	165.371	1.339858	1.905013	0.5529169	3.206933
15180	-3425.458	-3590.851	165.3933	1.267225	1.905013	0.6148073	3.182328
15186	-3435.143	-3600.75	165.6071	1.413074	1.905013	0.6408242	2.945558
15192	-3437.121	-3601.861	164.7405	1.294352	1.949148	0.4779463	3.65814
15198	-3414.079	-3580.185	166.1055	1.42499	2.114067	0.4779463	2.713104
15204	-3419.076	-3584.605	165.5299	1.350568	2.114067	0.5909218	2.998852
15210	-3426.999	-3592.266	165.2673	1.37975	2.114067	0.7228213	3.030824
15216	-3422.292	-3588.191	165.8986	1.37975	2.003675	0.4631855	2.920374
15222	-3423.933	-3589.245	165.3121	1.26534	1.537799	0.4631855	3.514308
15228	-3429.867	-3596.037	166.1697	1.372895	1.537799	0.3051086	3.131751
15234	-3422.263	-3588.369	166.1068	1.307102	1.537799	0.3643669	3.131751
15240	-3428.152	-3593.355	165.2024	1.318906	1.675455	0.3643669	3.599719
15246	-3428.336	-3593.237	164.9011	1.335106	2.11621	0.6885184	3.300451
15252	-3450.38	-3615.868	165.4878	1.416671	2.031862	0.7324309	2.896884
15258	-3434.587	-3600.635	166.0479	1.342795	1.928781	0.6212653	2.728481
15264	-3438.504	-3604.471	165.9669	1.31952	1.508781	0.741057	2.864545
15270	-3430.149	-3596.74	166.5909	1.54866	1.520872	0.5181524	2.52873
15276	-3433.178	-3598.912	165.7338	1.306629	1.988406	0.5237253	3.008065
15282	-3421.945	-3587.362	165.4169	1.27565	2.042701	0.4836512	3.235559
15288	-3429.695	-3594.542	164.8467	1.27565	2.664974	0.4284491	3.43869
15294	-3423.985	-3589.019	165.0336	1.271006	2.039521	0.486175	3.462172
15300	-3433.266	-3598.771	165.5048	1.347582	2.361281	0.486175	3.034749
15306	-3426.258	-3591.444	165.1863	1.223791	2.103548	0.486175	3.379016
15312	-3423.774	-3587.705	163.9311	1.048687	2.123445	0.4505632	4.23192
15318	-3427.138	-3592.389	165.2509	1.241809	1.839794	0.5789785	3.336119
15324	-3426.265	-3592.106	165.841	1.395628	1.765737	0.4789684	3.017111
15330	-3435.401	-3602.155	166.7537	1.555701	1.765737	0.503156	2.331613
15336	-3425.983	-3591.945	165.9618	1.363113	2.03054	0.503156	2.841729
15342	-3419.314	-3585.425	166.1106	1.418236	2.19793	0.7227096	2.463092
15348	-3419.537	-3584.853	165.3151	1.317706	1.857899	0.7227096	3.129678
15354	-3422.753	-3588.78	166.0272	1.288717	1.879732	0.5955803	2.814911
15360	-3428.422	-3594.86	166.4375	1.526552	2.15119	0.5342434	2.372756
15366	-3425.889	-3590.052	164.163	1.267976	2.215239	0.6262852	3.786922
15372	-3426.693	-3592.306	165.6127	1.37253	2.197041	0.7136816	2.806102
15378	-3446.472	-3611.745	165.2729	1.392966	2.197041	0.4636318	3.220503
15384	-3430.099	-3596.269	166.1701	1.361181	1.773263	0.5413012	2.774579
15390	-3449.739	-3614.964	165.2248	1.414952	1.937616	0.7240544	3.095484
15396	-3434.42	-3599.695	165.2752	1.238186	1.719927	0.51489	3.42765
15402	-3419.835	-3585.082	165.2474	1.277022	1.89478	0.5734318	3.302294
15408	-3437.156	-3601.203	164.0473	1.104302	2.415509	0.3974822	4.102005
15414	-3426.024	-3590.364	164.3394	1.195024	2.326019	0.5448216	3.762911
15420	-3433.759	-3598.633	164.8732	1.359602	1.938234	0.5448216	3.483531
15426	-3433.557	-3598.501	164.9447	1.270918	2.14965	0.4803467	3.483531
15432	-3439.984	-3606.215	166.2309	1.30069	1.973118	0.4673576	2.773287
15438	-3437.646	-3603.153	165.5066	1.24182	1.555068	0.5699762	3.305544
15444	-3437.956	-3602.257	164.3008	1.08829	1.942323	0.5211197	3.990854
15450	-3435.248	-3600.064	164.816	1.16789	1.789202	0.4706994	3.752015
15456	-3437.986	-3603.611	165.6257	1.329336	2.481222	0.4582273	2.965721
15462	-3427.506	-3592.483	164.9767	1.285808	2.292302	0.5066501	3.38532
15468	-3444.16	-3608.843	164.6835	1.326615	2.283141	0.5586974	3.487628
15474	-3439.064	-3603.496	164.4322	1.321382	2.389484	0.7773259	3.432406
15480	-3434.181	-3599.112	164.9316	1.236169	2.748804	0.6433724	3.188263
15486	-3433.706	-3599.06	165.3538	1.179345	1.818646	0.6224393	3.282929
15492	-3434.361	-3599.503	165.1419	1.225586	2.061062	0.6160387	3.300023
15498	-3431.45	-3596.356	164.9065	1.246196	1.956073	0.4843027	3.581096
15504	-3437.123	-3602.363	165.2395	1.258547	2.322205	0.5998783	3.152163
15510	-3445.672	-3612.075	166.4031	1.380384	1.956408	0.6333106	2.464429
15516	-3440.567	-3607.839	167.272	1.510644	1.956408	0.4569212	1.997837
15522	-3440.315	-3607.064	166.7486	1.58045	3.248855	0.4548566	1.885225
15528	-3432.385	-3599.236	166.8508	1.595565	3.248855	0.5364702	1.709773
15534	-3427.357	-3593.645	166.288	1.510683	3.248855	0.4351313	2.258398
15540	-3419.5	-3585.486	165.9857	1.346546	1.982532	0.5349917	2.823221
15546	-3428.268	-3594.076	165.8074	1.416026	1.956467	0.869565	2.630357
15552	-3434.743	-3601.269	166.5261	1.406747	2.097476	0.3137685	2.668898
15558	-3428.406	-3595.269	166.8629	1.341971	1.600263	0.364104	2.626358
15564	-3426.538	-3592.92	166.3823	1.464186	2.070734	0.5074798	2.502225
15570	-3435.654	-3602.58	166.9263	1.481405	2.297879	0.3213137	2.292315
15576	-3434.967	-3602.171	167.2039	1.566353	2.144585	0.4477696	1.944463
15582	-3429.202	-3596.525	167.3227	1.634583	2.232725	0.4477696	1.783711
15588	-3431.868	-3599.302	167.4342	1.617441	2.165337	0.4477696	1.743491
15594	-3436.838	-3602.858	166.02	1.447457	2.391236	0.4460721	2.695007
15600	-3436.872	-3602.827	165.9553	1.47731	2.16626	0.6262993	2.614132
15606	-3429.052	-3595.012	165.9601	1.411039	2.035335	0.525744	2.78972
15612	-3443.243	-3609.131	165.8877	1.507946	2.035335	0.964714	2.430812
15618	-3435.707	-3600.999	165.2921	1.396913	2.486558	0.964714	2.719902
15624	-3439.975	-3605.89	165.9156	1.369376	1.762121	0.5089293	2.959438
15630	-3427.489	-3592.501	165.0118	1.384854	2.227671	0.7478591	3.124229
15636	-3441.527	-3606.309	164.7822	1.39185	2.77825	0.7306466	3.108109
15642	-3436.677	-3601.327	164.6497	1.386285	2.376413	0.9056023	3.183974
15648	-3427.351	-3593.18	165.829	1.471497	2.688763	0.8864986	2.329877
15654	-3433.004	-3598.6	165.5967	1.609019	2.688763	0.8864986	2.389996
15660	-3422.314	-3588.93	166.616	1.492221	1.872724	0.370134	2.567873
15666	-3429.898	-3596.382	166.4838	1.485406	2.011925	0.3981342	2.567873
15672	-3436.224	-3602.16	165.9354	1.480243	2.165676	0.3316686	2.93634
15678	-3424.573	-3590.413	165.8399	1.444657	1.870044	0.5593453	2.870465
15684	-3442.483	-3607.772	165.2896	1.308607	1.976393	0.5593453	3.242358
15690	-3437.857	-3602.61	164.7531	1.255327	2.098697	0.3152507	3.806613
15696	-3432.723	-3597.073	164.3501	1.234947	1.773348	0.6121478	3.859732
15702	-3438.221	-3602.943	164.7223	1.308722	1.574431	0.7537054	3.571041
15708	-3443.519	-3607.819	164.3002	1.217245	1.842541	0.8024569	3.731329
15714	-3436.844	-3600.655	163.8102	1.205367	1.935931	0.6116959	4.127705
15720	-3439.071	-3605.003	165.9314	1.324199	1.685983	0.3503979	3.181874
15726	-3428.183	-3594.14	165.957	1.380608	1.685983	0.4781551	2.988864
15732	-3458.715	-3622.391	163.6756	1.288979	1.935931	0.8068373	4.012904
15738	-3451.815	-3615.734	163.9189	1.273711	2.302925	0.6233084	3.899483
15744	-3443.864	-3607.745	163.881	1.234627	2.169559	0.5254167	4.068508
15750	-3440.329	-3606.145	165.816	1.334787	1.7753	0.5134072	3.030542
15756	-3433.865	-3599.942	166.0769	1.346991	1.7753	0.356253	3.039356
15762	-3436.345	-3603.023	166.6775	1.448803	2.165713	0.3345932	2.496723
15768	-3435.478	-3602.343	166.8648	1.448837	1.456884	0.4727529	2.496723
15774	-3439.46	-3606.181	166.7213	1.314741	1.456884	0.4727529	2.668844
15780	-3438.379	-3605.038	166.6585	1.623847	2.569226	0.4738201	2.092739
15786	-3443.29	-3608.913	165.6235	1.452255	2.224756	0.7069778	2.747014
15792	-3439.348	-3604.286	164.9377	1.352589	1.859693	0.7069778	3.343505
15798	-3432.647	-3597.54	164.8929	1.345278	1.859693	0.7069778	3.374129
15804	-3432.961	-3599.143	166.1818	1.432531	2.037707	0.5891598	2.579647
15810	-3428.16	-3594.595	166.435	1.432531	1.921042	0.4477959	2.607241
15816	-3430.896	-3597.485	166.5891	1.410284	1.865154	0.5600695	2.430879
15822	-3440.516	-3606.586	166.0694	1.250839	1.865154	0.5600695	2.849985
15828	-3439.276	-3605.259	165.9833	1.375806	2.153002	0.5112307	2.770691
15834	-3434.776	-3600.326	165.5499	1.247977	1.563295	0.4839579	3.35374
15840	-3428.171	-3593.871	165.6998	1.341357	1.668249	0.4061872	3.249771
15846	-3424.058	-3589.864	165.8057	1.22494	1.981106	0.4638328	3.076269
15852	-3443.036	-3609.164	166.1272	1.503864	1.869234	0.5042939	2.712792
15858	-3431.97	-3599.405	167.4353	1.571488	1.766444	0.4663853	1.915392
15864	-3433.158	-3599.969	166.8108	1.521322	2.164659	0.6086865	2.057711
15870	-3424.869	-3590.883	166.0136	1.39361	2.109425	0.455955	2.813234
15876	-3427.997	-3594.358	166.3611	1.444798	2.109425	0.5489461	2.472582
15882	-3420.722	-3587.341	166.6186	1.499085	2.246706	0.4426489	2.340124
15888	-3432.812	-3598.878	166.0662	1.406144	2.200177	0.5563375	2.641651
15894	-3438.503	-3605.811	167.3078	1.560728	2.019653	0.4943536	1.871537
15900	-3431.283	-3598.417	167.1348	1.478841	2.019653	0.4943536	2.042803
15906	-3432.518	-3599.465	166.9469	1.612081	2.129675	0.4943536	2.037424
15912	-3419.912	-3585.865	165.9526	1.375365	2.013881	0.4943536	2.854605
15918	-3424.229	-3590.183	165.9545	1.358357	2.013881	0.6372912	2.731439
15924	-3420.918	-3585.664	164.7463	1.187659	1.824936	0.4740255	3.764383
15930	-3425.706	-3591.829	166.1232	1.356599	1.824936	0.4740255	2.852836
15936	-3440.669	-3605.795	165.1256	1.206866	2.232091	0.4857923	3.383397
15942	-3431.788	-3595.725	163.9375	1.204857	2.083642	0.5441614	4.063783
15948	-3431.661	-3595.572	163.9107	1.101513	2.083642	0.5060796	4.172494
15954	-3438.303	-3602.386	164.0825	1.062153	2.146129	0.5075538	4.075799
15960	-3436.982	-3601.125	164.1431	1.2209	2.351235	0.5060796	3.889003
15966	-3425.361	-3588.716	163.3547	1.215881	2.243048	0.617301	4.2768
15972	-3431.929	-3596.402	164.4729	1.215881	2.434354	0.4662256	3.716402
15978	-3422.229	-3587.89	165.6603	1.332454	1.917963	0.400382	3.190424
15984	-3422.372	-3588.512	166.1404	1.384397	1.917963	0.4213984	2.847698
15990	-3441.654	-3606.197	164.5428	1.321509	2.31442	0.7898452	3.381451
15996	-3439.932	-3604.902	164.9703	1.281697	2.102975	0.4740865	3.483772
16002	-3428.696	-3593.841	165.1458	1.174764	2.102975	0.4487642	3.469556
16008	-3434.694	-3599.869	165.1747	1.224609	2.102975	0.4534898	3.418588
16014	-3433.87	-3598.684	164.8141	1.277675	2.102975	0.749042	3.344325
16020	-3430.994	-3595.846	164.8514	1.348711	2.102975	0.749042	3.280531
16026	-3446.173	-3611.303	165.1307	1.367718	2.638698	0.8390131	2.874072
16032	-3444.205	-3610.494	166.2889	1.468433	1.919053	0.5272621	2.593301
16038	-3436.955	-3602.612	165.6572	1.465466	1.919053	0.6209154	2.895429
16044	-3429.177	-3594.404	165.2274	1.38599	2.170401	0.6888146	3.058534
16050	-3436.86	-3603.076	166.216	1.345989	2.170401	0.5256033	2.626047
16056	-3437.959	-3604.003	166.0449	1.456964	2.023952	0.6510267	2.599821
16062	-3433.145	-3599.404	166.259	1.454664	2.203861	0.4415958	2.608991
16068	-3426.22	-3591.704	165.4841	1.338017	2.431001	0.4415958	3.078139
16074	-3430.235	-3597.108	166.8731	1.408686	1.912046	0.4219074	2.381038
16080	-3426.804	-3593.823	167.0182	1.478682	1.912046	0.4219074	2.243802
16086	-3425.607	-3592.263	166.6568	1.343841	1.669388	0.4219074	2.653492
16092	-3428.227	-3595.229	167.0028	1.476197	1.669388	0.4042174	2.375699
16098	-3427.73	-3594.492	166.7622	1.352062	1.669388	0.5437459	2.454101
16104	-3427.594	-3593.821	166.2269	1.571849	2.048053	0.5437459	2.504004
16110	-3426.098	-3592.799	166.7017	1.552608	1.795914	0.3724895	2.504004
16116	-3421.778	-3587.559	165.7806	1.452124	1.835805	0.5461429	2.926907
16122	-3419.939	-3584.211	164.2716	1.293615	2.155202	0.7633692	3.624437
16128	-3423.416	-3587.351	163.9345	1.187305	1.821581	0.6739389	4.058271
16134	-3426.321	-3590.145	163.8236	1.189122	2.275335	0.6779784	3.967895
16140	-3438.563	-3602.438	163.8752	1.214023	1.84691	0.4947041	4.219482
16146	-3436.904	-3602.573	165.6688	1.357823	2.225894	0.4944318	2.96472
16152	-3425.832	-3591.823	165.9913	1.347408	2.225894	0.4607172	2.810787
16158	-3431.213	-3596.913	165.6999	1.348964	2.225894	0.5677407	2.881117
16164	-3446.59	-3612.748	166.1578	1.400092	2.052865	0.5317074	2.663341
16170	-3444.863	-3611.56	166.6965	1.532588	2.208339	0.3843574	2.352311
16176	-3440.5	-3607.632	167.1316	1.668053	2.059707	0.4220872	1.988211
16182	-3435.257	-3602.075	166.8182	1.609707	2.131724	0.5045027	2.111965
16188	-3435.957	-3602.45	166.4933	1.423183	2.131724	0.4801616	2.465418
16194	-3424.268	-3590.345	166.0776	1.450645	2.131724	0.4801616	2.706075
16200	-3428.026	-3594.351	166.3249	1.418327	2.0135	0.5031942	2.59137
16206	-3421.211	-3588.158	166.947	1.629036	2.0135	0.5003974	2.063352
16212	-3430.353	-3596.851	166.498	1.475552	2.0135	0.3733189	2.595001
16218	-3443.008	-3609.236	166.2277	1.47123	2.0135	0.5937064	2.531676
16224	-3421.784	-3588.484	166.6999	1.525124	1.95094	0.4578974	2.360895
16230	-3421.049	-3587.734	166.6842	1.408056	2.000255	0.4510045	2.434058
16236	-3430.315	-3596.572	166.2574	1.419084	1.667145	0.3633156	2.921686
16242	-3433.723	-3599.833	166.1095	1.399935	1.667145	0.4634618	2.90828
16248	-3431.479	-3597.407	165.9279	1.523465	2.189451	0.466019	2.748522
16254	-3419.931	-3587.021	167.0902	1.623252	1.752771	0.466019	2.116846
16260	-3430.147	-3596.868	166.7214	1.483479	1.863244	0.5280016	2.333224
16266	-3428.335	-3593.578	165.2436	1.343313	1.762121	0.5280016	3.355975
16272	-3430.043	-3596.444	166.4008	1.465079	2.05479	0.4159559	2.595526
16278	-3425.113	-3592.226	167.1132	1.491847	1.843076	0.4159559	2.208661
16284	-3428.695	-3595.281	166.5865	1.552723	2.367388	0.4434154	2.285143
16290	-3432.1	-3599.297	167.1976	1.703005	1.907584	0.5792075	1.803582
16296	-3433.217	-3600.783	167.5662	1.644348	1.874097	0.5524383	1.627901
16302	-3421.059	-3588.699	167.6394	1.650862	1.992427	0.388057	1.723552
16308	-3436.576	-3604.021	167.4456	1.691192	1.992427	0.3839379	1.835949
16314	-3435.143	-3602.299	167.156	1.63014	1.992427	0.3839379	2.071642
16320	-3442.922	-3609.547	166.6242	1.471049	1.992427	0.3725296	2.528078
16326	-3435.58	-3601.72	166.1402	1.435605	1.710758	0.6037504	2.714929
16332	-3428.26	-3593.482	165.2218	1.299388	2.366525	0.3840918	3.340072
16338	-3430.242	-3594.469	164.2265	1.287407	2.366525	0.8494521	3.530115
16344	-3428.451	-3594.152	165.7005	1.236885	1.875639	0.4685848	3.16481
16350	-3444.829	-3610.46	165.6306	1.326212	1.875639	0.5040907	3.117659
16356	-3433.036	-3597.9	164.8638	1.284957	2.547817	0.5098324	3.373317
16362	-3429.311	-3594.31	164.9993	1.254519	2.708048	0.4071147	3.373317
16368	-3426.763	-3592.584	165.8204	1.291574	2.189109	0.4071147	3.018723
16374	-3424.685	-3589.458	164.7732	1.371467	2.612503	0.4071147	3.463419
16380	-3423.562	-3588.906	165.3444	1.423987	2.612503	0.7303845	2.796738
16386	-3429.739	-3596.205	166.4655	1.411321	2.275859	0.466544	2.455769
16392	-3444.77	-3609.044	164.2736	1.117322	2.240999	0.4821737	3.929667
16398	-3432.417	-3598.625	166.2085	1.390518	2.240999	0.4821737	2.623632
16404	-3429.753	-3595.958	166.205	1.394041	2.240999	0.4821737	2.623632
16410	-3435.538	-3601.824	166.2865	1.456537	2.328415	0.4141217	2.581114
16416	-3432.375	-3598.301	165.9265	1.473435	2.328415	0.4447722	2.757583
16422	-3437.947	-3603.92	165.9739	1.356354	1.499077	0.4512606	3.099672
16428	-3419.874	-3585.237	165.3626	1.372426	2.032519	0.5507189	3.149605
16434	-3431.348	-3596.627	165.2793	1.356988	2.156284	0.6234205	3.102793
16440	-3432.213	-3597.621	165.408	1.293325	2.012531	0.6234205	3.112682
16446	-3432.635	-3598.455	165.8203	1.214252	2.012531	0.6234205	2.912903
16452	-3430.792	-3595.018	164.2261	1.18793	1.912088	0.4366216	4.069373
16458	-3437.221	-3600.954	163.7332	1.250079	2.318988	0.8297077	3.864187
16464	-3457.394	-3622.337	164.9422	1.326664	2.365078	0.4887236	3.37683
16470	-3463.519	-3627.5	163.9804	1.273878	2.107809	0.8297077	3.77406
16476	-3434.625	-3599.223	164.5988	1.295711	2.06647	0.8316256	3.414559
16482	-3437.595	-3603.58	165.9847	1.375209	2.392463	0.5469973	2.657482
16488	-3439.607	-3606.131	166.5234	1.421644	2.36939	0.405493	2.452052
16494	-3449.819	-3614.32	164.5014	1.1979	2.034026	0.5546733	3.751451
16500	-3439.013	-3605.339	166.3259	1.413764	2.044992	0.392326	2.704635
16506	-3432.674	-3598.925	166.2507	1.397288	2.43533	0.3913097	2.633226
16512	-3425.184	-3592.252	167.0672	1.542031	2.372018	0.3673734	2.07295
16518	-3427.553	-3594.6	167.0474	1.561794	2.372018	0.3673734	2.07295
16524	-3436.126	-3603.303	167.1774	1.647223	2.372018	0.5464386	1.710452
16530	-3450.93	-3618.114	167.184	1.692826	2.372018	0.4413716	1.796784
16536	-3435.627	-3602.721	167.0936	1.682964	2.403974	0.4413716	1.854575
16542	-3439.858	-3607.02	167.162	1.52658	2.373123	0.4436532	1.922316
16548	-3440.242	-3607.131	166.8889	1.51767	1.984326	0.4436532	2.248486
16554	-3436.636	-3603.521	166.8854	1.459433	2.15928	0.4972023	2.164061
16560	-3430.012	-3596.645	166.6327	1.494402	1.996439	0.4554109	2.408566
16566	-3437.778	-3604.848	167.0701	1.503334	2.24497	0.4476132	2.039526
16572	-3435.1	-3602.023	166.9232	1.515173	2.486944	0.4476132	2.04656
16578	-3432.308	-3599.272	166.9641	1.515951	2.139464	0.4248132	2.165748
16584	-3435.515	-3602.253	166.7381	1.523035	2.51621	0.4024055	2.207742
16590	-3433.993	-3601.621	167.6278	1.778073	1.900572	0.3964044	1.669019
16596	-3430.206	-3597.741	167.5354	1.636371	1.900572	0.3964044	1.832899
16602	-3434.982	-3602.795	167.813	1.607153	1.824113	0.4080666	1.676744
16608	-3434.217	-3601.918	167.7014	1.598565	1.60091	0.4044832	1.868333
16614	-3436.856	-3604.844	167.988	1.681387	1.734732	0.355377	1.614326
16620	-3436.051	-3604.024	167.973	1.696416	1.734732	0.355377	1.614326
16626	-3430.725	-3598.644	167.919	1.696416	1.734732	0.3818686	1.614326
16632	-3435.533	-3603.628	168.0941	1.769661	1.647738	0.3818686	1.473672
16638	-3438.957	-3606.197	167.24	1.717795	1.820208	0.5187462	1.865882
16644	-3444.521	-3611.641	167.1204	1.504768	1.820208	0.3771302	2.253446
16650	-3432.602	-3599.009	166.4071	1.411836	2.300592	0.4398509	2.513462
16656	-3440.053	-3605.389	165.3351	1.22939	1.808063	0.5300509	3.349912
16662	-3442.044	-3608.145	166.1005	1.52109	2.691754	0.3869448	2.578359
16668	-3435.277	-3601.957	166.6799	1.528192	1.928366	0.3809494	2.47086
16674	-3433.291	-3598.337	165.0458	1.353348	2.139073	0.5538258	3.30975
16680	-3439.994	-3606.382	166.3883	1.458673	2.46262	0.4248572	2.461198
16686	-3437.273	-3603.363	166.09	1.388307	2.46262	0.4365504	2.676805
16692	-3448.403	-3613.828	165.4255	1.54219	2.148957	0.6199312	2.909432
16698	-3445.694	-3610.947	165.2524	1.362027	1.813034	0.6074978	3.249668
16704	-3446.835	-3612.551	165.7161	1.409853	2.472253	0.6262044	2.704648
16710	-3450.846	-3616.542	165.6957	1.255594	2.472253	0.5386258	2.890249
16716	-3442.991	-3608.754	165.7628	1.460596	2.595358	0.5386258	2.687957
16722	-3431.681	-3597.714	166.0326	1.361052	2.383895	0.4053098	2.788538
16728	-3451.931	-3618.973	167.0414	1.489224	1.94749	0.4053098	2.228403
16734	-3436.428	-3602.309	165.8817	1.265978	1.842766	0.4304133	3.092265
16740	-3432.016	-3596.952	164.9364	1.339211	1.993478	0.4755771	3.505311
16746	-3420.893	-3585.204	164.3108	1.246792	1.905327	0.4755771	3.950459
16752	-3427.465	-3592.273	164.8085	1.246772	1.905327	0.6285207	3.526509
16758	-3428.648	-3594.772	166.1245	1.372406	2.846812	0.4323738	2.558624
16764	-3440.925	-3605.963	165.0382	1.374344	2.87766	0.4589724	3.178667
16770	-3442.07	-3608.254	166.1843	1.396781	2.598446	0.3857244	2.632075
16776	-3448.019	-3614.671	166.6515	1.362377	1.43818	0.5309167	2.632075
16782	-3443.958	-3611.336	167.3783	1.462478	1.43818	0.5422034	2.095814
16788	-3437.294	-3604.433	167.1386	1.512362	2.100099	0.5127086	1.967085
16794	-3438.536	-3605.013	166.4774	1.31166	1.960651	0.5547795	2.531333
16800	-3449.311	-3616.066	166.755	1.4158	2.100099	0.5127086	2.281269
16806	-3437.019	-3603.33	166.3103	1.419952	1.839222	0.4547413	2.715213
16812	-3423.472	-3590.746	167.2747	1.544868	2.314787	0.4547413	1.840241
16818	-3431.437	-3598.543	167.1062	1.554058	1.838825	0.4309219	2.156566
16824	-3424.519	-3592.218	167.6992	1.69215	1.842979	0.4309219	1.658387
16830	-3445.339	-3611.147	165.8077	1.218861	2.117128	0.4935145	3.001568
16836	-3428.664	-3594.104	165.4401	1.20708	2.167063	0.533378	3.172787
16842	-3422.533	-3586.739	164.2063	1.075945	1.891572	0.533378	4.058276
16848	-3430.396	-3594.588	164.1924	1.130402	2.099071	0.533378	3.96542
16854	-3443.949	-3608.118	164.1692	1.260412	1.801803	0.7120176	3.860728
16860	-3432.484	-3596.895	164.4109	1.251871	1.591142	0.7120176	3.807599
16866	-3432.796	-3598.15	165.354	1.306679	1.957091	0.6219141	3.157587
16872	-3431.732	-3597.68	165.9474	1.333828	2.275912	0.6337358	2.664536
16878	-3436.696	-3602.558	165.8623	1.32745	2.275912	0.4710922	2.874042
16884	-3426.991	-3592.964	165.9724	1.374922	2.105434	0.4358096	2.87277
16890	-3427.268	-3592.371	165.1033	1.336417	2.15723	0.7787376	3.098988
16896	-3436.21	-3601.56	165.3493	1.336417	2.15723	0.7026666	3.00874
16902	-3441.446	-3608.882	167.4362	1.608715	1.996221	0.436453	1.829127
16908	-3427.828	-3595.622	167.794	1.670994	1.864667	0.436453	1.588067
16914	-3426.152	-3594.137	167.9852	1.70155	1.568138	0.4665247	1.53019
16920	-3427.655	-3595.415	167.7605	1.543274	1.830921	0.4837745	1.65989
16926	-3431.877	-3599.45	167.5726	1.674251	2.182391	0.4010657	1.65989
16932	-3431.825	-3599.015	167.1897	1.689376	2.182391	0.5150723	1.777549
16938	-3429.267	-3596.469	167.2016	1.719719	2.106328	0.5150723	1.777549
16944	-3436.816	-3604.219	167.4027	1.621148	2.106328	0.5588309	1.6567
16950	-3430.118	-3597.461	167.3431	1.661103	2.130338	0.5588309	1.661102
16956	-3447.439	-3615.308	167.8688	1.803364	1.654394	0.5588309	1.381194
16962	-3438.469	-3605.603	167.1336	1.535364	2.068526	0.3833229	2.120419
16968	-3429.653	-3596.147	166.4938	1.36349	2.262745	0.4175063	2.52764
16974	-3427.312	-3593.751	166.4393	1.414302	2.361151	0.452884	2.457451
16980	-3436.691	-3602.731	166.0405	1.441793	2.674179	0.523556	2.519564
16986	-3436.832	-3603.963	167.1313	1.535552	2.148745	0.523556	1.926277
16992	-3442.203	-3609.288	167.0849	1.682489	2.047099	0.3086952	2.167793
16998	-3446.496	-3612.522	166.026	1.45339	2.599434	0.5329485	2.534012
17004	-3437.248	-3603.289	166.0411	1.410594	2.587887	0.4003535	2.697211
17010	-3428.773	-3593.878	165.1056	1.340052	2.321668	0.5305618	3.245738
17016	-3428.88	-3593.912	165.0316	1.364398	2.418392	0.5305618	3.245738
17022	-3436.429	-3603.336	166.9065	1.55252	1.901927	0.4345944	2.25706
17028	-3441.532	-3607.409	165.8771	1.414511	1.901927	0.6451054	2.778631
17034	-3434.5	-3600.153	165.6531	1.409485	1.935253	0.6451054	2.905334
17040	-3432.749	-3599.392	166.6432	1.505762	1.935253	0.4851399	2.385341
17046	-3427.863	-3593.858	165.9955	1.466547	2.296523	0.4851399	2.686737
17052	-3438.702	-3603.566	164.8647	1.141648	2.436605	0.3790436	3.625755
17058	-3434.07	-3598.783	164.7133	1.198785	1.966053	0.5840596	3.625755
17064	-3433.449	-3599.032	165.5833	1.24798	1.921991	0.3971679	3.288095
17070	-3458.715	-3624.886	166.1711	1.387004	1.782484	0.3620757	2.948738
17076	-3438.875	-3604.551	165.6763	1.387004	1.782484	0.4296208	3.166062
17082	-3431.248	-3597.058	165.8102	1.435799	2.163512	0.478445	2.869103
17088	-3425.201	-3591.206	166.0046	1.437494	1.707359	0.478445	2.917062
17094	-3425.249	-3590.788	165.5387	1.291417	2.221593	0.7020456	2.901206
17100	-3427.731	-3592.146	164.4144	1.215169	2.286226	0.4478201	3.813137
17106	-3433.531	-3598.227	164.6953	1.238581	2.567125	0.4478201	3.555224
17112	-3423.994	-3591.901	167.9072	1.780609	1.854821	0.3751213	1.514659
17118	-3440.062	-3608.016	167.9537	1.751185	2.038932	0.3859236	1.401279
17124	-3427.54	-3595.248	167.7083	1.725673	2.038932	0.4378399	1.532333
17130	-3434.216	-3602.259	168.0435	1.725673	1.834552	0.4378399	1.37047
17136	-3444.488	-3611.473	166.9844	1.633677	1.938395	0.4378399	2.135977
17142	-3449.463	-3617.009	167.5458	1.633677	1.938395	0.4378399	1.757875
17148	-3450.105	-3617.776	167.6705	1.569742	1.938395	0.4378399	1.715234
17154	-3437.891	-3604.541	166.6495	1.618667	2.046636	0.4855024	2.267253
17160	-3432.142	-3598.835	166.6928	1.56954	2.298892	0.4855485	2.181508
17166	-3444.177	-3610.366	166.1883	1.484003	2.298892	0.6451799	2.403424
17172	-3445.254	-3610.564	165.31	1.4183	2.298892	0.6451799	2.983562
17178	-3452.446	-3619.204	166.7582	1.527628	1.942208	0.5124539	2.266659
17184	-3436.918	-3603.606	166.6879	1.484773	1.942208	0.5129221	2.338466
17190	-3434.2	-3600.603	166.4031	1.548052	2.261577	0.5535475	2.323752
17196	-3445.548	-3612.168	166.62	1.608548	2.028218	0.4815217	2.303739
17202	-3442.672	-3609.589	166.9175	1.438693	1.975473	0.3803909	2.360407
17208	-3438.63	-3604.155	165.5249	1.377946	1.917031	0.5331049	3.1069
17214	-3437.164	-3603.988	166.8236	1.382476	1.917031	0.517068	2.322603
17220	-3439.348	-3605.663	166.315	1.470189	2.224175	0.358424	2.657198
17226	-3444.518	-3610.801	166.2836	1.374103	2.296843	0.4881144	2.562725
17232	-3441.324	-3606.162	164.8381	1.35491	2.853447	0.6271811	3.158835
17238	-3439.963	-3604.73	164.7668	1.201942	2.122782	0.4523813	3.663944
17244	-3434.175	-3598.284	164.1088	1.221825	2.193815	0.6876066	3.803298
17250	-3429.908	-3596.361	166.4534	1.399652	1.810085	0.4940047	2.609403
17256	-3424.255	-3591.015	166.7594	1.460302	1.839231	0.4940047	2.368473
17262	-3424.829	-3590.715	165.886	1.305263	1.79961	0.6188659	2.900577
17268	-3432.34	-3598.964	166.6245	1.328261	1.79961	0.3556074	2.710517
17274	-3441.493	-3608.601	167.1079	1.44476	2.045217	0.5025333	2.064311
17280	-3438.921	-3605.705	166.7848	1.477865	1.93223	0.5025333	2.295748
17286	-3439.884	-3605.047	165.1628	1.312783	2.47883	0.6098526	3.109576
17292	-3439.509	-3603.987	164.4777	1.268451	2.421085	0.4664104	3.686861
17298	-3439.129	-3604.373	165.2432	1.222468	1.777793	0.4436303	3.504441
17304	-3429.039	-3594.01	164.9705	1.326815	2.231921	0.7038187	3.214986
17310	-3425.985	-3591.593	165.6079	1.367732	1.675577	0.4720908	3.214986
17316	-3438.025	-3603.364	165.3394	1.444359	2.302352	0.6690593	2.929501
17322	-3442.816	-3608.822	166.0063	1.426746	3.068	0.4781955	2.488706
17328	-3442.96	-3609.27	166.31	1.523336	2.166522	0.4781955	2.507479
17334	-3436.138	-3603.551	167.4134	1.478122	1.542412	0.38319	2.194487
17340	-3433.166	-3599.281	166.1153	1.443334	1.665433	0.7051456	2.65897
17346	-3437.861	-3603.993	166.1315	1.499082	2.220723	0.4159492	2.683641
17352	-3439.124	-3605.71	166.5853	1.306345	1.770241	0.4820971	2.613704
17358	-3431.3	-3596.777	165.4768	1.300313	2.186849	0.4820971	3.138965
17364	-3441.315	-3606.897	165.5816	1.426516	2.186849	0.4820971	3.001006
17370	-3451.176	-3617.116	165.9398	1.382826	2.186849	0.4086036	2.89099
17376	-3439.728	-3605.727	165.9987	1.368478	2.208235	0.4848474	2.773968
17382	-3436.48	-3601.469	164.9889	1.241212	2.011293	0.6472861	3.372025
17388	-3430.822	-3595.934	165.1115	1.240097	1.951591	0.6472861	3.32133
17394	-3426.812	-3593.23	166.4176	1.449087	1.840718	0.4848474	2.598542
17400	-3420.866	-3587.763	166.8965	1.548075	1.85336	0.5924402	2.119099
17406	-3430.474	-3597.58	167.1067	1.54387	1.85336	0.4186616	2.171666
17412	-3424.805	-3591.649	166.844	1.550382	2.401654	0.4186616	2.138295
17418	-3429.13	-3596.202	167.0715	1.49167	1.931225	0.6139159	1.988611
17424	-3432.7	-3599.716	167.0165	1.614578	1.98993	0.5448983	1.988611
17430	-3429.351	-3596.772	167.4208	1.598116	1.924624	0.3510201	1.988611
17436	-3441.396	-3608.636	167.2394	1.550632	1.634103	0.6345584	1.945026
17442	-3444.879	-3612.315	167.4352	1.666398	2.163917	0.4697513	1.681528
17448	-3440.325	-3607.358	167.0321	1.724631	2.695292	0.649078	1.537499
17454	-3448.745	-3616.803	168.0578	1.81514	2.039131	0.3750399	1.284518
17460	-3438.182	-3605.876	167.6939	1.786663	2.039131	0.3750399	1.58621
17466	-3441.358	-3609.33	167.9715	1.673252	1.954636	0.3750399	1.501496
17472	-3450.843	-3617.991	167.1479	1.563795	1.865018	0.374407	2.183026
17478	-3442.258	-3608.808	166.5498	1.296612	1.787738	0.4247867	2.697132
17484	-3445.164	-3611.2	166.036	1.355943	1.787738	0.467806	2.926718
17490	-3444.937	-3610.585	165.6477	1.280734	2.026845	0.5418993	3.044455
17496	-3459.346	-3625.971	166.6248	1.338856	2.026845	0.5418993	2.409997
17502	-3438.439	-3605.953	167.5137	1.461652	1.556168	0.3356547	2.19757
17508	-3439.108	-3606.477	167.3697	1.540551	1.556168	0.3752675	2.186213
17514	-3424.863	-3591.687	166.8242	1.427	1.819005	0.3752675	2.493266
17520	-3434.804	-3601.609	166.8056	1.42026	1.74263	0.476784	2.422002
17526	-3443.155	-3609.901	166.7463	1.456588	1.74263	0.5543248	2.357087
17532	-3438.8	-3605.601	166.8011	1.401783	1.74263	0.5543248	2.357087
17538	-3444.45	-3610.874	166.4239	1.36235	1.788906	0.5543248	2.599341
17544	-3446.268	-3612.244	165.9763	1.475686	2.472652	0.6182796	2.509763
17550	-3432.437	-3598.315	165.8778	1.415644	2.319884	0.5918211	2.679776
17556	-3435.945	-3601.896	165.9512	1.358453	1.779959	0.5918211	2.860199
17562	-3431.146	-3596.759	165.6131	1.276722	1.779959	0.5918211	3.112365
17568	-3432.138	-3597.473	165.3348	1.287592	1.770569	0.4682471	3.39012
17574	-3448.647	-3614.201	165.5538	1.385886	2.425194	0.4761457	2.973115
17580	-3447.969	-3612.329	164.3607	1.191425	2.779679	0.4761457	3.690511
17586	-3439.666	-3603.429	163.7625	1.263873	2.779679	0.4761457	3.992706
17592	-3439.483	-3604.03	164.5473	1.196926	2.779679	0.4068781	3.651631
17598	-3439.3	-3604.132	164.8316	1.227956	2.79509	0.520195	3.348071
17604	-3438.554	-3602.774	164.22	1.266964	2.29389	0.520195	3.822401
17610	-3435.548	-3599.637	164.0891	1.20968	2.011249	0.6955372	3.874816
17616	-3439.275	-3604.09	164.8142	1.233121	1.766112	0.4511657	3.743684
17622	-3434.576	-3599.752	165.1754	1.17794	2.615605	0.488436	3.25459
17628	-3426.991	-3592.533	165.541	1.322759	2.282538	0.488436	3.050245
17634	-3435.977	-3601.95	165.9728	1.522085	2.282538	0.5060173	2.649717
17640	-3427.899	-3593.039	165.1403	1.304556	2.87149	0.4159001	3.20746
17646	-3417.935	-3583.463	165.5278	1.347785	2.477825	0.4159001	3.060445
17652	-3417.08	-3583.275	166.1948	1.479995	2.678982	0.4159001	2.514319
17658	-3425.761	-3592.546	166.7847	1.573856	2.087208	0.5274703	2.149394
17664	-3431.614	-3599.046	167.4321	1.82874	2.100333	0.4569325	1.60862
17670	-3440.029	-3606.643	166.6141	1.580755	2.226993	0.5665248	2.166142
17676	-3431.363	-3598.338	166.9749	1.589681	1.804755	0.498646	2.156045
17682	-3443.941	-3609.686	165.7451	1.544298	1.804755	0.6517926	2.811249
17688	-3441.151	-3607.334	166.1832	1.435015	2.321699	0.4624429	2.606396
17694	-3433.11	-3597.424	164.3136	1.228311	2.039651	0.6882007	3.730878
17700	-3428.059	-3593.742	165.6836	1.242927	2.039651	0.4882742	3.093023
17706	-3431.3	-3597.873	166.5725	1.34986	1.631562	0.4359149	2.701618
17712	-3447.137	-3612.792	165.6546	1.544859	2.357492	0.6740474	2.654736
17718	-3444.862	-3610.272	165.4104	1.342439	1.96227	0.634099	3.090677
17724	-3439.27	-3604.768	165.4985	1.300404	2.289941	0.4844689	3.090677
17730	-3440.758	-3606.577	165.8191	1.328857	1.746748	0.4073756	3.154235
17736	-3433.477	-3599.447	165.9702	1.364693	2.097669	0.4157537	2.905381
17742	-3436.461	-3602.763	166.3018	1.424716	2.21964	0.5405578	2.492447
17748	-3448.037	-3613.205	165.1679	1.417334	2.329698	0.5405578	3.151159
17754	-3427.922	-3593.072	165.1508	1.249355	2.478166	0.5937012	3.168598
17760	-3436.578	-3602.315	165.7366	1.453935	2.478166	0.5517863	2.730489
17766	-3438.939	-3603.876	164.9372	1.362624	2.071441	0.5263757	3.415682
17772	-3444.182	-3609.767	165.5856	1.423055	2.165387	0.8850477	2.678356
17778	-3448.962	-3615.319	166.3574	1.53433	2.817054	0.4919601	2.251901
17784	-3429.859	-3596.423	166.5638	1.696643	2.872172	0.5170007	1.96716
17790	-3437.432	-3604.13	166.6978	1.628945	2.621366	0.5474586	1.96716
17796	-3426.215	-3593.259	167.0433	1.570723	2.235218	0.4908807	1.9661
17802	-3430.691	-3597.673	166.9821	1.534866	2.235218	0.5512469	1.9661
17808	-3437.956	-3604.597	166.641	1.491924	2.105237	0.5919771	2.225121
17814	-3433.348	-3600.088	166.7394	1.477865	2.781236	0.3530614	2.219516
17820	-3430.489	-3597.337	166.8476	1.518595	2.067936	0.4056687	2.288345
17826	-3440.952	-3607.813	166.8605	1.509601	2.061114	0.4056687	2.288345
17832	-3441.842	-3607.977	166.1348	1.532218	2.16992	0.658187	2.439211
17838	-3445.467	-3610.738	165.2713	1.532218	2.712359	0.658187	2.804442
17844	-3449.669	-3616.317	166.6484	1.494848	2.679087	0.4995817	2.121463
17850	-3438.562	-3604.563	166.0012	1.418203	2.739801	0.6362461	2.434649
17856	-3448.857	-3614.806	165.9489	1.36025	2.011173	0.4520412	2.910953
17862	-3434.95	-3598.908	163.958	1.177481	1.952648	0.6843331	3.99663
17868	-3453.365	-3618.004	164.6388	1.161088	1.930677	0.4441313	3.834247
17874	-3440.784	-3605.49	164.7059	1.248025	2.256457	0.5752181	3.514076
17880	-3437.503	-3603.28	165.7775	1.285558	2.127146	0.6276859	2.852427
17886	-3437.955	-3604.238	166.2832	1.632698	1.572595	0.8397206	2.374209
17892	-3431.815	-3598.654	166.8386	1.458127	1.572595	0.4608498	2.467449
17898	-3430.419	-3596.962	166.5431	1.39314	2.18376	0.4608498	2.45585
17904	-3445.119	-3613.14	168.0216	1.675974	1.327842	0.3967172	1.74525
17910	-3432.536	-3599.484	166.9476	1.570043	1.910888	0.3967172	2.261595
17916	-3425.536	-3592.296	166.7597	1.395397	1.748756	0.3390412	2.62778
17922	-3423.804	-3590.617	166.8125	1.400987	2.126793	0.4084852	2.361043
17928	-3430.969	-3597.908	166.9392	1.580111	2.09772	0.4294644	2.149836
17934	-3431.363	-3597.493	166.131	1.353555	1.646155	0.5321284	2.863054
17940	-3432.822	-3598.8	165.9775	1.295236	2.155174	0.4713718	2.863054
17946	-3438.045	-3603.368	165.323	1.234572	2.272736	0.4920676	3.231792
17952	-3443.2	-3608.715	165.515	1.274848	1.802118	0.5167938	3.231792
17958	-3435.504	-3600.008	164.5037	1.127944	1.894979	0.6251906	3.778263
17964	-3440.799	-3606.152	165.3522	1.283321	2.173954	0.3970741	3.318009
17970	-3440.219	-3605.218	164.9994	1.321096	2.117235	0.6751123	3.260848
17976	-3428.015	-3594.721	166.7061	1.543695	1.582741	0.5213945	2.428705
17982	-3433.991	-3600.237	166.2465	1.284282	1.588581	0.5213945	2.869534
17988	-3428.24	-3594.35	166.1095	1.300248	1.593626	0.4695409	2.992411
17994	-3448.644	-3614.509	165.8658	1.310717	1.818961	0.3879562	3.132062
18000	-3441.021	-3606.377	165.3559	1.306509	1.736193	0.4087377	3.442951
18006	-3441.018	-3606.699	165.6805	1.328349	2.185977	0.53804	2.945981
18012	-3434.241	-3599.32	165.0785	1.373777	2.562995	0.5487878	3.153219
18018	-3433.66	-3600.199	166.539	1.403009	1.856249	0.4421405	2.591982
18024	-3429.638	-3595.024	165.3858	1.421979	1.972398	0.7066495	2.99592
18030	-3435.045	-3599.478	164.4328	1.197381	1.897846	0.7066495	3.714694
18036	-3419.043	-3584.534	165.4909	1.337427	2.098991	0.4884773	3.131155
18042	-3412.195	-3577.395	165.1991	1.299224	2.098991	0.4884773	3.326373
18048	-3417.89	-3583.166	165.2754	1.321235	2.315472	0.5652518	3.12619
18054	-3419.922	-3585.671	165.7497	1.222054	1.584528	0.5549503	3.174685
18060	-3422.883	-3587.907	165.0236	1.284455	2.123238	0.5549503	3.367452
18066	-3432.917	-3597.871	164.9546	1.254165	2.498915	0.5817443	3.286223
18072	-3429.099	-3594.426	165.3264	1.423562	2.498915	0.5579313	2.985599
18078	-3433.032	-3597.528	164.4958	1.313313	2.056226	0.7808791	3.502697
18084	-3430.805	-3595.463	164.6584	1.338179	2.727791	0.7808791	3.1905
18090	-3442.793	-3607.42	164.6262	1.30875	2.017883	0.7808791	3.442153
18096	-3441.461	-3605.162	163.7019	1.09234	2.064558	0.7605066	4.098656
18102	-3435.999	-3601.049	165.0504	1.26265	1.718511	0.5580762	3.505506
18108	-3447.696	-3613.674	165.9786	1.328925	1.763042	0.6230286	2.840791
18114	-3429.897	-3596.021	166.1246	1.334277	1.770122	0.6600865	2.714384
18120	-3435.019	-3600.371	165.352	1.274188	1.980741	0.5931825	3.194286
18126	-3433.489	-3597.709	164.2197	1.296988	1.86493	0.526081	3.94032
18132	-3446.131	-3610.962	164.8307	1.166683	1.86493	0.6373192	3.567489
18138	-3433.371	-3599.017	165.6464	1.358118	1.86493	0.4520172	3.146116
18144	-3429.587	-3592.742	163.1547	0.980652	2.194064	0.4974784	4.640442
18150	-3433.815	-3598.117	164.3019	1.149864	2.276525	0.5092411	3.858078
18156	-3444.904	-3608.762	163.8586	1.30565	1.94584	0.8552324	3.863292
18162	-3435.694	-3599.719	164.0249	1.377432	2.686714	0.9321671	3.451392
18168	-3441.855	-3607.031	165.1759	1.36029	2.721896	0.6878884	2.939592
18174	-3439.461	-3605.484	166.0231	1.474535	1.735	0.6919416	2.678548
18180	-3429.188	-3596.594	167.4055	1.549718	1.983462	0.4993024	1.821019
18186	-3448.396	-3614.592	166.196	1.351284	1.983462	0.5436569	2.683161
18192	-3431.176	-3597.546	166.3699	1.38937	1.983462	0.5436569	2.55213
18198	-3429.4	-3595.874	166.4741	1.349839	1.983462	0.4609773	2.596691
18204	-3440.528	-3607.74	167.212	1.529673	1.758365	0.3488413	2.241419
18210	-3444.161	-3610.972	166.8104	1.449685	1.758365	0.4863253	2.383698
18216	-3435.177	-3601.548	166.3708	1.483159	2.396254	0.4428064	2.457242
18222	-3439.078	-3605.613	166.5352	1.485581	1.863334	0.5203748	2.457242
18228	-3447.089	-3613.626	166.5371	1.560455	1.88307	0.5203748	2.401188
18234	-3433.65	-3600.103	166.4535	1.297059	1.785271	0.5203748	2.655797
18240	-3442.142	-3608.301	166.1586	1.300341	1.952711	0.5336087	2.758166
18246	-3442.691	-3609.367	166.6763	1.442258	2.155042	0.5862373	2.221878
18252	-3438.836	-3606.308	167.4722	1.507233	1.724813	0.5829195	1.825197
18258	-3442.903	-3609.346	166.4435	1.355288	1.724813	0.3911063	2.790455
18264	-3445.426	-3610.669	165.2434	1.356933	1.724813	0.5045797	3.384631
18270	-3444.687	-3611.767	167.0795	1.522951	1.881534	0.3921684	2.224287
18276	-3435.35	-3602.704	167.354	1.540225	1.881534	0.4599085	1.950011
18282	-3420.483	-3588.203	167.7197	1.676084	1.734665	0.4302199	1.705456
18288	-3433.722	-3601.223	167.5007	1.611701	1.874242	0.4302199	1.840984
18294	-3426.346	-3592.468	166.1222	1.483281	2.028359	0.4925755	2.681946
18300	-3428.619	-3594.821	166.2016	1.39469	2.028359	0.4925755	2.687543
18306	-3436.766	-3601.949	165.1824	1.460717	2.460392	0.7398222	2.910322
18312	-3437.456	-3604.232	166.7768	1.432785	2.123538	0.3924436	2.384238
18318	-3419.846	-3585.871	166.0242	1.431826	1.876925	0.5337904	2.787804
18324	-3431.54	-3596.356	164.8158	1.256988	2.655506	0.5337904	3.36524
18330	-3444.279	-3609.347	165.068	1.238151	2.664416	0.3715167	3.395504
18336	-3441.828	-3607.097	165.2697	1.303694	1.990706	0.5999757	3.216231
18342	-3443.905	-3607.767	163.8623	1.165503	1.871868	0.5700378	4.177772
18348	-3425.851	-3591.135	165.284	1.183417	1.871868	0.4046988	3.510901
18354	-3431.617	-3596.629	165.0125	1.240184	2.363739	0.5221014	3.354528
18360	-3433.494	-3599.749	166.2546	1.363959	2.184644	0.3481018	2.785649
18366	-3433.551	-3599.846	166.2944	1.523458	2.563285	0.4783685	2.388698
18372	-3432.635	-3599.726	167.0915	1.504512	1.717585	0.4453249	2.231761
18378	-3434.725	-3601.771	167.0457	1.550323	1.717585	0.4453249	2.231761
18384	-3428.623	-3595.227	166.6043	1.50764	1.817601	0.4120605	2.53597
18390	-3426.714	-3594.065	167.3513	1.50764	1.817601	0.4809037	1.97614
18396	-3427.852	-3594.625	166.7726	1.469884	2.087193	0.5462144	2.205566
18402	-3437.256	-3605.03	167.774	1.558287	1.590316	0.4268877	1.822415
18408	-3436.463	-3603.812	167.3494	1.576137	2.009734	0.4268877	1.917076
18414	-3435.357	-3602.746	167.3889	1.549959	1.541487	0.4268877	2.109611
18420	-3430.274	-3595.82	165.546	1.285157	2.089244	0.5423642	3.080772
18426	-3433.003	-3598.347	165.3443	1.259693	2.089244	0.5423642	3.215786
18432	-3436.63	-3602.042	165.4123	1.286785	2.089244	0.7195661	3.010533
18438	-3457.82	-3621.272	163.4522	1.259727	1.955864	0.7195661	4.210631
18444	-3445.781	-3611.292	165.5113	1.429417	2.606204	0.5161158	2.878992
18450	-3424.41	-3590.917	166.5078	1.451606	1.72079	0.4627275	2.612364
18456	-3429.635	-3595.884	166.2488	1.369045	2.159688	0.5102165	2.610561
18462	-3422.041	-3588.68	166.6384	1.521978	1.874173	0.445631	2.444904
18468	-3424.664	-3592.102	167.438	1.549812	1.874173	0.445631	1.906989
18474	-3429.726	-3596.963	167.2365	1.656295	1.874173	0.5008598	1.906989
18480	-3435.858	-3603.562	167.7043	1.701024	1.592426	0.5333343	1.642423
18486	-3437.473	-3605.33	167.8576	1.661501	1.372979	0.5333343	1.677495
18492	-3435.501	-3601.569	166.0675	1.347924	1.961779	0.6636972	2.665121
18498	-3427.128	-3590.829	163.7005	1.220458	2.149941	0.7688507	3.993165
18504	-3427.773	-3591.926	164.1527	1.24618	1.954017	0.7688507	3.783586
18510	-3437.948	-3605.114	167.1662	1.662949	1.66514	0.369607	2.197072
18516	-3430.353	-3597.734	167.3803	1.584239	1.657845	0.369607	2.112124
18522	-3432.412	-3596.947	164.5346	1.217293	1.922589	0.5178194	3.792599
18528	-3419.944	-3585.479	165.5351	1.298076	1.922589	0.5178194	3.16086
18534	-3428.559	-3592.898	164.3394	1.174498	1.922589	0.5373231	3.911484
18540	-3430.466	-3595.708	165.2421	1.283867	2.372675	0.5373231	3.176225
18546	-3430.715	-3597.106	166.3918	1.493576	2.372675	0.5180467	2.364239
18552	-3440.416	-3607.535	167.1197	1.570646	2.372675	0.3729135	2.011561
18558	-3435.695	-3602.683	166.9885	1.482127	2.075527	0.5956237	2.011561
18564	-3430.568	-3595.896	165.3283	1.254305	1.891667	0.6476057	3.20611
18570	-3429.868	-3595.11	165.2417	1.219583	2.307752	0.5125235	3.257872
18576	-3423.096	-3588.73	165.6337	1.333617	2.109401	0.5258654	3.008058
18582	-3441.073	-3605.917	164.8442	1.194017	1.896774	0.5676513	3.591077
18588	-3433.048	-3596.746	163.698	1.111914	1.801697	0.7484683	4.188367
18594	-3437.902	-3606.004	168.1022	1.767178	1.752147	0.4500785	1.3151
18600	-3430.057	-3596.956	166.8996	1.529022	1.689177	0.479056	2.313444
18606	-3430.079	-3597.72	167.6413	1.562266	1.499024	0.455615	1.919626
18612	-3428.984	-3596.702	167.7181	1.877805	1.685646	0.6796499	1.287712
18618	-3433.792	-3601.745	167.9526	1.733415	2.088369	0.4574529	1.287712
18624	-3434.485	-3601.431	166.9458	1.452682	1.91953	0.471308	2.247314
18630	-3430.821	-3598.673	167.8514	1.854518	2.245474	0.4574529	1.198642
18636	-3419.362	-3587.6	168.2385	1.909733	1.608038	0.4574529	1.150892
18642	-3431.613	-3599.976	168.3626	1.909733	1.608038	0.4574529	1.036532
18648	-3436.17	-3604.507	168.3378	1.909733	1.608038	0.4585374	1.058443
18654	-3435.048	-3602.82	167.7723	1.864667	2.261263	0.5416995	1.129334
18660	-3434.444	-3602.104	167.66	1.805247	2.261263	0.5416995	1.276448
18666	-3418.225	-3585.854	167.6298	1.874542	2.261263	0.43112	1.394514
18672	-3429.984	-3597.805	167.8218	1.895128	2.074844	0.3859155	1.375774
18678	-3433.404	-3601.517	168.1127	1.908775	1.63209	0.3359787	1.434186
18684	-3439.342	-3607.333	167.9918	1.848699	1.843405	0.432107	1.317516
18690	-3436.35	-3604.106	167.7557	1.777579	1.843405	0.4069618	1.587962
18696	-3426.097	-3593.739	167.6419	1.696292	2.106276	0.3413	1.711201
18702	-3420.635	-3588.682	168.047	1.649045	1.586977	0.3413	1.688458
18708	-3426.885	-3594.699	167.8137	1.619648	1.876	0.3413	1.739693
18714	-3437.779	-3604.973	167.1938	1.640287	2.338901	0.502608	1.764995
18720	-3425.632	-3593.177	167.5454	1.668756	1.887724	0.502608	1.676217
18726	-3427.604	-3594.972	167.3682	1.600406	1.939577	0.5612822	1.761654
18732	-3439.171	-3606.17	166.9985	1.552751	1.834407	0.5612822	2.087427
18738	-3438.161	-3604.476	166.3156	1.470192	1.71743	0.5316604	2.650207
18744	-3428.674	-3595.342	166.668	1.377306	1.71743	0.5248963	2.495848
18750	-3431.418	-3598.61	167.1919	1.439369	1.536203	0.3549239	2.400426
18756	-3426.443	-3591.534	165.0909	1.280692	1.876522	0.572173	3.399814
18762	-3432.561	-3597.339	164.7786	1.235897	2.204312	0.572173	3.497817
18768	-3425.191	-3590.876	165.6856	1.452688	2.406152	0.6202758	2.72252
18774	-3420.417	-3586.78	166.3633	1.444925	2.158258	0.6075839	2.398923
18780	-3429.314	-3596.252	166.9381	1.58964	2.158258	0.5653247	1.972577
18786	-3435.479	-3602.572	167.0928	1.663707	1.968598	0.5553137	1.90185
18792	-3430.559	-3597.557	166.998	1.592758	1.818248	0.6425043	1.989914
18798	-3427.208	-3593.807	166.5988	1.400996	1.919838	0.466676	2.504796
18804	-3438.309	-3604.648	166.339	1.389576	1.298868	0.6223971	2.790355
18810	-3439.263	-3604.982	165.7185	1.360875	1.554467	0.5355252	3.141355
18816	-3430.577	-3595.711	165.1342	1.250122	2.089395	0.5287896	3.357876
18822	-3439.049	-3605.552	166.5026	1.377802	1.666692	0.4360187	2.712523
18828	-3435.598	-3600.818	165.2204	1.280427	1.529481	0.6812877	3.369438
18834	-3438.314	-3603.826	165.5127	1.408239	2.290132	0.3948807	3.114564
18840	-3434.317	-3600.281	165.9641	1.330285	2.290132	0.3948807	2.890458
18846	-3427.382	-3593.323	165.941	1.357665	2.018256	0.4573879	2.90909
18852	-3437.449	-3602.47	165.0211	1.336695	2.137701	0.5971125	3.296323
18858	-3429.72	-3595.137	165.4168	1.279813	2.137701	0.378879	3.314915
18864	-3441.311	-3608.18	166.8686	1.379057	2.15997	0.4268799	2.305613
18870	-3434.71	-3601.681	166.9716	1.351451	1.979656	0.4268799	2.323257
18876	-3435.379	-3601.855	166.4757	1.36289	1.979656	0.3807575	2.681333
18882	-3435.251	-3601.711	166.46	1.250463	1.93647	0.518609	2.62437
18888	-3430.167	-3596.001	165.8339	1.35981	1.93647	0.4393195	3.020686
18894	-3419.61	-3585.538	165.9279	1.35296	1.988109	0.611331	2.782619
18900	-3427.19	-3591.493	164.3031	1.277069	2.187489	0.6591815	3.683232
18906	-3427.076	-3593.091	166.0151	1.365249	1.761094	0.4368483	2.977104
18912	-3421.064	-3586.234	165.1699	1.293374	1.847465	0.6283909	3.308526
18918	-3419.149	-3584.725	165.5766	1.44378	1.779983	0.6895301	2.952891
18924	-3432.143	-3598.224	166.0807	1.326911	1.741398	0.4708347	2.932216
18930	-3439.789	-3607.752	167.9635	1.654753	1.466908	0.4784291	1.619346
18936	-3430.763	-3598.054	167.2904	1.481043	1.765101	0.4317335	2.113632
18942	-3428.455	-3595.487	167.032	1.47146	1.765101	0.4317335	2.28705
18948	-3425.137	-3591.575	166.4381	1.498433	1.765101	0.4705717	2.600173
18954	-3435.431	-3599.825	164.3943	1.102594	1.765101	0.544528	3.971208
18960	-3422.307	-3586.557	164.25	1.156538	1.765101	0.6047179	3.971208
18966	-3438.078	-3602.735	164.6564	1.22915	1.913346	0.694524	3.570306
18972	-3428.234	-3592.027	163.793	1.211963	1.913346	0.8403438	3.975478
18978	-3439.004	-3604.149	165.145	1.386977	1.913346	0.8403438	3.085205
18984	-3442.683	-3609.491	166.8073	1.541184	1.808257	0.427835	2.372654
18990	-3427.519	-3593.931	166.4121	1.510079	2.444391	0.427835	2.416198
18996	-3426.077	-3591.663	165.5858	1.422733	2.444391	0.4952523	2.906424
19002	-3421.983	-3588.568	166.5853	1.491507	1.830537	0.5303272	2.424859
19008	-3428.59	-3594.817	166.2272	1.392204	1.830537	0.7744581	2.500717
19014	-3419.903	-3586.452	166.5492	1.455975	1.633314	0.4010596	2.690048
19020	-3429.993	-3596.142	166.149	1.404666	2.338249	0.3913439	2.721603
19026	-3429.808	-3595.848	166.04	1.474701	1.857698	0.3262458	2.992208
19032	-3440.081	-3606.296	166.2152	1.432719	1.791844	0.3427914	2.915388
19038	-3444.317	-3610.575	166.2582	1.309201	1.791844	0.4370881	2.852007
19044	-3435.242	-3600.852	165.6093	1.385613	2.059242	0.7447298	2.823192
19050	-3441.928	-3608.129	166.2008	1.385613	2.076284	0.4376736	2.735318
19056	-3434.322	-3600.406	166.0837	1.386248	1.498388	0.4260998	3.043764
19062	-3430.495	-3596.57	166.0745	1.315982	1.609564	0.4260998	3.043764
19068	-3435.548	-3601.968	166.4195	1.303768	1.848506	0.3478934	2.841554
19074	-3447.488	-3613.666	166.1786	1.326796	2.116044	0.3768566	2.841554
19080	-3438.108	-3603.556	165.4473	1.411885	2.046938	0.5050402	3.114105
19086	-3430.877	-3596.395	165.5178	1.38333	1.907372	0.4288437	3.216772
19092	-3432.508	-3598.103	165.5957	1.393637	2.114021	0.3805197	3.14765
19098	-3426.62	-3591.567	164.9473	1.351364	1.7597	0.4477928	3.604082
19104	-3422.952	-3589.344	166.3917	1.29835	1.7597	0.5355177	2.68836
19110	-3426.284	-3591.285	165.0014	1.223885	2.135023	0.5857945	3.384904
19116	-3425.571	-3591.878	166.3069	1.320826	2.160848	0.5857945	2.531195
19122	-3432.513	-3597.792	165.279	1.279615	1.814791	0.5857945	3.300655
19128	-3425.478	-3589.961	164.4825	1.234276	1.814791	0.4951419	3.872483
19134	-3432.625	-3597.412	164.7867	1.075546	2.024005	0.5624419	3.653752
19140	-3445.123	-3607.741	162.6177	1.05192	2.214674	0.4751906	4.915249
19146	-3444.253	-3607.393	163.1392	1.042322	2.214674	0.6502873	4.479007
19152	-3436.402	-3602.54	166.1385	1.603874	1.956682	0.7968628	2.357729
19158	-3442.606	-3608.367	165.7602	1.44994	2.118247	0.3608447	3.038343
19164	-3429.922	-3595.606	165.6841	1.476914	2.088804	0.5425193	2.882604
19170	-3419.345	-3585.658	166.3131	1.432475	2.237031	0.5023617	2.512997
19176	-3446.213	-3612.731	166.5176	1.496834	2.237031	0.4826415	2.36464
19182	-3439.725	-3605.213	165.4885	1.392492	1.96778	0.5356445	3.099377
19188	-3441.339	-3606.997	165.6577	1.493329	2.323375	0.8984063	2.528861
19194	-3447.295	-3612.637	165.3419	1.376946	2.323375	0.8984063	2.794987
19200	-3451.822	-3618.382	166.56	1.382104	1.714562	0.4130996	2.681058
19206	-3438.26	-3605.259	166.9985	1.526811	1.714562	0.4681589	2.25267
19212	-3427.845	-3594.29	166.4456	1.564342	1.753933	0.8042991	2.261972
19218	-3433.826	-3599.882	166.0559	1.268458	1.753933	0.536443	2.912334
19224	-3441.648	-3606.404	164.7555	1.268458	1.827943	0.6991476	3.516971
19230	-3440.872	-3605.497	164.6246	1.417191	1.774611	0.7116514	3.516971
19236	-3439.806	-3604.604	164.7973	1.235236	1.877748	0.7116514	3.484438
19242	-3442.218	-3606.108	163.8902	1.22114	2.043856	0.7116514	3.959406
19248	-3434.384	-3598.871	164.4868	1.212598	2.043856	0.6289522	3.685072
19254	-3432.107	-3597.469	165.3622	1.292802	2.043856	0.6289522	3.124817
19260	-3436.226	-3600.844	164.6179	1.740145	2.307614	1.338286	2.771408
19266	-3436.917	-3600.711	163.7938	1.563562	2.307614	1.46569	3.311465
19272	-3422.787	-3587.715	164.9277	1.435523	2.307614	0.8550593	3.043402
19278	-3435.06	-3599.949	164.8897	1.300929	1.927921	0.8550593	3.27266
19284	-3441.592	-3606.271	164.6787	1.201799	1.916751	0.8550593	3.458726
19290	-3426.772	-3591.623	164.8516	1.256638	1.918441	0.6903299	3.441871
19296	-3423.305	-3586.53	163.2242	1.05772	2.009574	0.6903299	4.457172
19302	-3431.736	-3595.685	163.9491	1.132676	1.925601	0.6903299	4.032059
19308	-3421.55	-3585.84	164.2901	1.123822	2.155801	0.6903299	3.765255
19314	-3421.096	-3585.421	164.3253	1.17956	1.932622	0.6101451	3.850418
19320	-3426.61	-3592.326	165.7162	1.284264	1.932622	0.6101451	2.973356
19326	-3423.631	-3590.165	166.534	1.42581	1.864127	0.6101451	2.409506
19332	-3427.375	-3594.289	166.9141	1.431465	1.554724	0.5072589	2.3953
19338	-3429.377	-3596.333	166.9565	1.410736	1.652289	0.4544349	2.3953
19344	-3411.669	-3578.291	166.6216	1.384436	2.253361	0.4544349	2.3953
19350	-3428.905	-3595.423	166.5174	1.452037	2.141699	0.4544349	2.456644
19356	-3423.244	-3589.175	165.9315	1.366154	1.75575	0.4544349	3.009922
19362	-3431.717	-3597.469	165.7516	1.363347	1.947187	0.4544349	3.047823
19368	-3424.909	-3591.026	166.1171	1.368679	1.947187	0.4544349	2.824335
19374	-3440.949	-3607.604	166.6553	1.403383	1.947187	0.4544349	2.47106
19380	-3457.248	-3625.02	167.7726	1.811563	2.125067	0.4218667	1.403558
19386	-3451.859	-3619.598	167.7392	1.750904	1.959129	0.3609258	1.634194
19392	-3437.312	-3604.488	167.1761	1.51121	2.02608	0.5028757	1.981855
19398	-3435.834	-3602.59	166.7559	1.5028	1.989297	0.4737235	2.307517
19404	-3437.479	-3604.762	167.283	1.543626	1.993425	0.4474744	1.964938
19410	-3442.519	-3610.438	167.9191	1.726558	2.00459	0.4722093	1.338583
19416	-3435.736	-3603.337	167.6009	1.828115	2.607482	0.4722093	1.256666
19422	-3426.016	-3592.314	166.2983	1.386015	2.468811	0.6109394	2.371455
19428	-3428.204	-3594.784	166.5801	1.513884	2.203045	0.5620221	2.24418
19434	-3428.225	-3594.7	166.475	1.482007	2.519835	0.5620221	2.227345
19440	-3431.552	-3598.666	167.1138	1.551143	2.274535	0.3966114	2.03124
19446	-3434.71	-3601.373	166.663	1.385167	2.474041	0.4442083	2.308017
19452	-3421.668	-3588.063	166.3944	1.594858	2.131609	0.6638889	2.242892
19458	-3415.892	-3582.733	166.8413	1.603092	2.131609	0.5677421	2.035495
19464	-3419.624	-3585.837	166.2138	1.546606	2.131609	0.6308401	2.41761
19470	-3428.142	-3594.742	166.6003	1.491016	2.094339	0.6308401	2.219935
19476	-3424.499	-3591.019	166.5207	1.635019	1.98303	0.6308401	2.219935
19482	-3437.365	-3602.853	165.4879	1.475889	2.375406	0.7735687	2.71616
19488	-3425.779	-3591.99	166.211	1.452617	1.884045	0.5754675	2.618473
19494	-3438.582	-3604.985	166.4036	1.387196	1.526459	0.4720118	2.788374
19500	-3442.875	-3609.042	166.167	1.408176	1.524349	0.4899363	2.901643
19506	-3439.677	-3605.609	165.9315	1.406226	2.044231	0.4899363	2.842503
19512	-3429.581	-3595.338	165.7568	1.33809	2.266723	0.4899363	2.914927
19518	-3438.081	-3603.795	165.7138	1.34423	2.41925	0.3677703	3.02511
19524	-3441.077	-3605.436	164.3596	1.326514	2.578397	0.6338181	3.52593
19530	-3445.464	-3612.123	166.6592	1.347831	1.80966	0.4491792	2.562026
19536	-3437.75	-3604.274	166.5238	1.557157	2.138756	0.5836731	2.254345
19542	-3430.042	-3595.968	165.9255	1.378523	2.138756	0.6535656	2.679499
19548	-3426.676	-3592.352	165.6763	1.308583	1.82315	0.7138254	2.938755
19554	-3426.146	-3592.442	166.2953	1.441645	1.937743	0.543515	2.583103
19560	-3429.231	-3594.484	165.2534	1.245296	1.923357	0.7012595	3.20185
19566	-3433.751	-3597.827	164.0768	1.133221	1.923357	0.6422909	3.996595
19572	-3444.128	-3608.216	164.0877	1.198657	2.051292	0.6475141	3.905567
19578	-3449.69	-3613.958	164.268	1.174329	2.051292	0.6475141	3.815971
19584	-3438.528	-3604.474	165.9456	1.249309	2.051292	0.4913719	2.924981
19590	-3438.119	-3602.843	164.7241	1.208383	1.820883	0.5852724	3.664465
19596	-3432.18	-3598.329	166.1488	1.38043	1.820883	0.4575914	2.841749
19602	-3453.027	-3619.742	166.7156	1.435832	2.059722	0.4575914	2.367541
19608	-3445.156	-3612.112	166.9562	1.608233	2.059722	0.591122	1.959338
19614	-3438.033	-3605.156	167.1231	1.504608	2.059722	0.591122	1.91666
19620	-3436.6	-3602.44	165.8401	1.362158	2.120643	0.6619383	2.741083
19626	-3444.113	-3608.751	164.6377	1.354271	2.120643	0.8809511	3.306735
19632	-3423.674	-3589.426	165.7521	1.367018	2.120643	0.4888688	2.949447
19638	-3425.736	-3592.083	166.3471	1.438525	1.624859	0.4239101	2.801457
19644	-3431.361	-3598.11	166.7489	1.34938	1.78227	0.3916495	2.582796
19650	-3431.454	-3597.064	165.6093	1.342688	1.58219	0.6512032	3.104349
19656	-3439.496	-3605.043	165.5471	1.191215	2.069674	0.4900301	3.192957
19662	-3431.057	-3593.862	162.8047	1.12998	2.014072	0.5545991	4.758526
19668	-3434.479	-3598.825	164.3456	1.134764	1.871545	0.5736965	3.916602
19674	-3440.516	-3603.292	162.776	0.9462253	2.023703	0.5736965	4.857713
19680	-3430.338	-3594.335	163.9972	1.039264	2.271283	0.4930155	4.112425
19686	-3438.109	-3602.291	164.1817	1.08891	1.803159	0.4930155	4.133684
19692	-3439.918	-3603.674	163.7556	1.122029	1.803159	0.5358753	4.317121
19698	-3430.672	-3593.957	163.2859	1.158627	2.332104	0.5358753	4.390382
19704	-3426.373	-3590.906	164.5326	1.135857	1.750932	0.5039926	3.915334
19710	-3436.737	-3601.127	164.3896	1.137132	1.750932	0.4780648	4.021264
19716	-3438.498	-3602.897	164.3993	1.021306	1.934767	0.4728647	4.021264
19722	-3436.21	-3598.591	162.3817	0.9810147	1.757693	0.3758906	5.337068
19728	-3439.387	-3603.685	164.2976	1.04502	1.689185	0.5207071	4.109207
19734	-3430.724	-3595.477	164.753	1.067456	1.721711	0.4810232	3.861164
19740	-3426.656	-3591.265	164.6093	1.108156	2.287168	0.3683957	3.849321
19746	-3430.032	-3596.038	166.0059	1.31257	1.857699	0.5018316	2.909716
19752	-3431.37	-3596.891	165.5213	1.303693	2.210953	0.5018316	3.082987
19758	-3430.117	-3595.416	165.2992	1.368891	2.371331	0.5018316	3.126141
19764	-3429.704	-3595.919	166.2153	1.307873	1.771304	0.5016704	2.819035
19770	-3438.682	-3605.763	167.0811	1.505663	1.460355	0.4948	2.298971
19776	-3434.75	-3601.407	166.6564	1.522237	2.088099	0.4948	2.299413
19782	-3438.612	-3605.227	166.6154	1.481797	1.670483	0.351449	2.679236
19788	-3425.609	-3592.512	166.9028	1.437682	1.615018	0.351449	2.552268
19794	-3429.229	-3595.22	165.9915	1.368098	2.011855	0.5513373	2.780537
19800	-3430.168	-3594.895	164.7261	1.203654	1.784773	0.6003568	3.666507
19806	-3430.23	-3595.627	165.3975	1.379111	1.784773	0.4095665	3.356622
19812	-3426.276	-3592.31	166.0345	1.367453	1.800261	0.5114513	2.871617
19818	-3430.719	-3596.833	166.1138	1.350576	1.704338	0.5114513	2.871617
19824	-3434.889	-3598.809	163.9208	1.116177	1.829327	0.5746303	4.183736
19830	-3427.753	-3593.262	165.5096	1.32741	1.635889	0.4751688	3.309694
19836	-3429.816	-3595.711	165.8951	1.478741	1.651093	0.6172269	2.85069
19842	-3433.544	-3600.285	166.7404	1.412848	1.971921	0.383904	2.48516
19848	-3426.132	-3592.149	166.0166	1.389915	2.115123	0.383904	2.893267
19854	-3430.069	-3595.51	165.4417	1.353708	2.115123	0.383904	3.258208
19860	-3429.262	-3595.588	166.3259	1.451143	2.115123	0.5005617	2.536992
19866	-3427.225	-3592.545	165.3199	1.320394	1.654073	0.7625103	3.174534
19872	-3433.857	-3599.098	165.241	1.356076	2.468216	0.7188215	2.951681
19878	-3435.344	-3601.186	165.8422	1.418857	1.962805	0.6377687	2.781099
19884	-3429.392	-3595.784	166.3915	1.454898	2.470654	0.4770522	2.400712
19890	-3423.108	-3588.828	165.7205	1.284562	2.470654	0.5181237	2.877915
19896	-3423.297	-3590.083	166.7859	1.357738	2.470654	0.4349029	2.258771
19902	-3429.486	-3596.514	167.0277	1.513879	1.951346	0.3106088	2.346096
19908	-3428.344	-3594.88	166.5357	1.413558	2.031438	0.4878875	2.472375
19914	-3423.874	-3590.696	166.8224	1.524805	2.014674	0.3847577	2.345971
19920	-3430.805	-3597.443	166.6381	1.486052	2.1048	0.4834911	2.340211
19926	-3428.137	-3594.954	166.8171	1.486052	2.143366	0.4834911	2.211685
19932	-3432.507	-3599.667	167.1595	1.613446	2.143366	0.3249325	2.104784
19938	-3429.386	-3596.357	166.9711	1.532629	2.159163	0.375413	2.205033
19944	-3425.201	-3591.999	166.798	1.530385	1.984999	0.5296792	2.205033
19950	-3417.145	-3583.721	166.5765	1.530385	2.061917	0.5244479	2.323852
19956	-3430.358	-3597.546	167.188	1.477767	2.047148	0.7848927	1.718567
19962	-3430.62	-3597.687	167.0669	1.600579	2.045685	0.7848927	1.717966
19968	-3424.007	-3590.274	166.2674	1.561578	1.981271	0.7848927	2.302403
19974	-3440.878	-3607.166	166.2885	1.349491	2.57045	0.3709695	2.623441
19980	-3435.466	-3600.61	165.1434	1.167543	1.884978	0.4437729	3.555153
19986	-3420.675	-3585.54	164.8649	1.298046	1.884978	0.5455529	3.542448
19992	-3439.569	-3602.435	162.8657	0.9936904	2.070437	0.5455529	4.790194
19998	-3423.028	-3585.813	162.7849	1.038944	1.948082	0.6175617	4.790194
20004	-3426.613	-3589.894	163.2809	1.026705	1.874338	0.6175617	4.544363
20010	-3440.835	-3606.508	165.6728	1.224733	1.652756	0.6874818	3.078585
20016	-3434.635	-3599.869	165.2334	1.310125	1.998261	0.5143411	3.308795
20022	-3438.339	-3604.001	165.6621	1.178703	1.998261	0.5143411	3.132847
20028	-3443.601	-3608.852	165.2507	1.293433	2.22112	0.4012873	3.351898
20034	-3421.792	-3586.895	165.1026	1.301774	2.341704	0.6813066	3.134599
20040	-3442.533	-3609.11	166.5774	1.675318	2.556743	0.6005893	1.984008
20046	-3436.41	-3603.314	166.9039	1.598684	2.24079	0.5542851	1.97058
20052	-3428.078	-3594.414	166.3361	1.386338	2.022836	0.5476407	2.556849
20058	-3428.518	-3595.017	166.4993	1.40721	2.016013	0.4509952	2.544482
20064	-3433.068	-3599.263	166.1951	1.481217	1.552314	0.3321526	3.009471
20070	-3436.169	-3602.258	166.0888	1.468515	1.552314	0.5894841	2.805544
20076	-3431.319	-3598.188	166.8692	1.557806	1.71088	0.2787868	2.560278
20082	-3445.708	-3612.652	166.9437	1.618835	1.498241	0.2787868	2.568216
20088	-3442.169	-3609.058	166.8888	1.624615	1.899035	0.2787868	2.431382
20094	-3439.688	-3606.929	167.2414	1.57211	1.899035	0.4157188	2.050085
20100	-3440.055	-3604.823	164.7674	1.319198	1.948015	0.4924747	3.614339
20106	-3440.789	-3607.074	166.2843	1.287176	1.948015	0.4595813	2.766307
20112	-3445.961	-3613.061	167.1	1.540307	1.982435	0.4368216	2.105476
20118	-3435.184	-3601.793	166.6086	1.468889	2.155157	0.4368216	2.403827
20124	-3436.563	-3603.611	167.0475	1.645642	2.010654	0.4463666	2.048458
20130	-3424.678	-3592.114	167.4362	1.742353	2.010654	0.4528709	1.70952
20136	-3428.845	-3596.554	167.7089	1.577189	1.695437	0.4528709	1.772058
20142	-3439.274	-3607.061	167.7866	1.705506	2.244424	0.4435963	1.393432
20148	-3423.666	-3590.79	167.1237	1.593561	2.113534	0.4435963	1.99658
20154	-3431.443	-3598.669	167.2257	1.575257	2.003594	0.4212052	2.010092
20160	-3442.184	-3607.12	164.9354	1.17969	1.788778	0.7563768	3.436014
20166	-3429.747	-3594.771	165.0233	1.412561	1.98897	0.8371215	3.117761
20172	-3428.799	-3596.22	167.4214	1.570596	1.664524	0.3904461	2.063785
20178	-3423.697	-3590.922	167.2249	1.577344	1.991077	0.3904461	2.053052
20184	-3432.757	-3599.887	167.1306	1.587525	2.138164	0.3904461	2.053052
20190	-3437.146	-3604.368	167.2223	1.544477	1.524566	0.3904461	2.2739
20196	-3428.674	-3595.759	167.0843	1.518071	1.524566	0.482531	2.271838
20202	-3434.052	-3601.008	166.9559	1.562353	1.839945	0.4884717	2.182804
20208	-3426.92	-3594.116	167.1961	1.537875	2.153588	0.3609942	2.076029
20214	-3441.506	-3608.684	167.1784	1.619035	2.211454	0.3845108	1.981332
20220	-3432.24	-3599.441	167.2015	1.60357	1.519585	0.3845108	2.259177
20226	-3429.46	-3596.58	167.1192	1.442131	1.519585	0.4616906	2.323311
20232	-3432.756	-3599.515	166.7588	1.446292	1.702091	0.3871738	2.554468
20238	-3426.191	-3592.006	165.8146	1.446292	2.576622	0.5669475	2.643533
20244	-3427.467	-3592.201	164.7332	1.078234	1.723262	0.5149218	3.833408
20250	-3430.351	-3594.09	163.7388	1.191862	1.969599	0.8432746	3.996763
20256	-3427.941	-3593.38	165.4389	1.212077	1.969599	0.4271441	3.344113
20262	-3439.329	-3604.784	165.4545	1.24988	1.888884	0.5752018	3.19653
20268	-3435.346	-3600.505	165.1592	1.24988	2.025926	0.4826272	3.409154
20274	-3434.611	-3600.516	165.9057	1.28917	2.025926	0.4962573	2.928897
20280	-3423.678	-3587.819	164.1414	1.276778	1.980201	0.6923976	3.819029
20286	-3425.108	-3591.895	166.7872	1.36473	1.980201	0.5217186	2.32825
20292	-3442.323	-3608.335	166.0125	1.450213	2.047826	0.5284377	2.726757
20298	-3441.248	-3606.336	165.0877	1.285791	2.814014	0.5284377	3.149768
20304	-3443.334	-3607.911	164.5775	1.209873	2.33128	0.6932965	3.491877
20310	-3438.221	-3602.695	164.4735	1.28978	2.33128	0.6932965	3.505899
20316	-3438.748	-3603.703	164.955	1.304124	2.33128	0.6932965	3.214599
20322	-3426.456	-3592.196	165.7405	1.244121	2.395811	0.395539	3.043081
20328	-3442.955	-3608.872	165.9167	1.3082	2.395811	0.395539	2.898621
20334	-3436.486	-3601.359	164.8726	1.159419	1.955573	0.395539	3.74418
20340	-3435.563	-3600.981	165.4178	1.322967	2.106868	0.7712991	2.940806
20346	-3419.367	-3585.104	165.7369	1.370203	2.142412	0.5434602	2.896095
20352	-3428.938	-3594.828	165.8895	1.26985	2.172375	0.5075493	2.88919
20358	-3451.981	-3617.977	165.9962	1.431082	2.86003	0.5075493	2.517442
20364	-3429.106	-3595.59	166.4846	1.481573	2.727685	0.4246047	2.306016
20370	-3430	-3596.377	166.3765	1.481573	2.442478	0.5441551	2.332815
20376	-3433.943	-3600.449	166.5066	1.458269	2.442478	0.4336258	2.383156
20382	-3436.685	-3604.163	167.4775	1.608374	1.827888	0.5364095	1.754605
20388	-3423.365	-3590.457	167.0923	1.58001	1.755205	0.5840195	2.01827
20394	-3419.625	-3587.022	167.3966	1.524412	1.843064	0.3746223	2.054724
20400	-3444.227	-3611.996	167.7697	1.591519	1.843064	0.3746223	1.756067
20406	-3447.716	-3615.093	167.3776	1.580496	2.048927	0.4076918	1.903995
20412	-3435.509	-3602.47	166.9612	1.498584	2.048927	0.397262	2.24569
20418	-3444.543	-3610.349	165.8063	1.397395	2.38488	0.5767175	2.727977
20424	-3429.654	-3597.803	168.1483	1.734277	1.668403	0.4107398	1.405637
20430	-3437.326	-3603.609	166.2829	1.622218	2.124152	0.8679916	2.138393
20436	-3432.91	-3598.929	166.0185	1.567012	2.124152	1.004259	2.252541
20442	-3438.295	-3606.396	168.1008	1.831443	2.108214	0.3563638	1.234368
20448	-3433.287	-3601.5	168.2132	1.860873	1.63027	0.4361327	1.234368
20454	-3437.096	-3604.905	167.8086	1.860873	2.200623	0.4361327	1.281451
20460	-3438.745	-3606.664	167.9188	1.822888	1.940155	0.4361327	1.343272
20466	-3426.244	-3594.218	167.9739	1.86092	1.724642	0.4361327	1.376801
20472	-3441.951	-3607.84	165.8898	1.40656	1.964586	0.3919094	3.002494
20478	-3443.598	-3609.385	165.7869	1.284879	2.371614	0.3919094	3.002494
20484	-3446.411	-3614.215	167.8034	1.679686	1.49655	0.421111	1.771984
20490	-3434.44	-3602.139	167.6993	1.63711	2.023135	0.4059069	1.653399
20496	-3423.925	-3590.888	166.9639	1.588558	1.97552	0.4059069	2.202845
20502	-3426.383	-3593.248	166.8651	1.543049	2.461961	0.3465256	2.202845
20508	-3435.91	-3602.702	166.7923	1.564421	2.566966	0.3465256	2.202845
20514	-3432.051	-3599.516	167.4654	1.656457	2.297464	0.3468074	1.781646
20520	-3437.13	-3604.413	167.2824	1.656457	2.297464	0.2735392	2.019524
20526	-3427.8	-3595.421	167.6209	1.612669	1.788458	0.2735392	2.019524
20532	-3457.51	-3624.191	166.6812	1.359508	2.101401	0.4919704	2.385346
20538	-3442.294	-3608.747	166.4532	1.467034	2.236372	0.4919704	2.414479
20544	-3437.304	-3603.905	166.6007	1.430581	1.779902	0.4076186	2.606157
20550	-3441.389	-3608.685	167.2956	1.600303	1.964204	0.4472304	1.930301
20556	-3443.792	-3611.522	167.7301	1.832196	1.964204	0.4236417	1.488665
20562	-3437.905	-3605.773	167.8684	1.762061	1.65735	0.4958941	1.488665
20568	-3437.641	-3605.431	167.7899	1.748448	1.822696	0.4958941	1.476503
20574	-3429.557	-3597.192	167.6347	1.806612	1.953724	0.4915221	1.494472
20580	-3435.404	-3603.315	167.9109	1.855453	2.026293	0.383606	1.362398
20586	-3433.095	-3601.151	168.0558	1.886865	1.922756	0.383606	1.269753
20592	-3428.878	-3596.9	168.0218	1.920833	1.922756	0.383606	1.269753
20598	-3431.222	-3599.234	168.0117	1.854346	1.994162	0.4314016	1.222144
20604	-3434.862	-3602.713	167.8504	1.710893	1.818565	0.4117691	1.572246
20610	-3429.238	-3597.151	167.9129	1.681705	1.610243	0.4682726	1.574062
20616	-3429.37	-3597.035	167.6656	1.628135	2.137901	0.492047	1.524805
20622	-3435.41	-3602.514	167.1032	1.613713	2.061797	0.492047	1.960268
20628	-3425.882	-3593.786	167.9035	1.693632	2.061797	0.4038928	1.447259
20634	-3427.222	-3594.764	167.5419	1.670949	1.705927	0.4038928	1.879755
20640	-3440.744	-3608.267	167.5232	1.682895	1.705927	0.2954494	2.038455
20646	-3439.063	-3606.827	167.7633	1.669387	1.611039	0.2954494	1.930058
20652	-3435.406	-3600.683	165.2773	1.276368	2.047141	0.4902068	3.309489
20658	-3451.797	-3616.77	164.9731	1.327543	2.525348	0.4902068	3.309489
20664	-3438.512	-3606.084	167.5718	1.708911	2.181177	0.4349939	1.590048
20670	-3430.007	-3595.384	165.3769	1.456358	1.856549	0.5798726	3.127688
20676	-3428.838	-3594.137	165.2988	1.338565	2.199807	0.5798726	3.125572
20682	-3425.351	-3592.721	167.3705	1.530485	2.396053	0.3917897	1.835803
20688	-3425.759	-3592.874	167.1149	1.607109	2.511109	0.3486843	1.977542
20694	-3425.666	-3593.058	167.3917	1.710703	1.824156	0.3486843	1.977542
20700	-3435.386	-3602.361	166.9749	1.554127	2.182736	0.4070255	2.140021
20706	-3434.974	-3601.919	166.9455	1.560722	1.675399	0.4587182	2.292219
20712	-3430.322	-3597.753	167.4318	1.660851	2.04044	0.2975914	1.972771
20718	-3436.436	-3604.467	168.0315	1.678776	2.04044	0.2975914	1.540175
20724	-3439.175	-3607.332	168.1568	1.678776	1.675142	0.3642667	1.507684
20730	-3435.993	-3602.21	166.2171	1.46685	2.202846	0.6848286	2.394713
20736	-3437.015	-3602.474	165.4589	1.402591	2.202846	0.5497699	3.018005
20742	-3429.22	-3597.189	167.969	1.791261	1.919095	0.4025359	1.388193
20748	-3438.245	-3606.262	168.0172	1.791261	1.88585	0.3758905	1.407152
20754	-3439.349	-3607.335	167.9856	1.791261	1.88585	0.3758905	1.431593
20760	-3432.877	-3600.825	167.9481	1.817323	1.88585	0.4006677	1.402764
20766	-3434.936	-3602.94	168.0042	1.893964	1.719623	0.5066755	1.229337
20772	-3430.38	-3598.496	168.1156	1.857557	1.719623	0.5066755	1.16497
20778	-3429.481	-3597.496	168.0155	1.814398	1.586341	0.5066755	1.358997
20784	-3446.328	-3613.51	167.1823	1.550999	1.553744	0.3695316	2.308535
20790	-3449.746	-3617.095	167.3486	1.550999	1.344835	0.3695316	2.303047
20796	-3446.664	-3613.835	167.1709	1.480093	1.615572	0.3695316	2.333278
20802	-3442.233	-3610.383	168.1497	1.847691	1.687223	0.3871808	1.34116
20808	-3421.925	-3590.044	168.1193	1.847691	1.687223	0.4027837	1.34116
20814	-3423.8	-3591.386	167.5859	1.794477	1.722867	0.3876255	1.778511
20820	-3417.907	-3585.79	167.8838	1.837044	2.15867	0.3193007	1.444702
20826	-3416.731	-3584.547	167.8162	1.927286	2.15867	0.2976292	1.465258
20832	-3416.694	-3584.435	167.7405	1.778984	2.15867	0.3912415	1.483383
20838	-3412.051	-3580.17	168.1191	1.789184	2.15867	0.4041336	1.148649
20844	-3413.593	-3581.605	168.0125	1.951655	2.15867	0.4256933	1.060575
20850	-3414.919	-3582.863	167.9443	1.945537	1.983891	0.5167175	1.076513
20856	-3425.851	-3593.933	168.0815	2.003874	2.155918	0.3732834	1.042853
20862	-3422.55	-3590.47	167.9201	2.029674	2.121766	0.4808776	0.9995254
20868	-3435.849	-3603.844	167.9949	2.029674	1.703699	0.4808776	1.166816
20874	-3426.658	-3594.522	167.8648	2.00805	2.492576	0.4006336	1.026411
20880	-3425.649	-3593.374	167.7252	2.0715	2.492576	0.4311137	1.044764
20886	-3429.098	-3597.238	168.1407	2.062826	1.980785	0.4311137	0.910362
20892	-3427.197	-3592.746	165.5487	1.394784	2.218991	0.5502467	2.963057
20898	-3432.34	-3598.148	165.8086	1.416333	2.393222	0.3258186	2.986297
20904	-3434.673	-3602.876	168.2026	2.079089	1.833984	0.33056	1.12003
20910	-3429.74	-3597.9	168.1601	1.976343	2.093313	0.3139759	1.144798
20916	-3430.035	-3598.6	168.5652	1.976571	1.299072	0.4698739	0.9788705
20922	-3429.645	-3597.839	168.1944	1.989966	1.76105	0.4555909	1.025385
20928	-3424.47	-3592.69	168.2202	2.06496	1.76105	0.4366126	0.9580079
20934	-3442.378	-3610.588	168.21	2.057953	1.858245	0.4913694	0.7944591
20940	-3434.116	-3599.388	165.272	1.230074	1.721082	0.4918793	3.455948
20946	-3437.744	-3602.723	164.979	1.310922	2.066958	0.4918793	3.455948
20952	-3430.937	-3595.621	164.6842	1.206253	1.837553	0.7156193	3.578773
20958	-3439.688	-3604.865	165.1767	1.23283	2.030455	0.5585747	3.335639
20964	-3428.718	-3596.302	167.584	1.734452	2.478425	0.5374552	1.31065
20970	-3436.982	-3604.501	167.5187	1.522234	2.264316	0.3822623	1.799467
20976	-3423.604	-3590.579	166.9751	1.670308	2.264316	0.5694367	1.84975
20982	-3430.459	-3597.549	167.0898	1.420281	1.801727	0.4500518	2.246535
20988	-3435.651	-3602.829	167.1786	1.420983	2.114652	0.3693317	2.166919
20994	-3437.616	-3602.54	164.9236	1.336642	2.216852	0.8215956	3.156301
21000	-3438.717	-3604.159	165.4416	1.267244	2.037013	0.4103113	3.305349
21006	-3427.112	-3592.418	165.3058	1.257138	1.856903	0.4103113	3.454353
21012	-3423.182	-3589.319	166.1372	1.336639	1.812356	0.4034039	2.938578
21018	-3422.907	-3589.62	166.7135	1.432899	1.811975	0.4034039	2.526977
21024	-3427.261	-3594.367	167.1065	1.407585	1.299935	0.4034039	2.526977
21030	-3415.35	-3581.535	166.1844	1.420767	1.699813	0.4034039	2.903495
21036	-3418.664	-3584.854	166.1892	1.423727	1.672956	0.4087354	2.903495
21042	-3418.636	-3584.435	165.7992	1.239716	1.311245	0.3989945	3.414693
21048	-3427.678	-3592.802	165.1237	1.190752	1.974705	0.5540455	3.414693
21054	-3444.805	-3609.236	164.431	1.221832	2.157815	0.6383229	3.667197
21060	-3424.603	-3589.921	165.3183	1.074571	1.33475	0.4369983	3.737865
21066	-3426.853	-3591.429	164.5757	1.15435	1.869734	0.4159146	3.925449
21072	-3423.053	-3589.753	166.6998	1.387003	1.740588	0.4224861	2.570272
21078	-3433.995	-3598.65	164.6549	1.279773	1.943284	0.7314891	3.503544
21084	-3443.322	-3608.531	165.2092	1.204192	1.74246	0.4756168	3.515576
21090	-3439.807	-3605.893	166.0855	1.510064	2.08039	0.4324551	2.734063
21096	-3441.276	-3607.776	166.4998	1.510064	2.08039	0.4781192	2.42708
21102	-3434.615	-3600.781	166.1659	1.344248	2.321262	0.4781192	2.656526
21108	-3438.399	-3604.164	165.7648	1.408604	2.483374	0.6443349	2.656526
21114	-3434.327	-3600.286	165.9588	1.361112	1.863973	0.3889304	3.028493
21120	-3428.876	-3594.48	165.6041	1.218503	1.795584	0.4758849	3.255112
21126	-3418.749	-3584.325	165.5759	1.210999	1.878297	0.4979065	3.223608
21132	-3433.031	-3598.167	165.1361	1.334265	2.247324	0.5356155	3.249603
21138	-3432.953	-3599.38	166.4271	1.334034	2.247324	0.4498855	2.555857
21144	-3430.596	-3597.411	166.8152	1.37242	1.498376	0.4234079	2.6107
21150	-3422.155	-3588.281	166.1258	1.330023	1.526421	0.4234079	3.042973
21156	-3437.768	-3605.029	167.2617	1.43281	1.782455	0.4234079	2.166527
21162	-3443.362	-3610.923	167.5608	1.471934	1.782455	0.3962279	1.97753
21168	-3445.605	-3613.262	167.6566	1.491583	1.365332	0.4407596	2.042458
21174	-3431.148	-3598.68	167.5319	1.535535	1.47059	0.4407596	2.042458
21180	-3428.939	-3596.478	167.5388	1.541014	1.566016	0.4407596	1.988057
21186	-3433.168	-3601.003	167.8349	1.569188	1.428225	0.4407596	1.83714
21192	-3425.359	-3592.768	167.4088	1.641963	1.80616	0.4699446	1.864025
21198	-3426.157	-3593.444	167.287	1.533505	1.994282	0.4699446	1.942246
21204	-3428.896	-3596.095	167.1986	1.615992	2.094831	0.4404106	1.942246
21210	-3438.779	-3606.108	167.3283	1.603802	1.636879	0.4404106	2.053757
21216	-3435.59	-3602.786	167.1956	1.507686	1.636879	0.4404106	2.203294
21222	-3438.238	-3604.987	166.7493	1.505952	1.640359	0.4795412	2.443607
21228	-3436.156	-3603.261	167.1045	1.505952	1.929654	0.4833779	2.092194
21234	-3427.721	-3594.272	166.5509	1.486019	1.752981	0.4833779	2.529119
21240	-3432.898	-3600.104	167.2062	1.597339	1.967163	0.5498882	1.876189
21246	-3428.346	-3594.827	166.4814	1.538259	2.14291	0.5177084	2.357118
21252	-3436.736	-3602.86	166.1246	1.386748	1.859222	0.5157332	2.778349
21258	-3433.165	-3598.975	165.81	1.301249	1.859222	0.536477	3.000287
21264	-3429.311	-3595.728	166.4177	1.256775	1.691153	0.536477	2.72468
21270	-3433.33	-3596.935	163.6049	1.081631	1.691153	0.4366736	4.560391
21276	-3437.455	-3601.712	164.2568	1.156614	1.725427	0.5734787	4.008384
21282	-3442.949	-3607.927	164.978	1.278335	1.990909	0.6046656	3.398893
21288	-3428.572	-3593.594	165.0221	1.300258	2.665906	0.5266251	3.221907
21294	-3432.615	-3596.944	164.3291	1.146841	2.665906	0.5266251	3.716553
21300	-3429.063	-3593.504	164.4408	1.253716	2.143855	0.5566203	3.716553
21306	-3438.363	-3603.788	165.4255	1.198625	2.261799	0.4455622	3.243471
21312	-3438.421	-3600.239	161.8173	1.071804	2.010641	0.5978071	5.304263
21318	-3430.83	-3594.722	163.8925	1.070288	1.889697	0.5978071	4.185119
21324	-3428.726	-3593.062	164.3359	1.240189	2.112488	0.6446315	3.721104
21330	-3446.777	-3610.765	163.988	1.091645	2.216533	0.4938358	4.103809
21336	-3440.214	-3602.75	162.5364	1.012701	2.389337	0.5288037	4.882065
21342	-3438.825	-3603.296	164.4706	1.188327	2.565728	0.5227364	3.64174
21348	-3438.814	-3602.979	164.1653	1.133361	2.343392	0.5227364	3.913332
21354	-3438.922	-3603.471	164.5484	1.180166	3.066278	0.4721499	3.519784
21360	-3439.486	-3603.828	164.3422	1.252326	3.066278	0.554678	3.519784
21366	-3435.976	-3601.042	165.0664	1.36484	3.037235	0.554678	3.033078
21372	-3440.069	-3605.89	165.8218	1.287119	1.579811	0.5015284	3.145657
21378	-3443.082	-3608.75	165.6679	1.207452	1.39963	0.5015284	3.362314
21384	-3454.998	-3620.581	165.5827	1.205552	1.39963	0.5562805	3.362314
21390	-3431.524	-3597.031	165.5074	1.157856	1.544148	0.5201902	3.404545
21396	-3430.926	-3596.372	165.4456	1.278803	1.726952	0.4264354	3.390809
21402	-3442.689	-3607.304	164.6145	1.198525	2.000317	0.4264354	3.821398
21408	-3432.056	-3595.597	163.5412	1.094604	2.600278	0.4692706	4.268987
21414	-3432.304	-3596.418	164.1137	1.201412	2.600278	0.4095082	3.943759
21420	-3429.785	-3595.188	165.4028	1.357657	1.766679	0.4095082	3.372999
21426	-3424.447	-3589.688	165.2409	1.272347	1.878703	0.5614604	3.325364
21432	-3424.529	-3589.126	164.5977	1.210487	2.157995	0.6753613	3.547636
21438	-3432.959	-3598.642	165.683	1.387246	2.157995	0.6753613	2.797951
21444	-3420.538	-3585.709	165.1711	1.252139	2.020492	0.7119488	3.204253
21450	-3429.893	-3593.994	164.1016	1.27536	2.203089	0.7119488	3.755403
21456	-3421.822	-3586.677	164.855	1.133978	2.155786	0.5182033	3.577071
21462	-3429.505	-3593.136	163.631	1.04419	2.158742	0.5182033	4.328466
21468	-3434.951	-3599.346	164.3951	1.108193	2.548443	0.4432457	3.814302
21474	-3439.401	-3603.637	164.2357	1.143279	2.272855	0.5207891	3.890238
21480	-3434.259	-3598.165	163.9053	1.080159	1.639276	0.4963347	4.353498
21486	-3429.579	-3595.016	165.4363	1.09241	1.639276	0.5216669	3.444037
21492	-3422.323	-3587.045	164.7218	1.352178	2.574983	0.4745151	3.444037
21498	-3421.209	-3587.232	166.0235	1.358074	2.568963	0.4745151	2.663113
21504	-3427.272	-3593.378	166.1058	1.367796	2.474329	0.5530449	2.555924
21510	-3428.556	-3594.678	166.122	1.395099	2.474329	0.5253141	2.555924
21516	-3440.216	-3606.381	166.1651	1.395099	1.447355	0.4936058	2.941347
21522	-3426.91	-3592.692	165.7818	1.382676	1.529573	0.7249404	2.941347
21528	-3436.122	-3601.627	165.5046	1.365106	1.941526	0.7438533	2.941347
21534	-3434.013	-3600.259	166.2451	1.38781	1.941526	0.3579072	2.849119
21540	-3427.424	-3592.708	165.2838	1.317108	2.444858	0.8495621	2.861736
21546	-3429.977	-3593.22	163.2426	1.243496	2.444858	0.8495621	4.098738
21552	-3430.941	-3594.722	163.7805	1.053367	1.69191	0.76632	4.20293
21558	-3422.634	-3587.723	165.0881	1.22403	2.250709	0.6145369	3.272051
21564	-3434.433	-3601.448	167.015	1.33222	1.873471	0.5389607	2.226925
21570	-3417.696	-3584.078	166.3817	1.576937	2.217509	0.3853876	2.518057
21576	-3428.836	-3596.038	167.2013	1.60169	2.104196	0.3853876	2.015956
21582	-3434.347	-3599.346	164.9989	1.423255	2.061241	0.7736457	3.145296
21588	-3431.091	-3597.285	166.1932	1.476229	2.110704	0.6370418	2.476657
21594	-3435.405	-3601.419	166.0146	1.441852	2.110704	0.8037566	2.476657
21600	-3456.275	-3620.627	164.3516	1.548216	2.110704	1.129286	3.217926
21606	-3451.715	-3616.202	164.4872	1.427289	2.110704	1.131223	3.208149
21612	-3436.015	-3603.032	167.0173	1.476739	1.76535	0.4470078	2.275291
21618	-3448.834	-3614.984	166.1502	1.365539	1.606519	0.5056907	2.886497
21624	-3437.159	-3603.367	166.2084	1.441899	1.566727	0.4648147	2.863756
21630	-3444.049	-3609.697	165.6475	1.429159	2.171461	0.7306162	2.745729
21636	-3426.643	-3592.074	165.431	1.410029	2.304332	0.7306162	2.845793
21642	-3438.292	-3603.038	164.7454	1.383159	2.475886	0.7306162	3.22011
21648	-3443.223	-3607.814	164.5912	1.339448	2.435909	0.6247273	3.431422
21654	-3432.576	-3597.889	165.3132	1.430353	2.523172	0.5700861	2.971232
21660	-3434.488	-3600.855	166.3665	1.376462	1.970936	0.6317536	2.485788
21666	-3430.878	-3596.744	165.8654	1.326781	2.509699	0.5680686	2.704708
21672	-3432.918	-3599.01	166.0926	1.378743	2.239509	0.4402771	2.747609
21678	-3430.951	-3597.291	166.3402	1.497836	1.895741	0.5569576	2.523144
21684	-3425.262	-3591.868	166.6057	1.429142	2.014338	0.4467648	2.469652
21690	-3434.135	-3600.243	166.1079	1.400884	2.051791	0.4467648	2.78126
21696	-3440.929	-3606.826	165.8974	1.256897	1.868334	0.3565683	3.164611
21702	-3425.126	-3591.328	166.2017	1.477339	2.334093	0.4439491	2.584974
21708	-3443.334	-3609.687	166.3522	1.543229	2.229462	0.4439491	2.484661
21714	-3437.056	-3601.663	164.6071	1.182537	2.005377	0.6225104	3.651011
21720	-3445.297	-3609.157	163.8602	1.090961	2.005377	0.6225104	4.132154
21726	-3450.527	-3614.431	163.9035	1.197525	2.005377	0.4674805	4.184624
21732	-3445.765	-3609.805	164.0395	1.217074	2.379235	0.8012248	3.707905
21738	-3447.786	-3611.364	163.5776	1.179312	1.882836	0.7504763	4.188172
21744	-3459.102	-3622.971	163.8693	1.122943	2.177417	0.6211077	4.054361
21750	-3448.547	-3614.462	165.9157	1.402148	1.906694	0.566451	2.830026
21756	-3457.737	-3622.901	165.1642	1.37584	2.149942	0.6074561	3.175689
21762	-3442.213	-3607.223	165.0103	1.411032	2.2324	0.5725751	3.249671
21768	-3437.965	-3602.268	164.3039	1.23265	2.2324	0.6029375	3.739929
21774	-3433.459	-3598.392	164.9326	1.281727	2.2324	0.4140017	3.52712
21780	-3426.333	-3592.736	166.4026	1.410117	2.673952	0.5056674	2.329737
21786	-3446.275	-3612.627	166.3523	1.441998	2.594599	0.5404989	2.329737
21792	-3430.411	-3596.592	166.1808	1.468496	2.594599	0.469812	2.494481
21798	-3436.079	-3600.798	164.7188	1.341928	2.754137	0.6036058	3.283406
21804	-3445.862	-3610.904	165.0428	1.299537	2.532081	0.5571801	3.219575
21810	-3427.254	-3592.978	165.7238	1.385551	1.987532	0.5958022	2.900541
21816	-3435.804	-3601.613	165.8097	1.379036	2.461071	0.466816	2.821483
21822	-3444.927	-3610.992	166.065	1.493549	2.324894	0.466816	2.637484
21828	-3431.351	-3598.462	167.1115	1.559644	1.94483	0.5174532	2.008821
21834	-3435.437	-3602.263	166.8256	1.607629	1.94483	0.5354456	2.146569
21840	-3437.853	-3604.237	166.3837	1.422503	2.041715	0.365237	2.698212
21846	-3438.169	-3603.854	165.6847	1.348075	2.345741	0.4262928	2.994766
21852	-3418.644	-3585.754	167.11	1.605351	1.536254	0.6063213	2.067347
21858	-3413.93	-3579.623	165.6934	1.429053	2.037173	0.6063213	2.865855
21864	-3421.25	-3586.682	165.4314	1.395215	2.037173	0.6063213	3.0439
21870	-3421.063	-3586.174	165.1101	1.319659	2.037173	0.5427122	3.335884
21876	-3445.556	-3610.683	165.1269	1.326813	2.502007	0.681518	3.056827
21882	-3435.335	-3600.728	165.3928	1.179428	1.795447	0.3824054	3.503136
21888	-3434.503	-3599.556	165.0534	1.130947	1.795447	0.3824054	3.728167
21894	-3432.193	-3596.449	164.2553	1.139008	1.829065	0.5878486	3.968948
21900	-3444.67	-3608.898	164.2278	1.243352	2.203344	0.6058401	3.784306
21906	-3432.059	-3595.861	163.802	1.116601	1.802726	0.5998329	4.23932
21912	-3432.952	-3598.018	165.0665	1.118754	2.193899	0.4608086	3.50673
21918	-3436.896	-3602.428	165.5322	1.246468	3.045036	0.6071555	2.774037
21924	-3431.537	-3596.699	165.1623	1.360589	1.928362	0.7026593	3.18463
21930	-3431.171	-3595.396	164.225	1.22946	2.362293	0.5014625	3.838132
21936	-3427.618	-3593.824	166.2058	1.394129	1.784912	0.5014625	2.76715
21942	-3432.65	-3597.514	164.8646	1.426215	1.784912	0.7574775	3.333591
21948	-3437.526	-3604.14	166.6135	1.390704	1.616708	0.3480518	2.763114
21954	-3442.66	-3608.756	166.096	1.28374	1.922346	0.3343364	3.038725
21960	-3438.694	-3604.927	166.2336	1.420823	2.125383	0.3343364	2.801733
21966	-3445.368	-3611.595	166.2266	1.505019	2.328086	0.3441688	2.674727
21972	-3440.485	-3606.362	165.8766	1.45242	2.328086	0.5704958	2.674727
21978	-3437.833	-3603.636	165.8028	1.422698	2.158994	0.5704958	2.793589
21984	-3431.232	-3597.089	165.8567	1.385455	2.128958	0.5704958	2.793589
21990	-3455.327	-3623.048	167.7211	1.798508	2.259565	0.434034	1.379165
21996	-3443.916	-3611.509	167.593	1.810447	2.171339	0.4851516	1.436706
22002	-3433.821	-3599.769	165.9484	1.495064	2.423988	0.4787576	2.66449
22008	-3436.225	-3602.288	166.0633	1.411202	1.787455	0.4787576	2.865601
22014	-3443.61	-3610.157	166.5466	1.471081	2.037405	0.4354604	2.484766
22020	-3446.459	-3613.795	167.3359	1.755608	2.025019	0.5900976	1.607589
22026	-3426.829	-3595.177	168.3479	1.761018	1.469009	0.3702478	1.40141
22032	-3427.444	-3595.498	168.0548	1.84919	1.883954	0.3783671	1.328879
22038	-3423.792	-3592.02	168.2282	1.80572	1.609228	0.4746971	1.223143
22044	-3429.273	-3597.442	168.1687	1.808523	1.609228	0.3802743	1.40953
22050	-3415.092	-3583.216	168.1237	1.782207	1.55573	0.3802743	1.492693
22056	-3409.269	-3577.599	168.3294	1.782207	1.39566	0.4197896	1.367549
22062	-3404.648	-3572.616	167.968	1.769094	1.699921	0.4197896	1.487658
22068	-3422.745	-3591.01	168.2654	1.829373	1.386285	0.4197896	1.386459
22074	-3436.738	-3604.863	168.1245	1.829373	1.997329	0.3191959	1.334613
22080	-3432.046	-3600.152	168.1056	1.824865	1.752401	0.4037052	1.334613
22086	-3422.78	-3590.702	167.9222	1.858379	1.98727	0.4282093	1.301118
22092	-3426.171	-3593.967	167.7965	1.873295	1.98727	0.4000902	1.430349
22098	-3440.7	-3608.747	168.0472	1.846357	1.98727	0.3358689	1.358085
22104	-3438.65	-3606.197	167.5468	1.730533	2.23729	0.3675429	1.664241
22110	-3439.722	-3606.762	167.0403	1.67225	1.934064	0.3675429	2.164155
22116	-3428.18	-3594.982	166.8023	1.561514	1.841538	0.3683169	2.422498
22122	-3439.88	-3606.902	167.022	1.448016	1.841538	0.4254247	2.284785
22128	-3433.557	-3600.156	166.5991	1.634221	1.841538	0.5987524	2.254816
22134	-3430.366	-3597.532	167.1656	1.634221	2.261389	0.4721397	1.852279
22140	-3430.532	-3597.268	166.7364	1.415539	1.729961	0.4322295	2.522886
22146	-3427.162	-3593.903	166.7408	1.493876	1.729961	0.4322295	2.471171
22152	-3425.643	-3592.708	167.0642	1.533286	1.996954	0.3324057	2.262169
22158	-3433.606	-3600.508	166.9026	1.486452	1.891638	0.4487246	2.289654
22164	-3433.259	-3600.486	167.2266	1.499266	1.841692	0.5152315	2.016786
22170	-3440.523	-3608.099	167.5762	1.617483	2.118807	0.5152315	1.578326
22176	-3432.994	-3600.48	167.4853	1.782141	2.118807	0.4143124	1.652316
22182	-3432.415	-3599.89	167.4743	1.655711	2.118807	0.2590359	1.981048
22188	-3433.283	-3601.077	167.7942	1.851012	1.985764	0.3820923	1.476587
22194	-3433.315	-3601.153	167.8386	1.781093	2.057699	0.4368419	1.384137
22200	-3430.833	-3598.525	167.6918	1.805612	1.948926	0.3997548	1.577098
22206	-3426.914	-3594.582	167.6684	1.821574	1.948926	0.3997548	1.582493
22212	-3423.998	-3591.865	167.8672	1.791677	1.948926	0.4090291	1.443097
22218	-3428.017	-3596.086	168.0691	1.791677	1.737638	0.3734106	1.443097
22224	-3430.872	-3598.906	168.034	1.835177	1.92586	0.3811315	1.33186
22230	-3422.735	-3590.669	167.9339	1.8832	1.737638	0.461446	1.348434
22236	-3431.685	-3599.356	167.6703	1.867205	2.527218	0.383438	1.333119
22242	-3421.899	-3589.803	167.9033	1.739494	1.943301	0.4608973	1.385023
22248	-3439.776	-3607.962	168.1865	1.873542	1.835646	0.4608973	1.089393
22254	-3427.546	-3595.644	168.0986	1.9257	1.835646	0.4608973	1.122036
22260	-3433.114	-3601.133	168.0192	1.835049	1.852114	0.5343679	1.155624
22266	-3430.64	-3598.552	167.9122	1.859213	1.852114	0.4881788	1.289466
22272	-3428.915	-3596.889	167.9748	1.889892	1.707035	0.4881788	1.289466
22278	-3436.301	-3604.304	168.0037	1.829386	2.044417	0.4881788	1.138915
22284	-3429.402	-3597.313	167.911	1.916749	1.903451	0.4957254	1.205521
22290	-3440.622	-3607.331	166.7087	1.486791	1.77739	0.6479205	2.260584
22296	-3438.685	-3604.276	165.5913	1.305521	1.700744	0.766306	2.999968
22302	-3430.338	-3596.315	165.9766	1.423097	1.700744	0.6612552	2.777411
22308	-3429.29	-3595.53	166.2405	1.346109	1.931383	0.2913938	2.969828
22314	-3428.204	-3594.404	166.1993	1.352806	1.813047	0.3390419	2.969828
22320	-3432.399	-3598.027	165.6288	1.287397	1.647446	0.4068117	3.331044
22326	-3441.643	-3606.709	165.0659	1.223936	1.85624	0.4068117	3.617472
22332	-3436.302	-3601.56	165.2575	1.311245	1.713822	0.5625578	3.353678
22338	-3434.136	-3599.939	165.8028	1.330863	2.08219	0.3696738	3.085412
22344	-3431.186	-3596.404	165.2182	1.254527	2.08219	0.5150177	3.321297
22350	-3422.382	-3587.833	165.4507	1.25712	1.566185	0.5636013	3.330445
22356	-3437.375	-3604.002	166.627	1.340794	1.663195	0.4627354	2.630953
22362	-3441.59	-3608.137	166.5467	1.400503	1.693894	0.4627354	2.630953
22368	-3444.603	-3610.681	166.0774	1.305246	2.049336	0.4508437	2.854396
22374	-3446.532	-3612.779	166.2477	1.469937	2.032596	0.4508437	2.655655
22380	-3433.93	-3599.238	165.3078	1.243621	2.359226	0.5565283	3.147484
22386	-3439.815	-3605.263	165.4476	1.340225	1.806202	0.5565283	3.194458
22392	-3435.131	-3600.572	165.4406	1.316507	1.854997	0.5565283	3.194458
22398	-3438.927	-3604.003	165.0757	1.253485	2.031072	0.4533501	3.483786
22404	-3456.427	-3621.126	164.6993	1.16658	3.218999	0.4390667	3.437174
22410	-3436.487	-3600.305	163.8185	1.144803	3.218999	0.4390667	3.959169
22416	-3440.195	-3604.241	164.0462	1.2132	2.421963	0.6384019	3.813781
22422	-3445.516	-3609.751	164.2349	1.220368	2.038689	0.5636535	3.882376
22428	-3433.568	-3599	165.4323	1.218706	1.657185	0.4112228	3.477662
22434	-3421.536	-3586.832	165.2965	1.318617	1.936008	0.5658665	3.240758
22440	-3431.895	-3597.534	165.6395	1.349625	1.936008	0.354363	3.240758
22446	-3425.017	-3590.805	165.7888	1.340356	1.547114	0.4108754	3.242332
22452	-3425.815	-3590.705	164.8905	1.173615	1.944913	0.6329332	3.503794
22458	-3420.021	-3585.155	165.1343	1.197502	1.944913	0.5360412	3.431362
22464	-3443.754	-3608.143	164.389	1.117934	2.328532	0.5274244	3.793784
22470	-3435.972	-3600.442	164.47	1.182006	1.778208	0.6226662	3.81083
22476	-3435.487	-3599.308	163.8203	1.011538	2.077639	0.5187928	4.265032
22482	-3430.731	-3594.571	163.84	1.031382	2.285483	0.5187928	4.177998
22488	-3441.453	-3604.877	163.4243	1.082444	2.486532	0.5187928	4.32644
22494	-3443.712	-3606.538	162.8255	1.158394	2.486532	0.5376682	4.603944
22500	-3437.901	-3603.482	165.5813	1.312459	2.357421	0.4426887	3.056503
22506	-3434.508	-3600.631	166.1233	1.312459	2.421923	0.4426887	2.708675
22512	-3437.98	-3604.717	166.7373	1.399594	1.76562	0.4239431	2.527312
22518	-3442.426	-3608.778	166.3524	1.442	2.546498	0.446282	2.443885
22524	-3434.789	-3601.337	166.5478	1.614401	2.120473	0.63485	2.160828
22530	-3422.432	-3588.29	165.8583	1.397721	2.682278	0.496974	2.684068
22536	-3428.972	-3594.816	165.8448	1.475893	2.439685	0.5292459	2.684068
22542	-3429.819	-3596.168	166.3494	1.471805	2.208417	0.4688836	2.510738
22548	-3428.182	-3594.687	166.5056	1.380384	2.172111	0.4688836	2.482626
22554	-3427.375	-3593.909	166.5343	1.443374	2.172111	0.4641902	2.430132
22560	-3437.532	-3604.407	166.8742	1.333167	2.172111	0.4641902	2.284351
22566	-3420.034	-3586.024	165.9908	1.376027	2.172111	0.5379305	2.733461
22572	-3421.108	-3588.114	167.0053	1.611133	2.120648	0.3476936	2.182997
22578	-3432.381	-3599.206	166.8255	1.477681	1.437431	0.3692707	2.632308
22584	-3426.682	-3593.563	166.8809	1.281631	1.625611	0.4807232	2.506784
22590	-3428.179	-3594.08	165.9011	1.280731	2.185866	0.4807232	2.898131
22596	-3441.393	-3606.956	165.5631	1.394437	2.185866	0.6259521	2.898131
22602	-3435.485	-3600.192	164.7069	1.325011	1.833681	0.6654544	3.536261
22608	-3437.477	-3602.662	165.1848	1.269662	2.108266	0.723966	3.146783
22614	-3437.94	-3603.419	165.4791	1.30715	2.088654	0.5998342	3.056033
22620	-3439.382	-3605.576	166.1937	1.457476	2.088654	0.7176587	2.428407
22626	-3447.425	-3613.314	165.8885	1.56655	2.023993	0.5278693	2.740428
22632	-3445.092	-3610.438	165.3461	1.354386	2.188862	0.3816149	3.292805
22638	-3442.45	-3607.778	165.3276	1.258266	2.188862	0.5878517	3.152688
22644	-3432.086	-3597.23	165.1444	1.261114	2.257827	0.5878517	3.23755
22650	-3436.583	-3602.131	165.5481	1.434829	2.126395	0.4646901	3.054023
22656	-3432.285	-3598.386	166.1005	1.430406	2.126395	0.4646901	2.722566
22662	-3433.625	-3599.466	165.8408	1.406859	2.126395	0.5270686	2.832028
22668	-3432.382	-3598.093	165.7106	1.24492	2.020266	0.5617144	3.012207
22674	-3438.162	-3604.12	165.9584	1.434953	1.972847	0.4865514	2.837506
22680	-3442.22	-3608.573	166.3539	1.424284	1.772241	0.4865514	2.678219
22686	-3436.409	-3602.459	166.0507	1.447119	2.536189	0.4865514	2.588497
22692	-3441.714	-3608.199	166.4849	1.440534	2.536189	0.4303577	2.382588
22698	-3448.886	-3615.707	166.8206	1.531107	2.536189	0.5109234	2.016481
22704	-3446.998	-3614	167.0019	1.669258	2.228806	0.3867855	2.056061
22710	-3450.995	-3617.962	166.9667	1.572762	2.228806	0.4575681	2.056061
22716	-3435.52	-3602.691	167.1705	1.662361	2.319329	0.3939462	1.906411
22722	-3444.468	-3608.537	164.0693	1.210154	1.865963	0.4565103	4.141827
22728	-3437.559	-3602.784	165.225	1.268588	1.618941	0.4988978	3.494406
22734	-3438.845	-3605.535	166.6897	1.502321	1.870442	0.5376479	2.328835
22740	-3435.17	-3602.051	166.8809	1.620072	2.422043	0.5376479	1.925738
22746	-3431.612	-3598.747	167.1353	1.6761	2.422043	0.4182463	1.853544
22752	-3444.314	-3607.104	162.7896	1.010259	1.914274	0.6316031	4.803857
22758	-3431.742	-3595.181	163.4394	1.150046	1.914274	0.6316031	4.360693
22764	-3434.514	-3598.973	164.4588	1.124186	1.649576	0.5590777	3.952994
22770	-3443.813	-3609.649	165.8363	1.258158	1.66415	0.5590777	3.065112
22776	-3445.456	-3611.813	166.3571	1.394887	1.51946	0.3815732	2.916303
22782	-3447.438	-3613.188	165.7505	1.33882	1.71432	0.5502076	3.05625
22788	-3440.688	-3606.313	165.6252	1.297448	2.066816	0.5234109	3.05161
22794	-3427.285	-3594.748	167.4629	1.606276	2.232586	0.3970691	1.771469
22800	-3433.004	-3599.83	166.8257	1.514794	2.114773	0.3441372	2.366755
22806	-3427.841	-3594.605	166.7636	1.428173	2.114773	0.5521494	2.222348
22812	-3432.096	-3598.964	166.868	1.466957	2.021877	0.3727267	2.366359
22818	-3421.705	-3588.43	166.7254	1.474978	2.226728	0.4219001	2.318425
22824	-3420.954	-3588.175	167.2208	1.615867	2.089372	0.4295341	1.942801
22830	-3435.892	-3601.231	165.3394	1.357065	1.974794	0.7869404	3.001998
22836	-3428.993	-3595.049	166.0555	1.488985	1.835645	0.7337964	2.576582
22842	-3438.645	-3605.073	166.4286	1.482489	2.196547	0.4191196	2.514457
22848	-3437.7	-3603.532	165.8314	1.310556	1.708327	0.535469	3.04089
22854	-3443.743	-3609.462	165.7189	1.310308	1.741813	0.4410007	3.189688
22860	-3436.741	-3602.065	165.3246	1.331951	2.098722	0.5335225	3.189688
22866	-3440.374	-3606.501	166.1268	1.406144	1.731081	0.4206288	2.914948
22872	-3445.799	-3608.958	163.1589	1.343907	1.675234	0.8823797	4.320861
22878	-3431.797	-3595.747	163.95	1.230383	2.199445	0.8583159	3.768707
22884	-3440.463	-3607.742	167.2791	1.68631	2.003493	0.4338765	1.883789
22890	-3440.48	-3607.419	166.9396	1.597134	2.003493	0.4338765	2.168473
22896	-3447.865	-3614.316	166.4503	1.472242	2.020033	0.5357549	2.444445
22902	-3426.476	-3593.046	166.5698	1.456365	1.879026	0.523675	2.444445
22908	-3431.905	-3598.208	166.3038	1.43442	1.865996	0.5877719	2.56784
22914	-3426.173	-3592.048	165.8757	1.376882	1.813429	0.5877719	2.885399
22920	-3426.436	-3592.419	165.983	1.346087	1.813429	0.5636881	2.860944
22926	-3427.13	-3592.661	165.5313	1.280333	1.566398	0.451689	3.377188
22932	-3447.962	-3614.691	166.7284	1.462161	1.44658	0.3328167	2.744365
22938	-3436.392	-3601.997	165.6042	1.313379	1.97545	0.3666214	3.25415
22944	-3441.288	-3606.779	165.4904	1.357791	2.011872	0.4779478	3.159691
22950	-3436.797	-3601.971	165.1742	1.197281	1.955008	0.6317444	3.321127
22956	-3431.163	-3596.101	164.9377	1.177009	1.992411	0.6683311	3.429336
22962	-3441.395	-3604.847	163.4517	1.216263	1.849902	0.713546	4.276548
22968	-3439.656	-3603.538	163.8823	1.216813	2.317489	0.700522	3.888704
22974	-3437.01	-3601.407	164.3973	1.212112	2.317489	0.6231879	3.655005
22980	-3438.324	-3603.163	164.8394	1.376475	2.085998	0.7178799	3.300044
22986	-3441.215	-3606.226	165.0108	1.182809	2.274081	0.5126078	3.425607
22992	-3434.23	-3599.257	165.0271	1.408793	2.343988	0.571771	3.206942
22998	-3431.373	-3597.583	166.2103	1.299764	2.208901	0.571771	2.600919
23004	-3426.214	-3591.541	165.3276	1.306833	2.208901	0.571771	3.131598
23010	-3431.162	-3596.053	164.8912	1.302681	1.916158	0.5112372	3.545138
23016	-3425.771	-3590.684	164.9125	1.20686	2.483516	0.3802282	3.545138
23022	-3446.432	-3613.694	167.262	1.669024	1.990373	0.5581605	1.770109
23028	-3446.546	-3613.179	166.6327	1.570908	1.967487	0.6417996	2.185008
23034	-3433.596	-3600.633	167.0366	1.423249	1.94068	0.4844176	2.185008
23040	-3435.548	-3601.143	165.5948	1.368522	1.9979	0.5127621	3.06141
23046	-3429.854	-3596.277	166.423	1.32346	1.672413	0.4624223	2.763316
23052	-3425.712	-3590.018	164.3062	1.18231	2.003428	0.6335842	3.816514
23058	-3413.867	-3578.864	164.9974	1.222005	2.131024	0.5942622	3.382364
23064	-3423.647	-3588.43	164.7832	1.198213	1.93508	0.6504819	3.541232
23070	-3429.106	-3594.088	164.9819	1.136658	1.93508	0.5559369	3.541232
23076	-3422.694	-3586.494	163.8	1.096529	2.293155	0.5576148	4.126753
23082	-3423.926	-3590.111	166.1847	1.393508	2.462834	0.498946	2.548095
23088	-3429.029	-3594.582	165.5532	1.335653	2.462834	0.6308544	2.848097
23094	-3427.051	-3592.473	165.4219	1.464877	2.420007	0.6308544	2.862395
23100	-3436.963	-3602.579	165.6164	1.404207	2.326454	0.4078644	3.02875
23106	-3422.131	-3587.8	165.6692	1.341505	2.592069	0.5191069	2.837705
23112	-3415.21	-3579.825	164.6149	1.312342	2.278764	0.4584725	3.632597
23118	-3430.369	-3595.67	165.3012	1.199267	2.278764	0.537407	3.220239
23124	-3431.256	-3596.429	165.1732	1.346921	1.761067	0.546455	3.378603
23130	-3431.882	-3595.749	163.867	1.170425	2.250592	0.4312821	4.179505
23136	-3423.5	-3587.853	164.3534	1.159368	1.763392	0.4312821	4.071776
23142	-3444.155	-3609.192	165.0368	1.139905	1.813946	0.4430387	3.659596
23148	-3428.12	-3593.041	164.9205	1.160912	1.562837	0.4038992	3.853581
23154	-3427.164	-3591.868	164.7043	1.222278	2.09824	0.5235652	3.626985
23160	-3443.675	-3608.838	165.1633	1.24735	1.744609	0.3955799	3.601205
23166	-3432.042	-3597.805	165.7627	1.219967	1.944121	0.3955799	3.192577
23172	-3426.024	-3591.838	165.8143	1.367086	2.042917	0.5686485	2.861819
23178	-3435.452	-3602.092	166.6396	1.366404	1.980929	0.5100156	2.43234
23184	-3440.171	-3607.179	167.0079	1.443706	1.929021	0.5340404	2.14224
23190	-3447.031	-3611.932	164.9008	1.287639	2.172566	0.5572982	3.419469
23196	-3446.89	-3612.064	165.1739	1.283469	2.041229	0.5835503	3.281595
23202	-3447.613	-3614.642	167.0286	1.569557	1.451705	0.4673216	2.325588
23208	-3435.683	-3601.457	165.7737	1.425585	2.070206	0.4673216	2.940486
23214	-3424.242	-3589.174	164.9317	1.253312	2.070206	0.4673216	3.540447
23220	-3438.787	-3604.882	166.0955	1.479909	1.893902	0.4673216	2.775703
23226	-3438.358	-3604.583	166.2257	1.403956	2.023744	0.5146605	2.646336
23232	-3429.352	-3594.138	164.7859	1.259072	2.09116	0.4978181	3.584928
23238	-3446.577	-3610.31	163.7335	1.148099	2.09116	0.7143255	4.073217
23244	-3430.427	-3594.662	164.2352	1.286673	1.980974	0.7143255	3.742644
23250	-3445.123	-3610.724	165.6012	1.199315	1.835151	0.4234907	3.308428
23256	-3436.463	-3602.176	165.7132	1.361154	1.746987	0.5605218	3.042899
23262	-3448.878	-3615.938	167.0604	1.4786	2.183228	0.3228935	2.245335
23268	-3429.523	-3595.959	166.436	1.501965	1.928272	0.3557533	2.670434
23274	-3428.336	-3594.633	166.2968	1.284049	1.582518	0.3557533	3.023665
23280	-3433.215	-3600.379	167.1641	1.39337	1.582518	0.5216922	2.232586
23286	-3433.143	-3600.498	167.3549	1.467955	1.5143	0.3985198	2.232586
23292	-3450.051	-3615.882	165.8306	1.341558	1.779745	0.4853662	3.043818
23298	-3437.887	-3602.985	165.0977	1.344667	2.662242	0.6735772	3.023953
23304	-3424.125	-3591.003	166.8775	1.654768	1.773855	0.6500921	2.04069
23310	-3431.508	-3598.658	167.1498	1.626899	1.773855	0.4736741	2.057603
23316	-3424.877	-3592.546	167.6694	1.67241	1.773855	0.5166387	1.619563
23322	-3427.295	-3594.776	167.4806	1.614114	1.773855	0.5166387	1.794336
23328	-3431.999	-3599.109	167.1098	1.541238	2.06367	0.5166387	1.976656
23334	-3434.13	-3601.404	167.2744	1.812015	2.421768	0.401782	1.683667
23340	-3427.302	-3595.277	167.9751	1.773233	1.984235	0.4293877	1.326857
23346	-3427.885	-3595.588	167.7029	1.633763	1.730056	0.4512295	1.722583
23352	-3430.348	-3598.09	167.7424	1.565026	1.829043	0.4039436	1.759593
23358	-3426.435	-3594.135	167.7006	1.558776	1.419774	0.4039436	1.985859
23364	-3432.485	-3600.468	167.9826	1.737453	1.582417	0.4742953	1.487706
23370	-3438.368	-3605.22	166.852	1.737453	2.585026	0.5915041	1.753801
23376	-3434.637	-3602.157	167.5204	1.603823	2.585026	0.4275502	1.563325
23382	-3438.198	-3605.863	167.6652	1.641989	1.85115	0.4275502	1.718943
23388	-3440.175	-3606.801	166.6262	1.58818	2.33194	0.4275502	2.267222
23394	-3444.04	-3612.328	168.2876	1.842449	1.456077	0.3480886	1.428013
23400	-3430.346	-3598.754	168.408	1.861732	1.383639	0.3480886	1.362433
23406	-3432.02	-3600.453	168.4323	1.807649	1.383639	0.3994946	1.303189
23412	-3431.722	-3599.773	168.0505	1.865416	1.746341	0.4179808	1.327718
23418	-3432.479	-3600.083	167.6037	1.808045	2.061967	0.4658781	1.501963
23424	-3446.559	-3613.868	167.3088	1.751313	2.080724	0.3837044	1.853821
23430	-3441.211	-3607.15	165.9387	1.425293	1.514762	0.6348156	2.899744
23436	-3437.675	-3603.365	165.6896	1.208627	2.16512	0.6494738	2.921055
23442	-3432.748	-3599.457	166.7095	1.520335	2.605119	0.4289877	2.167862
23448	-3442.194	-3609.45	167.256	1.669353	2.499832	0.4289877	1.733848
23454	-3438.39	-3605.665	167.2752	1.660516	1.908408	0.4089601	1.973466
23460	-3436.353	-3601.776	165.4233	1.254988	2.249917	0.6036999	3.064177
23466	-3434.618	-3600.31	165.6921	1.243754	2.105435	0.4891533	3.064177
23472	-3429.369	-3595.84	166.4709	1.377915	2.07792	0.4449399	2.564917
23478	-3439.591	-3605.579	165.9874	1.343231	2.07792	0.4449399	2.882342
23484	-3432.512	-3598.527	166.0153	1.329446	1.963306	0.4449399	2.914152
23490	-3430.618	-3596.971	166.3529	1.398307	2.083527	0.4033737	2.670859
23496	-3443.883	-3610.523	166.6396	1.43284	1.585471	0.4033737	2.666424
23502	-3442.91	-3609.206	166.2957	1.421332	2.028962	0.4033737	2.711113
23508	-3426.89	-3593.323	166.4324	1.529583	1.873779	0.5165759	2.493858
23514	-3425.048	-3591.862	166.8141	1.375331	1.873779	0.4502128	2.421672
23520	-3426.968	-3592.994	166.0263	1.344738	1.797808	0.4502128	2.954058
23526	-3435.259	-3598.646	163.3873	1.16817	1.797808	0.647248	4.408507
23532	-3426.318	-3590.185	163.8671	1.179584	1.797808	0.5991411	4.168982
23538	-3420.389	-3584.17	163.7811	1.09352	1.797808	0.5889358	4.27507
23544	-3428.181	-3592.874	164.6925	1.296895	2.027489	0.6579787	3.498795
23550	-3440.132	-3605.759	165.6273	1.365199	2.027489	0.4802297	3.066017
23556	-3438.546	-3604.184	165.6375	1.392309	1.708986	0.5940645	3.054521
23562	-3435.174	-3600.709	165.535	1.499675	2.044325	0.6384116	2.889003
23568	-3433.666	-3600.222	166.5569	1.571881	2.220533	0.4260416	2.361242
23574	-3432.327	-3598.794	166.4676	1.410741	2.570298	0.5188235	2.305528
23580	-3442.719	-3610.009	167.2901	1.56547	2.046446	0.3380358	2.067655
23586	-3429.897	-3596.471	166.5733	1.551465	2.150289	0.4258823	2.388306
23592	-3437.391	-3604.316	166.9247	1.501768	2.045241	0.4258823	2.233668
23598	-3440.087	-3606.544	166.4579	1.660381	2.045241	0.5091992	2.338399
23604	-3442.125	-3606.991	164.8661	1.286038	2.12306	0.7996291	3.26613
23610	-3437.919	-3605.569	167.6495	1.729952	1.837568	0.5373387	1.538231
23616	-3431.722	-3599.071	167.3482	1.729952	1.96169	0.4343073	1.822941
23622	-3439.009	-3606.355	167.346	1.647617	1.96169	0.5798415	1.715167
23628	-3435.227	-3601.988	166.7607	1.593832	1.869202	0.5798415	2.183462
23634	-3439.909	-3606.515	166.6062	1.548362	1.868742	0.5332957	2.357689
23640	-3444.186	-3608.974	164.7878	1.374115	1.968523	0.8757712	3.261619
23646	-3427.022	-3592.21	165.1872	1.480776	1.968523	0.5962238	3.171179
23652	-3428.413	-3594.828	166.4146	1.488008	1.968523	0.3885244	2.636486
23658	-3434.185	-3601.426	167.2405	1.497025	1.998388	0.3714413	2.117718
23664	-3438.688	-3604.259	165.5706	1.289537	1.998388	0.5095315	3.125945
23670	-3438.98	-3603.774	164.7932	1.269965	2.187201	0.6254625	3.429432
23676	-3431.732	-3596.536	164.8043	1.206271	2.187201	0.6254625	3.460226
23682	-3427.962	-3592.261	164.2985	1.198229	2.213987	0.4207339	3.939912
23688	-3438.175	-3601.757	163.5824	1.32188	2.152101	0.862066	3.939912
23694	-3431.315	-3595.209	163.8944	1.218575	2.784512	0.4816473	3.93654
23700	-3425.201	-3589.259	164.0579	1.242508	2.784512	0.7028317	3.640386
23706	-3425.426	-3590.937	165.511	1.359064	2.784512	0.5055567	2.882168
23712	-3437.683	-3603.076	165.3929	1.408019	2.713696	0.6757928	2.791245
23718	-3421.681	-3587.132	165.4509	1.337519	2.186563	0.6988999	2.940292
23724	-3429.829	-3596.571	166.742	1.554437	1.912342	0.6820358	2.110557
23730	-3416.69	-3583.593	166.9032	1.648613	1.912342	0.6820358	1.941019
23736	-3429.001	-3595.035	166.0335	1.437475	1.912342	0.5799416	2.722224
23742	-3428.622	-3592.09	163.4678	1.157663	2.560486	0.4718379	4.283131
23748	-3436.801	-3599.86	163.0594	1.255138	2.305134	0.7276616	4.319292
23754	-3440.349	-3605.406	165.0573	1.391797	2.182079	0.7714047	3.090579
23760	-3436.036	-3601.349	165.3134	1.391462	2.295166	0.742576	2.921993
23766	-3424.332	-3590.648	166.3157	1.40894	2.295166	0.546862	2.462213
23772	-3420.25	-3586.52	166.2696	1.417463	2.821745	0.4190584	2.462213
23778	-3418.262	-3585.257	166.9954	1.626689	1.967094	0.6055338	1.94279
23784	-3434.433	-3600.241	165.8074	1.343597	2.129938	0.4853102	2.930733
23790	-3437.146	-3603.773	166.6269	1.378774	2.188435	0.4742996	2.395838
23796	-3431.295	-3596.474	165.1787	1.383485	1.887463	0.7428906	3.145706
23802	-3428.416	-3594.493	166.0764	1.413913	1.887463	0.7428906	2.583178
23808	-3427.608	-3593.381	165.7735	1.339814	2.02022	0.4323774	3.046686
23814	-3426.237	-3592.314	166.0769	1.368873	1.914775	0.4904138	2.822916
23820	-3424.89	-3591.1	166.2101	1.348251	1.914775	0.4997078	2.744884
23826	-3424.695	-3590.618	165.923	1.25798	2.14173	0.4997078	2.894145
23832	-3426.524	-3591.286	164.7624	1.224466	2.227294	0.4279246	3.645831
23838	-3440.339	-3605.494	165.1552	1.243435	2.079482	0.4279246	3.453776
23844	-3429.468	-3596.664	167.1962	1.568007	2.015569	0.4912991	1.947316
23850	-3430.306	-3597.054	166.7483	1.593416	2.233942	0.6122562	2.023011
23856	-3422.614	-3589.569	166.9553	1.563205	2.233942	0.4620041	2.062902
23862	-3437.114	-3604.332	167.218	1.563205	2.233942	0.5047169	1.837588
23868	-3441.592	-3608.582	166.99	1.52715	2.233942	0.4143126	2.120595
23874	-3431.748	-3598.689	166.9408	1.524065	2.430898	0.5563987	1.927437
23880	-3426.229	-3593.263	167.034	1.488701	2.343088	0.359913	2.149422
23886	-3431.648	-3598.881	167.2326	1.50959	1.838694	0.5845279	1.935361
23892	-3429.206	-3596.345	167.1386	1.565819	2.349244	0.4830702	1.873266
23898	-3428.611	-3595.72	167.1086	1.506717	1.664157	0.5617235	2.117825
23904	-3425.641	-3592.422	166.781	1.561761	1.869899	0.5834773	2.187354
23910	-3438.567	-3605.333	166.7658	1.338494	1.445261	0.5071928	2.596479
23916	-3436.271	-3603.127	166.8565	1.409209	1.445261	0.5071928	2.496093
23922	-3429.175	-3596.064	166.8893	1.389106	1.709986	0.5071928	2.370226
23928	-3427.847	-3594.292	166.4446	1.394532	2.021863	0.5071928	2.524661
23934	-3449.168	-3615.243	166.0757	1.406376	1.855593	0.5937337	2.724308
23940	-3435.167	-3601.268	166.1008	1.305035	2.481993	0.5170322	2.630685
23946	-3439.881	-3605.961	166.0803	1.350219	1.833793	0.6655886	2.702358
23952	-3435.665	-3601.292	165.6271	1.309615	2.170736	0.622205	2.918898
23958	-3444.443	-3609.973	165.5304	1.294171	1.879982	0.6462496	3.067559
23964	-3445.394	-3610.251	164.8575	1.219945	2.040201	0.5698871	3.516704
23970	-3449.152	-3614.068	164.9159	1.566114	2.372047	0.9549292	2.887118
23976	-3442.379	-3607.052	164.6735	1.557452	2.289226	1.27243	2.887118
23982	-3440.836	-3605.035	164.1994	1.464458	2.20579	1.185682	3.296413
23988	-3430.259	-3595.743	165.484	1.346883	1.665078	0.6637284	3.132235
23994	-3431.518	-3598.142	166.6245	1.449806	1.665078	0.4308706	2.599586
24000	-3435.56	-3601.547	165.9868	1.449806	1.971566	0.6595513	2.651987
24006	-3439.047	-3603.594	164.5466	1.195391	2.2988	0.5752886	3.624202
24012	-3436.443	-3601.186	164.7425	1.296939	2.606725	0.468405	3.461531
24018	-3437.255	-3602.255	164.9992	1.295942	2.27392	0.5200365	3.359118
24024	-3434.848	-3599.618	164.7696	1.256995	1.969765	0.6248296	3.523613
24030	-3424.624	-3591.446	166.8222	1.458102	1.893787	0.3023636	2.544145
24036	-3423.332	-3589.662	166.3295	1.372119	1.898446	0.5576566	2.606206
24042	-3433.651	-3600.33	166.6782	1.507422	1.727241	0.4959168	2.433412
24048	-3432.215	-3598.961	166.7463	1.510845	1.980868	0.4959168	2.287704
24054	-3446.395	-3611.446	165.0515	1.399032	2.319863	0.6789655	3.115724
24060	-3430.527	-3594.805	164.2787	1.260655	2.543818	0.4588921	3.778841
24066	-3420.174	-3584.673	164.4994	1.253014	2.365776	0.4010154	3.768491
24072	-3429.388	-3594.42	165.0319	1.187063	2.128664	0.399126	3.573988
24078	-3432.764	-3599.073	166.3084	1.524494	2.038578	0.8652143	2.218863
24084	-3423.155	-3589.349	166.1942	1.43631	2.058539	0.6880143	2.476347
24090	-3418.915	-3585.195	166.2801	1.584595	2.058539	0.6880143	2.328456
24096	-3438.823	-3603.894	165.0712	1.296895	2.54454	0.7274918	3.059959
24102	-3424.811	-3588.995	164.1835	1.08195	2.268661	0.5451227	3.934553
24108	-3423.829	-3588.486	164.6567	1.128458	1.799671	0.5451227	3.792441
24114	-3422.913	-3587.872	164.9595	1.254273	2.465796	0.5017961	3.366511
24120	-3444.808	-3609.842	165.0342	1.297054	2.041331	0.5628601	3.374071
24126	-3436.194	-3602.273	166.0793	1.463139	2.197773	0.5628601	2.592968
24132	-3430.869	-3596.014	165.1445	1.283829	2.197773	0.5321484	3.293432
24138	-3428.445	-3594.154	165.709	1.357057	2.351064	0.5321484	2.864078
24144	-3433.817	-3599.487	165.67	1.275873	1.990983	0.5321484	3.055727
24150	-3439.998	-3605.815	165.8175	1.327326	1.990983	0.4920491	2.975535
24156	-3423.052	-3588.196	165.1446	1.276667	2.542752	0.5413088	3.184348
24162	-3441.699	-3606.326	164.627	1.189691	3.059551	0.4638892	3.478397
24168	-3449.472	-3613.834	164.3619	1.327719	3.059551	0.4638892	3.552447
24174	-3451.244	-3615.188	163.9439	1.209806	2.520434	0.4543323	4.011161
24180	-3435.5	-3601.092	165.5928	1.340865	1.978633	0.5640437	3.037824
24186	-3424.947	-3589.063	164.1155	1.085205	2.259345	0.5640437	3.95779
24192	-3423.543	-3587.177	163.6337	1.112517	2.040635	0.6485632	4.216293
24198	-3442.328	-3607.596	165.2675	1.198388	2.040635	0.7096768	3.173777
24204	-3438.206	-3603.744	165.538	1.388511	2.312583	0.7314191	2.790582
24210	-3434.162	-3599.644	165.4816	1.296068	2.312583	0.7314191	2.880969
24216	-3433.609	-3599.128	165.5192	1.314307	2.218261	0.4640848	3.11371
24222	-3440.533	-3605.586	165.0528	1.228643	1.507332	0.4269875	3.736459
24228	-3430.039	-3595.445	165.4057	1.270628	1.606213	0.4269875	3.466188
24234	-3423.657	-3589.734	166.0768	1.400207	2.157674	0.4269875	2.786117
24240	-3429.602	-3596.074	166.4718	1.616013	2.157674	0.5473167	2.278636
24246	-3421.346	-3588.458	167.1125	1.573008	1.925135	0.3454505	2.214935
24252	-3443.129	-3609.486	166.3562	1.493156	2.506375	0.4486023	2.419
24258	-3441.434	-3607.561	166.1273	1.493156	2.016025	0.450129	2.722027
24264	-3434.132	-3600.92	166.788	1.43396	1.839561	0.4797814	2.38209
24270	-3428.127	-3595.942	167.8151	1.652583	1.692077	0.339561	1.800674
24276	-3430.226	-3598.144	167.9185	1.652583	1.528089	0.3872297	1.739726
24282	-3425.176	-3593.036	167.8598	1.657826	1.649012	0.3872297	1.717579
24288	-3434.953	-3601.708	166.7558	1.627435	2.10289	0.7335954	1.934604
24294	-3433.406	-3600.788	167.3822	1.67804	1.806452	0.4781873	1.847751
24300	-3428.246	-3594.92	166.6743	1.504536	2.25545	0.341066	2.424416
24306	-3425.095	-3591.595	166.5002	1.350492	1.612181	0.4495405	2.738724
24312	-3433.726	-3600.318	166.5922	1.456673	1.766976	0.4186384	2.587605
24318	-3426.496	-3593.095	166.5989	1.402005	1.842295	0.4186384	2.587605
24324	-3431.722	-3597.088	165.3662	1.425299	1.794358	0.6686282	3.10113
24330	-3440.259	-3605.289	165.0307	1.239829	1.917881	0.5211401	3.490527
24336	-3448.709	-3614.338	165.6288	1.436852	1.722544	0.5211401	3.094468
24342	-3439.986	-3606.119	166.1331	1.493934	2.157708	0.4298249	2.69118
24348	-3451.776	-3618.212	166.4362	1.493934	2.592842	0.4007788	2.397499
24354	-3436.549	-3603.225	166.676	1.606717	1.969194	0.3227342	2.485418
24360	-3431.235	-3597.373	166.1387	1.326751	1.969194	0.5224199	2.759078
24366	-3422.242	-3587.552	165.3098	1.27236	1.711022	0.6081498	3.307179
24372	-3420.818	-3586.124	165.3067	1.26443	1.712707	0.6150281	3.307179
24378	-3428.621	-3594.728	166.1079	1.492786	1.849195	0.6150281	2.634924
24384	-3431.163	-3597.263	166.1003	1.28979	1.849195	0.4294851	2.945627
24390	-3430.007	-3594.177	164.1703	1.229137	1.849195	0.4294851	4.107167
24396	-3435.073	-3600.648	165.5756	1.297369	1.504489	0.4900333	3.328515
24402	-3439.325	-3604.991	165.6656	1.389908	1.941438	0.4619094	3.077555
24408	-3421.8	-3587.433	165.6332	1.229236	2.269619	0.5226241	3.021556
24414	-3432.591	-3595.843	163.2529	1.129425	1.969082	0.5226241	4.550695
24420	-3436.959	-3601.571	164.6118	1.100221	1.555978	0.5186896	3.952751
24426	-3432.712	-3597.292	164.5794	1.160225	1.668218	0.5176045	3.893271
24432	-3441.526	-3606.072	164.5465	1.133938	1.668218	0.4035714	4.041646
24438	-3428.733	-3593.86	165.1277	1.201963	1.668218	0.6206651	3.461613
24444	-3433.788	-3598.446	164.6581	1.362084	1.975887	0.6206651	3.528717
24450	-3434.838	-3600.581	165.7424	1.32153	2.014557	0.4956715	3.012218
24456	-3432.64	-3598.541	165.9016	1.36995	2.014557	0.4956715	2.887228
24462	-3437.388	-3602.238	164.8494	1.401528	2.268826	0.9652309	3.052005
24468	-3432.962	-3597.945	164.9834	1.265911	2.030416	0.6956422	3.316055
24474	-3439.499	-3604.088	164.5891	1.225277	2.011076	0.7387278	3.544995
24480	-3438.813	-3604.834	166.0212	1.307345	1.680629	0.5527085	2.923778
24486	-3430.526	-3595.888	165.362	1.283957	1.71973	0.5527085	3.314813
24492	-3439.201	-3603.83	164.6288	1.186146	2.006156	0.5085424	3.736269
24498	-3439.781	-3606.03	166.2495	1.261808	2.031733	0.3408778	2.912263
24504	-3436.681	-3601.655	164.9738	1.234666	2.315603	0.3410881	3.589978
24510	-3428.579	-3594.264	165.6857	1.329239	2.029279	0.4388136	3.09534
24516	-3422.945	-3588.347	165.4026	1.274939	1.955385	0.4772014	3.281195
24522	-3425.168	-3590.792	165.6248	1.235228	1.542046	0.4078974	3.406148
24528	-3429.552	-3595.252	165.7004	1.266836	1.398423	0.4078974	3.406148
24534	-3427.072	-3591.19	164.1183	1.196846	2.668575	0.4990624	3.834323
24540	-3431.101	-3597.011	165.9095	1.332327	2.585926	0.5209928	2.696631
24546	-3438.95	-3604.325	165.3749	1.398971	2.071034	0.5209928	3.141221
24552	-3442.199	-3607.307	165.1089	1.314421	2.1657	0.5822729	3.261429
24558	-3437.957	-3601.65	163.6934	1.082584	2.054849	0.593286	4.239246
24564	-3442.939	-3608.762	165.8231	1.2898	2.000864	0.4990256	2.984309
24570	-3436.704	-3601.776	165.0718	1.221228	2.357296	0.5162935	3.338275
24576	-3439.398	-3605.115	165.7167	1.366533	2.357296	0.4438583	2.941611
24582	-3438.623	-3604.338	165.7151	1.352332	2.664775	0.3705236	2.94452
24588	-3439.442	-3603.885	164.443	1.352332	2.336023	0.5110159	3.640202
24594	-3436.932	-3602.367	165.435	1.353145	2.959521	0.3615578	3.043957
24600	-3433.531	-3598.865	165.3347	1.346598	2.594652	0.5241903	3.030607
24606	-3426.944	-3592.181	165.2369	1.42079	2.245663	0.6600862	3.030607
24612	-3416.218	-3582.763	166.5446	1.481667	1.82063	0.5823111	2.410362
24618	-3422.868	-3589.419	166.5513	1.580242	1.783505	0.5185119	2.421092
24624	-3424.142	-3591.115	166.9728	1.555152	1.784311	0.5094363	2.176836
24630	-3423.411	-3590.132	166.7209	1.455827	2.144796	0.3573775	2.441979
24636	-3427.354	-3594.007	166.6534	1.455827	2.269261	0.3573775	2.441979
24642	-3433.535	-3599.925	166.3894	1.428162	1.930921	0.5413528	2.537661
24648	-3439.477	-3602.94	163.4633	1.187795	1.930921	0.6531008	4.303314
24654	-3435.597	-3599.431	163.8337	1.111711	1.931982	0.49053	4.275327
24660	-3435.521	-3602.04	166.519	1.643254	2.124469	0.3253919	2.501157
24666	-3433.617	-3600.465	166.8484	1.615741	2.480915	0.2701425	2.273585
24672	-3423.128	-3589.762	166.6338	1.591209	2.480915	0.3999742	2.245238
24678	-3424.072	-3590.348	166.2758	1.402857	2.335804	0.4034757	2.631129
24684	-3431.376	-3598.511	167.1352	1.629658	1.949129	0.4034757	2.077489
24690	-3434.197	-3600.6	166.4033	1.464299	1.811182	0.4017301	2.701647
24696	-3427.775	-3593.844	166.0683	1.464299	2.403618	0.4017301	2.701647
24702	-3433.16	-3600.032	166.8723	1.609475	1.863484	0.4909503	2.194236
24708	-3445.334	-3612.314	166.98	1.478237	1.863484	0.4233979	2.28596
24714	-3440.689	-3608.314	167.6254	1.707703	2.278418	0.4839707	1.447843
24720	-3441.868	-3608.307	166.4396	1.351579	1.542295	0.3599055	2.909257
24726	-3436.852	-3601.477	164.6243	1.473565	2.463558	0.4153843	3.523837
24732	-3422.216	-3588.933	166.7177	1.540062	2.206797	0.3196697	2.420706
24738	-3428.595	-3594.565	165.9703	1.406732	2.114029	0.3883352	2.906149
24744	-3423.277	-3588.648	165.3714	1.242907	2.436403	0.4924223	3.147793
24750	-3437.595	-3602.488	164.8921	1.23797	2.702372	0.6196905	3.242898
24756	-3428.779	-3593.581	164.8023	1.316206	2.188013	0.6774262	3.354977
24762	-3431.13	-3597.171	166.0415	1.418585	2.188013	0.5455874	2.663536
24768	-3427.887	-3593.883	165.996	1.291466	2.188013	0.5455874	2.7693
24774	-3430.104	-3594.747	164.6426	1.11672	1.913607	0.4491803	3.858313
24780	-3425.171	-3589.245	164.0747	1.0868	2.279173	0.5626652	3.975414
24786	-3433.433	-3596.411	162.9779	1.055517	2.101047	0.5973555	4.639518
24792	-3435.292	-3599.422	164.1301	1.315974	2.318984	0.5997281	3.768369
24798	-3435.583	-3600.656	165.0732	1.242045	2.318984	0.4797381	3.372502
24804	-3434.25	-3599.447	165.1972	1.306971	2.347931	0.4797381	3.252379
24810	-3442.564	-3607.432	164.868	1.256549	2.347931	0.4484537	3.507193
24816	-3434.323	-3599.247	164.924	1.262722	2.347931	0.4484537	3.470872
24822	-3432.585	-3597.696	165.1114	1.269328	2.740421	0.5027401	3.189919
24828	-3429.834	-3595.407	165.573	1.326743	2.098867	0.362703	3.227238
24834	-3439.402	-3604.946	165.5442	1.30538	2.189214	0.362703	3.227238
24840	-3451.224	-3617.779	166.555	1.532247	2.222169	0.4301494	2.382201
24846	-3445.212	-3611.034	165.822	1.39874	1.898467	0.499134	2.956221
24852	-3453.653	-3618.387	164.7345	1.227563	2.576708	0.499134	3.484737
24858	-3438.024	-3602.56	164.5368	1.191969	1.677065	0.4509956	3.960677
24864	-3430.713	-3595.337	164.6238	1.129209	1.456692	0.4663234	4.020956
24870	-3429.724	-3593.872	164.1476	1.165894	1.825453	0.5874465	4.016789
24876	-3433.644	-3597.888	164.2442	1.23263	2.038158	0.5950437	3.843307
24882	-3437.778	-3602.851	165.0726	1.139283	2.038158	0.555709	3.451474
24888	-3448.2	-3613.882	165.6819	1.231732	2.038158	0.4167679	3.176689
24894	-3437.179	-3603.826	166.647	1.538443	1.978022	0.3618703	2.490623
24900	-3436.899	-3602.98	166.0802	1.467867	2.474013	0.473419	2.59011
24906	-3440.662	-3607.242	166.5801	1.357875	2.474013	0.4355212	2.388001
24912	-3432.966	-3598.487	165.5211	1.501525	2.303986	0.7899128	2.69073
24918	-3421.598	-3588.065	166.4674	1.350512	1.910007	0.5386579	2.547941
24924	-3430.793	-3596.229	165.4355	1.247434	1.910007	0.5468034	3.227255
24930	-3426.306	-3591.415	165.1086	1.30803	2.253138	0.5506122	3.265693
24936	-3429.936	-3595.196	165.2598	1.307652	2.18983	0.5506122	3.196692
24942	-3422.493	-3588.943	166.4493	1.450529	2.013587	0.5613674	2.436092
24948	-3428.139	-3593.552	165.4136	1.291276	1.976847	0.449458	3.286042
24954	-3426.534	-3591.929	165.3949	1.218265	2.205759	0.449458	3.263637
24960	-3440.915	-3606.669	165.754	1.32202	2.210166	0.50292	2.93161
24966	-3440.89	-3606.838	165.9481	1.380202	1.870715	0.50292	2.89785
24972	-3439.051	-3604.611	165.5599	1.27156	1.831059	0.5378463	3.176414
24978	-3437.105	-3603.222	166.1164	1.295683	1.530272	0.5650754	2.925167
24984	-3440.336	-3606.712	166.3759	1.427909	1.537489	0.52263	2.72422
24990	-3442.172	-3608.266	166.0943	1.451983	1.537489	0.52263	2.880964
24996	-3441.337	-3608.159	166.8212	1.38802	1.537489	0.5083882	2.487607
25002	-3442.689	-3608.351	165.6614	1.425992	1.506777	0.6211133	3.080913
25008	-3439.9	-3605.987	166.0862	1.354379	1.831942	0.5029313	2.84448
25014	-3429.098	-3594.526	165.4277	1.369325	1.791219	0.569762	3.182726
25020	-3436.791	-3601.776	164.9852	1.317246	2.651728	0.5870845	3.182726
25026	-3428.446	-3594.618	166.1719	1.406719	1.98729	0.5444876	2.661749
25032	-3428.184	-3593.844	165.6601	1.398205	2.018955	0.5444876	2.966846
25038	-3448.77	-3613.712	164.9421	1.222441	2.102768	0.5444876	3.467728
25044	-3439.248	-3604.937	165.6888	1.28406	2.123168	0.6090008	2.924399
25050	-3440.935	-3606.11	165.1753	1.29078	1.860613	0.6090008	3.318282
25056	-3447.213	-3610.744	163.5313	1.215288	1.983426	0.5582145	4.30916
25062	-3436.705	-3602.497	165.7921	1.357075	1.658507	0.582513	3.013497
25068	-3433.217	-3598.816	165.5985	1.357075	1.963378	0.582513	3.013497
25074	-3434.733	-3600.231	165.4977	1.29902	1.963378	0.540895	3.146181
25080	-3438.843	-3604.395	165.5522	1.336185	1.645513	0.327354	3.443488
25086	-3447.097	-3613.219	166.1218	1.356192	1.648942	0.327354	3.093987
25092	-3454.834	-3620.421	165.5867	1.255507	2.243757	0.4991015	3.064834
25098	-3451.617	-3618.293	166.6756	1.573123	2.243757	0.5510562	2.140612
25104	-3446.952	-3613.728	166.7763	1.373892	1.604341	0.4370099	2.571456
25110	-3439.008	-3605.382	166.3742	1.364814	1.604341	0.3806048	2.88881
25116	-3443.486	-3610.104	166.6183	1.521708	1.724486	0.5744908	2.385094
25122	-3443.716	-3610.109	166.3936	1.514891	2.260227	0.4400867	2.470514
25128	-3436.287	-3602.772	166.4853	1.423202	2.260227	0.4400867	2.470514
25134	-3436.398	-3602.559	166.1603	1.485296	1.976017	0.4400867	2.732014
25140	-3438.842	-3606.042	167.2002	1.604128	1.990502	0.4310252	2.000904
25146	-3428.418	-3595.311	166.8937	1.641198	2.61699	0.47506	1.907751
25152	-3425.144	-3591.978	166.8339	1.589016	2.436221	0.4337822	2.089854
25158	-3446.394	-3612.797	166.4031	1.5716	2.172937	0.8888205	2.059889
25164	-3435.068	-3601.025	165.9567	1.775098	2.172937	1.047111	2.11282
25170	-3435.1	-3602.514	167.4141	1.646953	1.969188	0.3564517	1.934771
25176	-3430.77	-3598.157	167.3866	1.646953	1.969188	0.3659213	1.940125
25182	-3426.035	-3593.507	167.4716	1.64327	1.997338	0.6018569	1.589863
25188	-3437.694	-3604.994	167.3005	1.720703	1.90952	0.6018569	1.694941
25194	-3449.038	-3616.291	167.2527	1.646925	2.019902	0.4735179	1.874301
25200	-3440.503	-3607.821	167.3177	1.649122	1.826359	0.4735179	1.908289
25206	-3442.889	-3610.778	167.8891	1.742234	1.69966	0.4981456	1.463647
25212	-3435.152	-3603.041	167.8884	1.812149	1.76043	0.3292609	1.620052
25218	-3427.249	-3595.216	167.9666	1.733946	1.76043	0.3292609	1.620052
25224	-3429.506	-3597.39	167.8839	1.733946	1.76043	0.5399881	1.391394
25230	-3429.292	-3596.947	167.655	1.789565	2.107963	0.5252049	1.38122
25236	-3422.378	-3589.588	167.2103	1.527699	1.845508	0.4068885	2.132429
25242	-3423.016	-3590.029	167.013	1.505648	2.200937	0.4435072	2.096166
25248	-3432.163	-3599.111	166.9482	1.551247	2.200937	0.4435072	2.10878
25254	-3434.863	-3601.991	167.1284	1.655607	2.453339	0.3781015	1.914354
25260	-3444.097	-3611.73	167.6328	1.672406	2.214286	0.4027041	1.60301
25266	-3434.732	-3601.787	167.0545	1.485796	2.128237	0.3529104	2.22233
25272	-3435.076	-3602.179	167.1024	1.548008	1.950913	0.4086403	2.145373
25278	-3437.358	-3603.254	165.8957	1.49246	2.462229	0.617181	2.55369
25284	-3442.132	-3607.845	165.7128	1.322947	2.665434	0.3516061	2.986858
25290	-3438.59	-3603.376	164.7863	1.314513	2.081748	0.6897475	3.390529
25296	-3427.335	-3592.259	164.9236	1.198725	2.260044	0.4905687	3.492901
25302	-3430.967	-3595.307	164.3398	1.210924	2.3977	0.4905687	3.782747
25308	-3424.098	-3589.452	165.3535	1.212225	2.248602	0.4905687	3.236093
25314	-3436.838	-3601.424	164.586	1.298493	2.248602	0.9543237	3.282714
25320	-3430.478	-3595.564	165.086	1.298526	2.269302	0.5471451	3.282714
25326	-3421.599	-3587.265	165.6657	1.333286	2.269302	0.5666979	2.898197
25332	-3415.252	-3580.812	165.5597	1.333286	1.618001	0.5666979	3.196915
25338	-3431.549	-3595.754	164.2042	1.267738	1.655656	0.8669597	3.785293
25344	-3427.433	-3593.453	166.0192	1.332571	2.067559	0.5617049	2.755995
25350	-3422.176	-3587.716	165.5405	1.280632	2.011796	0.6295415	3.036224
25356	-3428.777	-3594.075	165.2977	1.345422	2.011796	0.6209893	3.149606
25362	-3434.606	-3599.676	165.0698	1.362983	2.260453	0.811441	3.046555
25368	-3431.592	-3597.444	165.8525	1.169572	1.641397	0.5844225	3.094793
25374	-3428.168	-3592.812	164.6441	1.07891	2.400266	0.5844225	3.596939
25380	-3448.965	-3614.811	165.8461	1.339179	2.636467	0.4785112	2.759602
25386	-3445.926	-3612.917	166.9908	1.40557	2.105384	0.5054913	2.141191
25392	-3448.416	-3612.564	164.1479	1.29024	2.06728	0.5881223	3.861788
25398	-3450.667	-3614.46	163.7932	1.203453	1.827187	0.5881223	4.196006
25404	-3436.391	-3599.705	163.3135	1.169354	1.774141	0.5054913	4.57755
25410	-3439.851	-3604.488	164.6365	1.227392	1.941084	0.7589857	3.525676
25416	-3451.376	-3615.962	164.5859	1.227392	2.160923	0.6989128	3.525676
25422	-3437.397	-3601.9	164.5027	1.107681	2.173313	0.6089508	3.710868
25428	-3437.083	-3602.343	165.2597	1.356958	2.060301	0.4919157	3.266219
25434	-3439.022	-3604.754	165.7323	1.307815	1.997069	0.4919157	3.036328
25440	-3428.788	-3595.224	166.4353	1.52689	1.994246	0.6350075	2.335893
25446	-3432.715	-3598.886	166.1703	1.514967	1.994246	0.7139115	2.444292
25452	-3430.483	-3596.045	165.5615	1.455292	2.645696	0.6445924	2.704529
25458	-3431.523	-3597.42	165.8968	1.466291	2.645696	0.6298948	2.502831
25464	-3425.583	-3591.477	165.8942	1.457995	2.645696	0.5699648	2.563945
25470	-3434.427	-3599.575	165.1481	1.400645	2.733338	0.4659209	3.128986
25476	-3430.08	-3595.1	165.0193	1.163662	2.231556	0.4659209	3.490941
25482	-3431.203	-3596.174	164.9714	1.194027	2.231556	0.4659209	3.50121
25488	-3433.822	-3597.147	163.3249	1.326554	2.600461	0.7422673	4.033733
25494	-3446.425	-3610.867	164.4421	1.231802	2.32691	0.7422673	3.522855
25500	-3440.74	-3605.401	164.6608	1.184391	2.930751	0.4358446	3.522855
25506	-3433.595	-3598.634	165.0394	1.194455	2.930751	0.4358446	3.295082
25512	-3428.923	-3596.884	167.9611	1.664771	1.667146	0.365499	1.662983
25518	-3433.511	-3601.611	168.0994	1.7749	1.462116	0.3246164	1.651844
25524	-3436.435	-3604.453	168.0177	1.727946	1.565184	0.3591036	1.637174
25530	-3426.326	-3593.002	166.6758	1.411431	1.733146	0.4604661	2.530404
25536	-3426.172	-3593.281	167.1085	1.365562	1.749638	0.5524056	2.182157
25542	-3420.583	-3587.128	166.545	1.440566	2.115012	0.5524056	2.353913
25548	-3421.477	-3587.46	165.9837	1.286581	2.073672	0.5524056	2.812213
25554	-3443.17	-3608.471	165.3003	1.348219	2.047741	0.5332997	3.211854
25560	-3445.562	-3610.91	165.3478	1.251513	1.755811	0.6091523	3.278839
25566	-3435.517	-3602.135	166.618	1.422522	2.097839	0.5396669	2.337765
25572	-3439.492	-3606.328	166.8365	1.477214	2.097839	0.5396669	2.162107
25578	-3429.772	-3596.577	166.8057	1.482756	2.097839	0.4799418	2.241475
25584	-3441.91	-3607.226	165.3157	1.46076	2.850343	0.5597076	2.869167
25590	-3423.215	-3588.196	164.9816	1.312089	2.064192	0.6620657	3.30477
25596	-3431.16	-3597.042	165.8824	1.279007	2.027629	0.6620657	2.798238
25602	-3439.019	-3604.546	165.5277	1.228277	2.027629	0.368946	3.328616
25608	-3434.306	-3598.955	164.6486	1.074178	2.19561	0.4267968	3.809456
25614	-3428.887	-3592.975	164.0889	1.065353	2.197386	0.4481802	4.112062
25620	-3439.632	-3604.534	164.9018	1.046116	1.689774	0.4618633	3.819075
25626	-3431.993	-3596.552	164.559	1.162713	1.689774	0.6313087	3.797101
25632	-3437.452	-3601.429	163.9769	1.140997	2.171986	0.6313087	3.976076
25638	-3428.546	-3593.025	164.4789	1.18836	2.171986	0.5444986	3.73408
25644	-3419.95	-3584.474	164.5242	1.176838	2.171986	0.6815972	3.60063
25650	-3415.912	-3581.271	165.3584	1.301783	2.255834	0.6039349	3.072883
25656	-3430.59	-3595.983	165.3931	1.271885	2.255834	0.5218716	3.144478
25662	-3434.523	-3600.27	165.7473	1.376655	2.111816	0.5218716	2.916853
25668	-3433.796	-3599.934	166.1373	1.359557	2.156965	0.5295073	2.666969
25674	-3450.543	-3617.246	166.7033	1.336964	1.587908	0.4230684	2.662331
25680	-3428.819	-3594.875	166.0556	1.243257	1.834016	0.4638755	2.969229
25686	-3429.365	-3594.735	165.3701	1.236639	1.815364	0.4534057	3.397743
25692	-3429.075	-3595.04	165.9651	1.278583	1.686567	0.4534057	3.070606
25698	-3433.644	-3598.938	165.2943	1.415935	1.89057	0.8350774	2.990427
25704	-3435.834	-3602.934	167.1	1.381251	1.650761	0.5334379	2.239161
25710	-3441.78	-3607.319	165.539	1.234676	2.404716	0.4929674	3.061744
25716	-3434.481	-3599.707	165.2251	1.249423	2.047228	0.4929674	3.353329
25722	-3428.019	-3593.38	165.3615	1.221202	1.800268	0.4118979	3.461847
25728	-3433.841	-3599.279	165.4372	1.207062	1.469737	0.5063646	3.461847
25734	-3440.526	-3605.576	165.05	1.182231	1.761477	0.5063646	3.583836
25740	-3435.061	-3600.337	165.2769	1.188227	1.761477	0.5063646	3.448113
25746	-3427.699	-3593.012	165.3124	1.187496	1.773553	0.4808097	3.448113
25752	-3420.383	-3586.451	166.068	1.425606	1.689189	0.4808097	2.890838
25758	-3441.41	-3607.193	165.7829	1.400865	2.03469	0.5007805	2.928015
25764	-3434.829	-3601.989	167.1597	1.466551	1.736152	0.3748549	2.290393
25770	-3448.431	-3613.938	165.5071	1.338526	2.202048	0.4925642	3.082741
25776	-3444.368	-3609.643	165.2752	1.328139	2.084491	0.4704536	3.287472
25782	-3439.135	-3605.137	166.002	1.504592	2.084491	0.4704536	2.745817
25788	-3434.595	-3600.708	166.1132	1.417242	1.999038	0.4704536	2.761395
25794	-3434.47	-3600.247	165.777	1.310524	1.709731	0.3700681	3.247921
25800	-3440.904	-3609.167	168.2637	1.944986	1.784431	0.3685405	1.14188
25806	-3459.652	-3627.893	168.2417	1.957269	1.784431	0.3308485	1.219243
25812	-3441.726	-3609.837	168.1118	1.812572	1.689209	0.4405199	1.318033
25818	-3440.887	-3609.002	168.1142	1.744708	1.708925	0.4844279	1.298291
25824	-3456.11	-3624.044	167.9341	1.829797	1.720534	0.3565984	1.550175
25830	-3451.835	-3619.546	167.7116	1.840179	1.910413	0.5436892	1.364797
25836	-3446.475	-3614.106	167.6311	1.776794	1.959345	0.5838032	1.406618
25842	-3448.298	-3614.312	166.0145	1.340807	2.016748	0.4575023	2.875221
25848	-3449.735	-3615.102	165.3665	1.356794	2.016748	0.5891749	3.127566
25854	-3433.283	-3597.647	164.3639	1.221576	2.016748	0.4467938	3.925325
25860	-3433.5	-3599.35	165.85	1.270193	2.016748	0.537746	2.936762
25866	-3439.459	-3604.732	165.2737	1.429808	2.229407	0.7394519	2.946246
25872	-3432.101	-3599.983	167.882	1.716974	1.795525	0.3317992	1.672769
25878	-3442.621	-3609.866	167.2443	1.429809	1.984857	0.4562555	2.059417
25884	-3437.288	-3603.427	166.1394	1.400958	2.333483	0.4534713	2.660362
25890	-3436.937	-3603.167	166.2303	1.344166	2.252654	0.4233687	2.699099
25896	-3444.253	-3609.011	164.7587	1.235863	2.252654	0.4943029	3.565984
25902	-3428.845	-3595.998	167.1532	1.544538	1.734152	0.5294491	2.065949
25908	-3434.837	-3601.928	167.0911	1.591309	1.541731	0.5056735	2.187452
25914	-3445.408	-3611.951	166.5425	1.420143	1.725413	0.4625659	2.608674
25920	-3446.88	-3613.116	166.2361	1.31282	1.55809	0.465224	2.928286
25926	-3427.472	-3593.551	166.0792	1.49043	2.111367	0.465224	2.703433
25932	-3431.983	-3598.413	166.4301	1.364905	2.27353	0.4474559	2.528777
25938	-3446.23	-3612.689	166.4595	1.435054	1.915325	0.5079687	2.528777
25944	-3436.163	-3603.765	167.6026	1.629269	1.634376	0.4326096	1.863116
25950	-3434.25	-3601.453	167.2037	1.619415	1.979167	0.4326096	1.990873
25956	-3439.279	-3606.821	167.542	1.60269	1.87362	0.462522	1.779022
25962	-3440.255	-3607.736	167.4811	1.71755	2.247295	0.5095077	1.529662
25968	-3443.12	-3610.498	167.3782	1.666131	1.933196	0.5095077	1.768451
25974	-3430.328	-3597.634	167.3064	1.507654	2.295504	0.4807493	1.819997
25980	-3430.388	-3597.53	167.1423	1.592988	2.500701	0.4658603	1.819997
25986	-3438.329	-3605.016	166.6862	1.658213	2.74131	0.4792377	1.992174
25992	-3419.517	-3586.244	166.7268	1.479861	2.308609	0.4798036	2.220481
25998	-3421.342	-3589.313	167.9713	1.677304	1.412948	0.4798036	1.625288
26004	-3431.147	-3598.784	167.637	1.634621	1.880388	0.4798036	1.665657
26010	-3440.376	-3607.179	166.8031	1.609511	2.462431	0.4020487	2.12697
26016	-3437.735	-3604.418	166.683	1.524245	2.259886	0.5866441	2.12697
26022	-3441.178	-3605.566	164.3889	1.11537	2.822611	0.5190841	3.665769
26028	-3435.514	-3600.639	165.1249	1.252419	2.454015	0.5504281	3.227804
26034	-3420.301	-3586.603	166.3018	1.50934	2.287054	0.4038264	2.564444
26040	-3443.869	-3609.187	165.3182	1.246964	2.159446	0.5210297	3.235503
26046	-3444.559	-3611.217	166.658	1.387985	2.05779	0.4241982	2.472656
26052	-3419.979	-3585.215	165.2358	1.256735	2.148594	0.4241982	3.380097
26058	-3428.039	-3593.396	165.3579	1.356875	2.148594	0.66164	3.026819
26064	-3428.036	-3593.299	165.263	1.381011	2.180995	0.4858501	3.21608
26070	-3435.645	-3601.922	166.2772	1.249164	1.960407	0.5064707	2.740833
26076	-3424.29	-3590.28	165.9899	1.390573	2.42282	0.5554945	2.627241
26082	-3438.132	-3603.776	165.6445	1.382785	2.829096	0.4309636	2.853143
26088	-3440.171	-3605.581	165.4097	1.341729	2.652503	0.4309636	3.067652
26094	-3439.299	-3605.514	166.2149	1.432293	2.439385	0.4309636	2.586008
26100	-3432.845	-3599.768	166.9238	1.576645	2.499526	0.4066049	2.051449
26106	-3430.959	-3596.773	165.814	1.310193	1.768941	0.3448862	3.234262
26112	-3453.923	-3617.983	164.0604	1.104571	1.9596	0.4776904	4.153679
26118	-3437.027	-3602.643	165.6156	1.252129	1.724577	0.4776904	3.253858
26124	-3434.976	-3599.48	164.5035	1.305938	2.104167	0.3714937	3.850201
26130	-3428.048	-3594.11	166.0624	1.347311	2.104167	0.5164061	2.751338
26136	-3428.294	-3594.848	166.5537	1.380017	1.967371	0.3713902	2.638844
26142	-3431.606	-3597.639	166.0332	1.269244	2.254338	0.4297849	2.857207
26148	-3428.465	-3593.478	165.0131	1.263032	2.26495	0.6739706	3.240309
26154	-3441.527	-3606.657	165.1301	1.359484	2.061062	0.6639938	3.188518
26160	-3435.362	-3598.472	163.1098	1.137439	2.258627	0.6195598	4.452914
26166	-3430.283	-3593.053	162.7705	1.038989	1.95408	0.6195598	4.794567
26172	-3437.728	-3601.335	163.6062	0.9449495	2.277089	0.6195598	4.275736
26178	-3427.2	-3591.749	164.5491	1.065431	1.884811	0.6195598	3.796336
26184	-3427.435	-3591.501	164.0662	1.158157	2.264803	0.7503136	3.796336
26190	-3435.668	-3599.565	163.897	1.123589	2.060641	0.7503136	3.977947
26196	-3446.468	-3612.112	165.644	1.381681	2.07565	0.5918594	2.923718
26202	-3445.077	-3611.436	166.3591	1.577368	1.966543	0.5847298	2.408391
26208	-3429.053	-3595.182	166.1295	1.416309	2.410898	0.4495509	2.636858
26214	-3431.118	-3597.42	166.3019	1.336448	2.410898	0.3586607	2.687205
26220	-3433.327	-3598.295	164.9678	1.198118	2.739875	0.2959093	3.553257
26226	-3434.946	-3599.735	164.7898	1.40997	2.739875	0.4594577	3.340331
26232	-3429.86	-3594.319	164.4589	1.327606	2.75754	0.6746056	3.385723
26238	-3430.516	-3595.413	164.8966	1.234759	1.906294	0.4234516	3.673314
26244	-3420.74	-3587.419	166.6784	1.439964	1.861101	0.4234516	2.501646
26250	-3438.144	-3603.623	165.4793	1.363333	2.171471	0.7520342	2.871841
26256	-3435.321	-3600.524	165.2033	1.278341	2.654995	0.4548744	3.201852
26262	-3438.027	-3605.127	167.1005	1.487624	1.69468	0.4429746	2.249353
26268	-3430.431	-3594.782	164.3516	1.203339	2.131819	0.4128545	3.940889
26274	-3443.631	-3607.254	163.6234	1.178532	2.049736	0.5992505	4.221252
26280	-3436.668	-3601.102	164.4345	1.225773	2.094377	0.497006	3.807101
26286	-3448.652	-3612.749	164.0968	1.065883	2.01829	0.683772	3.959345
26292	-3441.735	-3605.189	163.4545	1.065883	2.01829	0.6042684	4.386722
26298	-3440.314	-3604.309	163.9951	1.193062	1.879287	0.7247902	3.961976
26304	-3439.158	-3605.412	166.254	1.423831	2.280212	0.4723692	2.57231
26310	-3433.907	-3599.641	165.7346	1.375358	2.092241	0.6145271	2.847226
26316	-3444.093	-3610.442	166.3484	1.470893	1.854267	0.5443086	2.562914
26322	-3446.919	-3612.464	165.5447	1.323078	1.854267	0.5951324	3.094557
26328	-3444.006	-3610.513	166.5068	1.426649	1.898024	0.4923508	2.527198
26334	-3438.264	-3605.082	166.8184	1.435753	1.898024	0.4551555	2.365796
26340	-3433.232	-3600.293	167.0611	1.641955	2.377911	0.4734336	1.875345
26346	-3426.269	-3592.592	166.3233	1.399466	2.003981	0.4734336	2.638393
26352	-3425.327	-3592.123	166.7961	1.521805	2.003981	0.4734336	2.26441
26358	-3451.479	-3618.481	167.0013	1.559885	1.496315	0.4734336	2.321311
26364	-3437.676	-3603.44	165.7641	1.284108	1.474525	0.6504806	3.094086
26370	-3440.969	-3605.902	164.933	1.258795	1.835857	0.6504806	3.454051
26376	-3430.477	-3595.645	165.1681	1.265603	1.835857	0.4400754	3.505327
26382	-3427.854	-3593.558	165.7041	1.30414	1.835857	0.5671273	3.0424
26388	-3429.223	-3596.477	167.2535	1.511647	1.419392	0.4459904	2.25854
26394	-3440.457	-3606.588	166.1301	1.418771	1.376134	0.6534634	2.835655
26400	-3435.885	-3601.281	165.3959	1.228117	2.110111	0.3743291	3.37203
26406	-3438.641	-3603.805	165.1643	1.289179	1.982904	0.5091494	3.37203
26412	-3437.604	-3603.145	165.5402	1.341436	1.950096	0.3560447	3.297167
26418	-3443.416	-3609.522	166.1059	1.272396	1.879523	0.3560447	3.027597
26424	-3447.92	-3612.368	164.4482	1.148281	1.879523	0.3560447	4.065931
26430	-3438.128	-3603.878	165.75	1.301207	2.015756	0.401637	3.119699
26436	-3440.769	-3605.954	165.1853	1.351425	2.015756	0.401637	3.423392
26442	-3439.402	-3604.568	165.1657	1.194466	2.34218	0.401637	3.421839
26448	-3439.036	-3604.237	165.2006	1.221565	2.337984	0.3802065	3.411357
26454	-3429.303	-3596.957	167.6541	1.712723	1.624176	0.4521092	1.750397
26460	-3432.108	-3596.973	164.8646	1.333644	2.139949	0.747374	3.270634
26466	-3431.164	-3596.783	165.6191	1.376869	1.964362	0.747374	2.854196
26472	-3429.98	-3595.997	166.0171	1.253467	2.004328	0.5551766	2.833796
26478	-3442.448	-3607.663	165.2155	1.461987	2.70758	0.4470782	3.07911
26484	-3440.575	-3606.581	166.0059	1.44604	2.70758	0.4665767	2.58782
26490	-3440.937	-3606.861	165.9239	1.425434	1.998295	0.3988648	2.950559
26496	-3442.582	-3608.465	165.8832	1.426748	1.998295	0.5344022	2.831655
26502	-3432.386	-3598.781	166.3946	1.362032	2.017962	0.5237058	2.560803
26508	-3429.42	-3596.157	166.7371	1.605028	2.040286	0.4679792	2.241355
26514	-3433.302	-3600.038	166.7363	1.533692	2.622366	0.4679792	2.090816
26520	-3437.832	-3604.219	166.3872	1.4077	2.622366	0.4679792	2.396628
26526	-3441.522	-3607.973	166.4512	1.49317	2.44384	0.4679792	2.357036
26532	-3431.983	-3598.576	166.5935	1.429906	2.44384	0.4237893	2.357036
26538	-3437.095	-3602.734	165.6388	1.436424	2.569791	0.625034	2.707557
26544	-3436.738	-3601.754	165.016	1.295182	2.658865	0.5470055	3.211523
26550	-3424.42	-3589.421	165.0011	1.206705	1.775501	0.4751096	3.623204
26556	-3420.375	-3585.638	165.2632	1.236094	2.44989	0.4061676	3.302837
26562	-3425.507	-3590.829	165.3217	1.297747	2.12669	0.4332495	3.302837
26568	-3423.467	-3588.242	164.7748	1.143026	2.136322	0.5618497	3.584974
26574	-3438.344	-3603.502	165.1579	1.103472	1.703946	0.5641291	3.535905
26580	-3427.541	-3593.294	165.7529	1.299144	2.158108	0.4857045	2.980437
26586	-3431.322	-3597.391	166.069	1.379467	2.20739	0.4857045	2.723683
26592	-3433.365	-3600.095	166.7293	1.450173	2.20739	0.4115366	2.350788
26598	-3427.779	-3593.954	166.1755	1.483917	1.838233	0.4116495	2.806863
26604	-3424.183	-3590.831	166.648	1.420793	1.968236	0.4116495	2.505778
26610	-3436.98	-3603.736	166.7555	1.347155	1.968236	0.4116495	2.484588
26616	-3440.88	-3608.292	167.4123	1.465494	1.760932	0.4116495	2.070074
26622	-3419.51	-3586.693	167.1836	1.487423	1.760932	0.4780164	2.127617
26628	-3430.69	-3597.189	166.4995	1.378473	1.626091	0.4780164	2.685689
26634	-3428.594	-3594.443	165.8493	1.33728	1.764608	0.4780164	3.048486
26640	-3427.21	-3592.101	164.8906	1.387006	1.764608	0.3971872	3.668976
26646	-3420.917	-3585.541	164.6245	1.238686	1.764608	0.5569012	3.749994
26652	-3424.61	-3591.648	167.038	1.410777	1.598617	0.4004143	2.430067
26658	-3435.453	-3602.067	166.6137	1.479349	2.543624	0.6182368	2.0773
26664	-3441.251	-3607.582	166.3307	1.375008	2.361568	0.4471114	2.556082
26670	-3443.405	-3609.488	166.0825	1.427119	2.287322	0.404335	2.749511
26676	-3430.716	-3597.143	166.4267	1.403986	1.95183	0.404335	2.668076
26682	-3432.334	-3598.602	166.2677	1.394536	2.020481	0.409439	2.740575
26688	-3428.869	-3595.623	166.7545	1.4375	1.933119	0.409439	2.444374
26694	-3445.733	-3612.523	166.79	1.560996	1.93143	0.5087626	2.232829
26700	-3427.02	-3594.507	167.487	1.540509	1.473812	0.5087626	1.989849
26706	-3432.451	-3598.972	166.5214	1.540509	1.92657	0.5087626	2.418838
26712	-3428.182	-3594.708	166.5256	1.398441	1.78053	0.5097513	2.56104
26718	-3431.333	-3598.372	167.0395	1.53545	1.617668	0.5329804	2.193863
26724	-3444.623	-3611.58	166.9574	1.566877	1.78785	0.4302053	2.266154
26730	-3438.212	-3605.72	167.5076	1.745963	2.165312	0.4292282	1.623745
26736	-3432.079	-3599.793	167.7133	1.745963	2.064515	0.437511	1.502965
26742	-3436.21	-3604.436	168.2264	1.840039	1.883116	0.3647076	1.218283
26748	-3439.835	-3607.517	167.6823	1.896564	2.26349	0.5133316	1.218283
26754	-3454.352	-3621.801	167.449	1.736055	2.348388	0.6492503	1.338819
26760	-3438.754	-3606.341	167.5865	1.673646	1.772426	0.3867075	1.840468
26766	-3447.699	-3614.933	167.2331	1.565232	1.772426	0.3995782	2.132462
26772	-3430.302	-3596.884	166.5812	1.59193	2.124226	0.3995782	2.398261
26778	-3436.181	-3602.274	166.0934	1.464126	1.889051	0.496411	2.758311
26784	-3444.323	-3610.697	166.3735	1.393161	1.558199	0.496411	2.764026
26790	-3437.418	-3604.125	166.7072	1.393161	1.79099	0.4087402	2.557631
26796	-3433.012	-3599.985	166.9732	1.414047	1.661966	0.4087402	2.431352
26802	-3432.661	-3599.954	167.2926	1.446757	1.496952	0.492708	2.185492
26808	-3425.961	-3592.719	166.7586	1.449021	1.531181	0.492708	2.507688
26814	-3429.297	-3595.209	165.9115	1.339098	1.790087	0.5576128	2.922938
26820	-3438.802	-3605.413	166.6105	1.490218	1.868962	0.5602239	2.365206
26826	-3442.576	-3608.869	166.2926	1.494159	1.884097	0.6074035	2.512799
26832	-3426.655	-3593.624	166.969	1.516688	2.106916	0.4251566	2.173474
26838	-3431.645	-3598.71	167.0654	1.480938	1.972761	0.4251566	2.184402
26844	-3422.893	-3589.799	166.9059	1.579651	2.164811	0.6040535	1.959937
26850	-3431.44	-3598.968	167.5283	1.616953	1.782921	0.3847702	1.916783
26856	-3427.181	-3594.32	167.1392	1.574702	1.782921	0.5225178	2.041706
26862	-3455.353	-3621.033	165.6797	1.37566	2.096596	0.6363398	2.860118
26868	-3433.772	-3600.318	166.5465	1.370825	1.999038	0.467394	2.526045
26874	-3433.38	-3600.432	167.0517	1.58289	1.999038	0.5450235	1.98255
26880	-3447.36	-3613.766	166.4058	1.658714	1.963344	0.839459	2.115853
26886	-3433.037	-3599.5	166.4634	1.582508	1.963344	0.4717923	2.454037
26892	-3440.993	-3608.194	167.2016	1.451421	2.344447	0.4060415	2.002797
26898	-3434.909	-3601.971	167.0615	1.605508	2.444201	0.387026	1.984172
26904	-3422.022	-3588.22	166.1981	1.492166	2.311606	0.6103808	2.418786
26910	-3419.94	-3586.384	166.4443	1.55024	2.328519	0.6103808	2.21919
26916	-3423.786	-3590.299	166.5126	1.55024	2.161477	0.5796199	2.261778
26922	-3442.645	-3608.86	166.2154	1.33596	1.788172	0.4334991	2.867069
26928	-3433.703	-3600.281	166.5779	1.369716	1.629651	0.4939502	2.62472
26934	-3424.032	-3590.183	166.1519	1.465191	1.576785	0.723747	2.64599
26940	-3423.89	-3590.479	166.5888	1.427642	1.698086	0.6221648	2.430265
26946	-3414.661	-3581.557	166.8962	1.485623	1.961696	0.4279221	2.291321
26952	-3431.62	-3598.725	167.1053	1.660458	2.245234	0.4279221	1.934731
26958	-3428.454	-3595.729	167.2752	1.59334	2.232112	0.4279221	1.869799
26964	-3427.166	-3594.258	167.092	1.575596	2.25791	0.5381648	1.869799
26970	-3419.422	-3586.441	167.019	1.538857	2.108539	0.4058612	2.149525
26976	-3423.758	-3591.679	167.9218	1.801284	1.608743	0.4040274	1.566362
26982	-3421.601	-3589.424	167.8232	1.760292	2.100937	0.4102426	1.431404
26988	-3428.398	-3595.684	167.2865	1.637856	2.100937	0.4393849	1.866795
26994	-3429.207	-3596.174	166.9669	1.59803	2.085758	0.5088463	2.034009
27000	-3444.207	-3610.897	166.6904	1.610626	2.21195	0.4699041	2.203738
27006	-3439.937	-3606.863	166.9253	1.591637	2.107756	0.4687847	2.101901
27012	-3445.076	-3612.304	167.2278	1.617963	2.107756	0.4851306	1.863259
27018	-3434.737	-3602.072	167.3351	1.738053	2.537837	0.5829482	1.426242
27024	-3434.617	-3601.669	167.052	1.588591	1.890443	0.4887181	2.082183
27030	-3429.913	-3597.022	167.1085	1.658087	2.442224	0.4887181	1.791418
27036	-3442.566	-3609.529	166.9624	1.601586	2.442224	0.5794584	1.832299
27042	-3438.107	-3605.2	167.0928	1.618334	2.533062	0.4860747	1.801864
27048	-3442.336	-3609.091	166.7548	1.564114	2.596324	0.4860747	2.046367
27054	-3425.003	-3592.845	167.8427	1.871015	2.084409	0.3929588	1.363109
27060	-3424.976	-3593.173	168.1969	2.099832	2.175764	0.3677853	0.8125229
27066	-3446.343	-3614.445	168.1021	2.113433	2.110662	0.3677853	0.9487036
27072	-3431.29	-3599.305	168.0146	1.868789	1.872074	0.3677853	1.368016
27078	-3437.88	-3605.598	167.7186	1.755869	1.872074	0.3584449	1.686858
27084	-3433.684	-3601.12	167.4353	1.619145	1.872074	0.5225928	1.772627
27090	-3422.912	-3589.9	166.9881	1.486301	1.872074	0.5225928	2.161939
27096	-3425.237	-3591.596	166.3598	1.409594	1.838577	0.5225928	2.621127
27102	-3431.163	-3597.56	166.3969	1.367333	1.822348	0.5863949	2.569846
27108	-3431.925	-3597.811	165.8858	1.403131	1.714154	0.6827003	2.821959
27114	-3432.371	-3598.945	166.5741	1.424073	2.235184	0.4975159	2.359748
27120	-3431.652	-3598.322	166.6698	1.43171	1.847414	0.517465	2.415603
27126	-3430.67	-3597.042	166.371	1.438456	2.127998	0.4789633	2.534831
27132	-3428.471	-3595.155	166.6836	1.579221	2.127998	0.4712617	2.256634
27138	-3433.001	-3599.348	166.3471	1.411857	1.797934	0.4712617	2.69592
27144	-3422.816	-3589.325	166.5087	1.376226	1.797934	0.4712617	2.6183
27150	-3434.123	-3601.598	167.4749	1.53245	1.558048	0.4712617	2.004291
27156	-3438.041	-3605.291	167.2497	1.45088	1.572134	0.362805	2.329825
27162	-3429.209	-3596.121	166.9116	1.544001	1.977719	0.4165486	2.25146
27168	-3432.777	-3599.214	166.4374	1.519413	1.977719	0.5761077	2.399439
27174	-3427.83	-3594.265	166.4346	1.513591	1.752967	0.5371384	2.529761
27180	-3425.722	-3592.65	166.9276	1.518523	1.752967	0.5441956	2.207066
27186	-3437.459	-3603.139	165.6801	1.321337	2.044126	0.5752216	2.964067
27192	-3442.974	-3610.656	167.6816	1.571073	1.581714	0.3772656	1.945631
27198	-3430.998	-3598.935	167.9374	1.703993	1.740162	0.4483887	1.500407
27204	-3429.378	-3595.293	165.9151	1.512303	2.391383	0.5579274	2.605771
27210	-3440.467	-3605.928	165.4611	1.362193	2.391383	0.5579274	2.9739
27216	-3433.164	-3598.502	165.3375	1.300381	1.59474	0.5195407	3.400171
27222	-3426.927	-3591.717	164.7899	1.181381	2.401198	0.5195407	3.510446
27228	-3427.967	-3593.106	165.1394	1.3694	2.426887	0.5195407	3.186868
27234	-3438.072	-3603.815	165.7431	1.334907	2.393722	0.5196221	2.855699
27240	-3430.123	-3596.253	166.1303	1.391512	2.043874	0.5196221	2.700569
27246	-3440.616	-3606.763	166.1469	1.391512	2.230418	0.5705681	2.577268
27252	-3439.621	-3605.353	165.7321	1.349225	1.998866	0.6742238	2.847151
27258	-3442.086	-3607.011	164.9253	1.293498	1.998866	0.6742238	3.361464
27264	-3456.045	-3619.246	163.2009	1.127352	2.347278	0.7158591	4.30766
27270	-3444.59	-3609.287	164.6967	1.294053	2.347278	0.5683914	3.470738
27276	-3443.399	-3609.247	165.8478	1.366043	2.044336	0.6738113	2.750759
27282	-3447.683	-3612.151	164.4685	1.177932	1.662749	0.6161858	3.863134
27288	-3447.732	-3611.08	163.3476	1.131488	1.662749	0.5178566	4.60964
27294	-3439.089	-3602.115	163.0261	1.05787	1.742886	0.5178566	4.800848
27300	-3434.332	-3598.262	163.9293	1.121792	1.767356	0.4775056	4.286152
27306	-3431.853	-3596.819	164.9653	1.170598	1.897738	0.4775056	3.618039
27312	-3436.732	-3600.859	164.1277	1.129938	1.897738	0.7356806	3.907826
27318	-3429.467	-3593.582	164.115	1.234663	2.207175	0.927044	3.625145
27324	-3429.896	-3593.858	163.9619	1.423117	2.213475	0.8963991	3.621696
27330	-3427.187	-3592.531	165.3435	1.473556	2.121406	0.817255	2.856857
27336	-3433.874	-3600.22	166.3464	1.594019	2.008087	0.7706037	2.231839
27342	-3421.748	-3587.768	166.0193	1.315455	1.984445	0.444703	2.912824
27348	-3425.144	-3591.199	166.0549	1.370593	1.984445	0.444703	2.857955
27354	-3435.774	-3601.636	165.862	1.42056	2.199565	0.444703	2.870702
27360	-3442.925	-3608.848	165.9227	1.321735	2.384494	0.4577716	2.820677
27366	-3439.23	-3605.65	166.4199	1.542954	2.384494	0.4577716	2.375572
27372	-3427.282	-3593.956	166.6745	1.393064	1.973545	0.4577716	2.451948
27378	-3431.207	-3597.658	166.4504	1.499291	2.272159	0.3754587	2.517743
27384	-3427.523	-3593.813	166.2903	1.268065	1.768094	0.4957653	2.804835
27390	-3425.369	-3591.479	166.1096	1.448554	1.768094	0.5331515	2.768056
27396	-3439.416	-3605.449	166.0332	1.509512	1.824543	0.5802405	2.711295
27402	-3438.129	-3603.938	165.8089	1.569271	2.513843	0.6283463	2.534213
27408	-3430.232	-3596.937	166.7047	1.572069	1.966753	0.6283463	2.149964
27414	-3432.599	-3599.525	166.9264	1.578691	1.552456	0.5913611	2.211198
27420	-3439.46	-3606.432	166.9724	1.494325	2.067771	0.4159856	2.211198
27426	-3438.156	-3605.082	166.9254	1.541763	2.743995	0.4159856	1.984849
27432	-3431.926	-3599.224	167.2987	1.53946	1.986054	0.4159856	1.998664
27438	-3447.315	-3613.696	166.3812	1.560299	2.365901	0.6137678	2.237773
27444	-3443.215	-3610.248	167.0337	1.443146	1.96285	0.3343634	2.349336
27450	-3437.338	-3604.876	167.5388	1.626666	1.719803	0.3343634	2.000892
27456	-3430.494	-3597.859	167.3648	1.626666	1.662617	0.3758966	2.083996
27462	-3436.057	-3603.024	166.9674	1.581781	2.222186	0.3595892	2.174242
27468	-3425.978	-3592.703	166.7243	1.509243	2.222186	0.5302514	2.179244
27474	-3418.325	-3584.142	165.8165	1.504984	2.222186	0.5161996	2.765665
27480	-3422.445	-3589.304	166.8592	1.480511	2.222186	0.4520695	2.195314
27486	-3425.954	-3592.702	166.7484	1.520137	2.401442	0.4394235	2.195314
27492	-3429.685	-3596.418	166.7328	1.549402	2.205886	0.4429182	2.248647
27498	-3446.662	-3612.892	166.23	1.558615	2.205886	0.6950003	2.318722
27504	-3423.044	-3590.006	166.9615	1.580756	2.205886	0.5330744	1.978802
27510	-3431.392	-3598.222	166.8305	1.536592	2.448601	0.4607234	2.090847
27516	-3427.65	-3594.317	166.6672	1.534853	2.797019	0.4607234	2.090847
27522	-3436.333	-3603.539	167.2058	1.541575	1.740777	0.4110651	2.164757
27528	-3425.306	-3592.247	166.9404	1.5196	1.539938	0.7125612	2.1383
27534	-3434.633	-3600.838	166.2053	1.520954	2.355465	0.7059475	2.298945
27540	-3435.849	-3603.599	167.7498	1.659783	1.765523	0.3952706	1.728096
27546	-3436.112	-3603.617	167.5053	1.609645	2.163541	0.4255171	1.728096
27552	-3428.365	-3595.333	166.9681	1.551571	2.286218	0.3570225	2.174673
27558	-3428.988	-3595.786	166.7988	1.615203	2.286218	0.6029572	1.965109
27564	-3435.388	-3602.777	167.3891	1.481396	2.133788	0.4312648	1.900927
27570	-3427.375	-3593.437	166.0622	1.642395	2.272949	0.7836308	2.278561
27576	-3436.39	-3602.436	166.0454	1.597181	2.272949	0.809594	2.298553
27582	-3442.422	-3609.26	166.8379	1.48593	2.316673	0.4888863	2.131733
27588	-3436.563	-3603.118	166.5558	1.48593	2.563496	0.5723325	2.148601
27594	-3426.403	-3593.497	167.0936	1.558697	2.199489	0.4248541	2.03092
27600	-3428.027	-3595.131	167.1038	1.558697	2.052296	0.4248541	2.078566
27606	-3442.493	-3609.287	166.7943	1.526886	2.052296	0.6590039	2.060252
27612	-3430.08	-3596.392	166.3124	1.41089	1.813447	0.482169	2.70028
27618	-3435.341	-3601.897	166.5562	1.405529	1.813447	0.3927679	2.653579
27624	-3425.342	-3591.873	166.5317	1.500275	1.704406	0.3701706	2.681576
27630	-3431.213	-3598.307	167.0941	1.451539	2.12729	0.316408	2.270221
27636	-3432.529	-3599.231	166.7018	1.469908	2.105405	0.5209415	2.270221
27642	-3429.835	-3597.195	167.3603	1.539557	1.738613	0.486834	1.976076
27648	-3438.684	-3606.242	167.558	1.601525	2.103384	0.4405125	1.700936
27654	-3433.692	-3600.796	167.1037	1.553485	2.103384	0.4274194	2.059779
27660	-3442.471	-3609.345	166.874	1.497629	2.391094	0.4115649	2.165293
27666	-3441.131	-3606.943	165.8124	1.291334	2.12372	0.5239198	2.923049
27672	-3442.822	-3607.891	165.0684	1.197661	2.389556	0.5346241	3.32721
27678	-3443.618	-3608.26	164.6417	1.14226	2.389556	0.5346241	3.60886
27684	-3448.455	-3613.827	165.3714	1.260726	1.896545	0.4699424	3.3362
27690	-3429.43	-3594.923	165.4932	1.392713	1.698897	0.3533684	3.391108
27696	-3430.063	-3596.526	166.4637	1.384581	1.809417	0.4141105	2.699761
27702	-3432.698	-3598.09	165.3917	1.336965	2.160185	0.364804	3.305503
27708	-3433.383	-3599.179	165.7964	1.411551	2.104049	0.364804	3.039596
27714	-3427.262	-3593.279	166.0169	1.411551	1.919738	0.5587578	2.765002
27720	-3420.199	-3586.201	166.0024	1.495671	1.919738	0.5138246	2.765693
27726	-3427.167	-3593.3	166.1338	1.417127	2.00826	0.4405129	2.777811
27732	-3427.712	-3594.521	166.8094	1.447051	1.694501	0.4386135	2.464974
27738	-3424.688	-3589.442	164.754	1.189878	1.932963	0.5148049	3.680946
27744	-3428.208	-3592.197	163.9891	1.154495	1.688676	0.5855155	4.165831
27750	-3437.194	-3601.911	164.7166	1.192618	1.589224	0.446548	3.896418
27756	-3439.036	-3602.576	163.5404	1.27836	2.032656	0.4043621	4.400375
27762	-3438.241	-3602.589	164.3488	1.330236	2.514434	0.611059	3.566827
27768	-3439.629	-3605.449	165.8198	1.376519	1.786496	0.611059	2.90928
27774	-3425.087	-3591.121	166.0338	1.386862	1.601158	0.5832121	2.873165
27780	-3423.335	-3589.381	166.0459	1.45017	2.295011	0.4000966	2.760261
27786	-3424.989	-3591.134	166.1444	1.539745	2.261115	0.3718478	2.690264
27792	-3432.228	-3596.737	164.5082	1.34549	2.261115	0.6342105	3.521304
27798	-3428.829	-3593.931	165.1027	1.336063	1.848012	0.3925412	3.549913
27804	-3429.715	-3596.029	166.3144	1.314745	1.553508	0.3925412	2.962535
27810	-3435.224	-3600.333	165.1096	1.373621	2.047778	0.5298017	3.312738
27816	-3437.446	-3604.25	166.8045	1.559967	2.032084	0.3551892	2.366728
27822	-3432.87	-3599.736	166.8666	1.592196	2.032084	0.4906348	2.143872
27828	-3435.727	-3602.793	167.0662	1.706122	2.250428	0.4906348	1.853601
27834	-3438.226	-3605.971	167.7449	1.562275	1.567823	0.4245106	1.853601
27840	-3431.628	-3597.709	166.0812	1.282059	1.790804	0.4504281	2.96118
27846	-3435.518	-3601.149	165.6318	1.338856	1.829669	0.6942172	2.960109
27852	-3434.102	-3598.514	164.412	1.231248	1.829669	0.7053413	3.732495
27858	-3435.695	-3599.957	164.2622	1.232106	1.829669	0.7053413	3.818355
27864	-3437.334	-3600.492	163.1581	1.312403	2.220495	0.80749	4.201427
27870	-3440.093	-3602.642	162.5491	1.152868	1.855216	0.80749	4.753152
27876	-3438.553	-3601.398	162.845	0.9683013	2.102509	0.6085781	4.753152
27882	-3436.133	-3599.677	163.5448	1.035713	2.233605	0.4453353	4.428772
27888	-3431.224	-3593.671	162.4468	1.019702	2.225766	0.5010918	5.000694
27894	-3431.623	-3595.474	163.8503	1.170264	1.843452	0.5155929	4.240138
27900	-3438.429	-3603.786	165.3574	1.206028	1.913875	0.5418676	3.30094
27906	-3436.282	-3601.616	165.3341	1.394179	3.011711	0.6010516	2.818669
27912	-3437.323	-3602.124	164.8012	1.417307	3.011711	0.6010516	3.125132
27918	-3429.133	-3593.507	164.3734	1.144128	3.011711	0.4529989	3.675078
27924	-3430.279	-3595.286	165.0068	1.130075	2.110483	0.4529989	3.569797
27930	-3426.825	-3589.92	163.095	1.166296	2.737596	0.5229496	4.393954
27936	-3436.235	-3599.304	163.0696	1.049359	1.973074	0.4708765	4.745081
27942	-3424.433	-3588.238	163.8045	1.05104	1.973074	0.4708765	4.331192
27948	-3419.234	-3583.608	164.374	1.148334	1.896535	0.4897102	3.960021
27954	-3429.714	-3594.148	164.4343	1.253416	1.896535	0.4428714	3.91184
27960	-3424.964	-3590.138	165.1749	1.168645	2.00901	0.4428714	3.493832
27966	-3439.063	-3603.654	164.5905	1.266956	2.096204	0.4173376	3.773785
27972	-3439.187	-3603.51	164.3229	1.332087	2.421213	0.8547043	3.427994
27978	-3446.065	-3610.413	164.3481	1.40879	2.20994	0.8547043	3.433003
27984	-3430.888	-3596.269	165.3807	1.341892	2.476008	0.592198	2.977958
27990	-3426.643	-3591.508	164.8643	1.314715	2.07234	0.5241964	3.48808
27996	-3429.751	-3595.005	165.2538	1.286833	2.07234	0.5241964	3.275906
28002	-3431.054	-3597.096	166.0424	1.479194	2.227474	0.6939487	2.480858
28008	-3417.545	-3584.64	167.0946	1.599687	1.59882	0.5030505	2.156241
28014	-3423.393	-3590.497	167.1036	1.468043	1.59882	0.5859059	2.151942
28020	-3422.893	-3590.406	167.513	1.609069	1.59882	0.348456	2.064124
28026	-3426.117	-3593.135	167.0177	1.595176	2.262176	0.4156876	2.045971
28032	-3435.427	-3602.174	166.7471	1.613803	2.798106	0.4878352	1.954141
28038	-3435.184	-3602.69	167.5065	1.58944	1.964513	0.4583244	1.779761
28044	-3440.218	-3606.79	166.5715	1.474331	2.102688	0.4583244	2.418047
28050	-3437.469	-3604.546	167.0774	1.557016	1.798632	0.3153237	2.340223
28056	-3437.468	-3604.441	166.9733	1.449698	1.617595	0.3153237	2.548727
28062	-3431.096	-3597.929	166.8333	1.488974	1.768281	0.3153237	2.548727
28068	-3429.841	-3596.586	166.7453	1.485386	1.861619	0.3153237	2.568946
28074	-3427.618	-3593.784	166.1666	1.432562	2.146916	0.3193663	2.848082
28080	-3424.271	-3590.516	166.2447	1.475415	2.429783	0.4864185	2.482916
28086	-3429.337	-3595.138	165.8003	1.470133	2.224015	0.5615776	2.752715
28092	-3431.92	-3598.052	166.1314	1.500807	1.940909	0.3391899	2.873718
28098	-3435.307	-3602.029	166.7217	1.45406	2.491552	0.4888738	2.170429
28104	-3439.142	-3605.292	166.1496	1.476771	2.491552	0.4476393	2.564172
28110	-3430.57	-3596.842	166.2729	1.451537	2.203413	0.4476393	2.595777
28116	-3439.409	-3605.229	165.8197	1.468408	2.1049	0.7555213	2.619487
28122	-3431.122	-3595.542	164.4194	1.207172	2.715504	0.4234772	3.718554
28128	-3437.892	-3601.729	163.8369	1.227168	2.432964	0.7147407	3.864301
28134	-3430.339	-3594.704	164.3651	1.211404	2.610245	0.6376876	3.57772
28140	-3431.216	-3595.627	164.4113	1.165221	2.610245	0.6376876	3.57772
28146	-3429.434	-3593.758	164.3241	1.10105	2.050235	0.3663367	4.093561
28152	-3424.93	-3588.968	164.0385	1.17324	1.967561	0.4905306	4.112051
28158	-3440.318	-3603.997	163.6793	1.080503	2.0071	0.5591719	4.292999
28164	-3435.754	-3599.083	163.3295	1.156297	2.0071	0.6676038	4.360045
28170	-3440.061	-3604.946	164.8843	1.172828	1.978247	0.7010972	3.442579
28176	-3442.746	-3606.712	163.9657	1.143881	1.782286	0.4598586	4.264846
28182	-3439.459	-3603.576	164.1175	1.146607	1.852455	0.4598586	4.151994
28188	-3445.417	-3610.527	165.1098	1.159659	1.849468	0.5004193	3.535354
28194	-3440.92	-3603.978	163.0579	1.109391	1.590662	0.682804	4.677406
28200	-3445.596	-3609.6	164.0042	1.039125	1.849468	0.5004193	4.239206
28206	-3430.182	-3594.471	164.2882	1.100775	2.164193	0.4202291	4.017625
28212	-3430.939	-3594.737	163.7977	1.17713	2.164193	0.6862378	4.017625
28218	-3434.832	-3599.088	164.2557	1.154043	2.164193	0.4091951	4.017625
28224	-3430.886	-3595.1	164.214	1.218687	2.282743	0.6453634	3.74979
28230	-3418.283	-3584.605	166.3216	1.349772	2.0763	0.5614665	2.556262
28236	-3423.085	-3588.112	165.0277	1.244676	2.477171	0.5132671	3.317688
28242	-3426.937	-3591.075	164.1375	1.29331	2.001745	0.6396978	3.845357
28248	-3422.965	-3587.346	164.3816	1.233234	2.001745	0.7306822	3.669826
28254	-3427.773	-3592.615	164.8421	1.274002	2.0206	0.6008422	3.474037
28260	-3429.864	-3595.197	165.3331	1.298308	1.791415	0.3591016	3.497645
28266	-3436.653	-3601.528	164.8749	1.160692	2.057998	0.3832005	3.721513
28272	-3434.248	-3599.643	165.395	1.230698	1.766258	0.4849536	3.373106
28278	-3430.988	-3595.876	164.8877	1.1969	2.215344	0.4305187	3.590076
28284	-3438.059	-3602.327	164.2678	1.19118	1.847684	0.4305187	4.072688
28290	-3439.803	-3603.84	164.0369	1.08809	2.098134	0.4396552	4.168708
28296	-3430.392	-3594.754	164.3615	1.223192	2.307298	0.4396552	3.841051
28302	-3434.97	-3600.666	165.6957	1.271182	2.038171	0.5155398	3.042612
28308	-3433.811	-3600.039	166.2286	1.383931	2.164604	0.4936777	2.628997
28314	-3437.938	-3603.792	165.8541	1.342924	1.941807	0.4541977	3.000829
28320	-3430.169	-3595.902	165.7326	1.297658	1.811783	0.4541977	3.148304
28326	-3427.152	-3593.932	166.78	1.380717	1.811783	0.4541977	2.459648
28332	-3431.405	-3597.617	166.2118	1.423494	1.811783	0.6289308	2.615892
28338	-3434.944	-3601.788	166.844	1.393431	1.699349	0.4161383	2.500757
28344	-3441.078	-3607.462	166.3837	1.475403	2.321605	0.4965129	2.419812
28350	-3431.227	-3597.369	166.1416	1.394441	2.139892	0.5015026	2.67658
28356	-3439.254	-3605.687	166.4328	1.37833	2.227168	0.3991448	2.589878
28362	-3432.792	-3600.242	167.4504	1.649118	2.062392	0.3408555	1.894264
28368	-3452.062	-3619.228	167.1658	1.525203	1.936069	0.4484374	2.076591
28374	-3451.927	-3619.723	167.7956	1.642326	1.672008	0.4262006	1.710375
28380	-3431.605	-3598.162	166.5566	1.542421	1.985941	0.5981148	2.285283
28386	-3437.145	-3603.935	166.7899	1.544832	1.976713	0.4257928	2.318166
28392	-3432.632	-3599.253	166.6206	1.509058	2.303353	0.4385	2.318166
28398	-3429.788	-3596.663	166.8752	1.556936	2.303353	0.5027416	2.049972
28404	-3426.6	-3593.804	167.204	1.556936	2.036836	0.5027416	1.928407
28410	-3439.341	-3605.579	166.2381	1.411035	1.904044	0.5014715	2.69146
28416	-3446.99	-3611.987	164.997	1.359129	2.116052	0.4477357	3.445564
28422	-3435.231	-3601.433	166.2019	1.505547	2.252094	0.4689884	2.566768
28428	-3431.605	-3597.143	165.5382	1.337719	1.958617	0.5879659	3.058036
28434	-3438.037	-3602.336	164.299	1.293118	2.735567	0.5852628	3.578398
28440	-3439.296	-3604.039	164.7423	1.337952	2.031846	0.8355232	3.31454
28446	-3442.057	-3606.496	164.4391	1.345052	2.299915	0.9728709	3.31454
28452	-3448.763	-3612.012	163.2496	1.287074	1.459279	1.179471	4.22341
28458	-3434.366	-3598.314	163.9482	1.142535	1.693747	0.5029697	4.266912
28464	-3433.675	-3598.628	164.9535	1.363538	2.367717	0.5380681	3.300566
28470	-3426.098	-3590.744	164.6461	1.302351	2.350681	0.5380681	3.521675
28476	-3439.204	-3602.375	163.1709	1.170644	2.067051	0.5380681	4.527778
28482	-3425.614	-3590.072	164.4583	1.14268	2.102634	0.603983	3.743108
28488	-3435.693	-3601.017	165.3239	1.245347	1.84188	0.5794356	3.289889
28494	-3434.47	-3598.961	164.4905	1.255909	2.020308	0.5794356	3.707197
28500	-3425.513	-3591.245	165.7317	1.255909	2.436629	0.5573376	2.861491
28506	-3430.09	-3596.721	166.6315	1.628487	2.313785	0.4239375	2.248261
28512	-3418.555	-3585.456	166.9016	1.712605	2.313785	0.5168091	1.909187
28518	-3425.261	-3590.672	165.411	1.471496	2.313785	0.5168091	3.001172
28524	-3435.785	-3601.025	165.2394	1.287695	2.798972	0.4375248	3.154147
28530	-3431.088	-3595.624	164.5369	1.302255	2.30204	0.533336	3.604325
28536	-3435.216	-3599.372	164.1553	1.257989	2.30204	0.5271042	3.855921
28542	-3428.225	-3593.617	165.3924	1.31101	2.30204	0.5271042	3.102113
28548	-3430.046	-3594.407	164.3609	1.245722	2.347887	0.5210359	3.736417
28554	-3430.56	-3596.311	165.751	1.388725	1.779106	0.4969164	3.051882
28560	-3440.69	-3605.766	165.0758	1.346556	1.979537	0.5283377	3.37329
28566	-3435.716	-3600.641	164.9245	1.203984	2.535164	0.526205	3.37329
28572	-3434.523	-3599.619	165.0962	1.23151	2.427951	0.440021	3.37329
28578	-3437.544	-3602.054	164.5106	1.274717	2.089902	0.6590203	3.595915
28584	-3445.634	-3610.029	164.395	1.090051	2.264732	0.4175255	3.934469
28590	-3440.936	-3604.76	163.8247	1.14251	2.05777	0.4020307	4.310889
28596	-3434.634	-3600.313	165.6783	1.309751	2.164087	0.3636187	3.152196
28602	-3430.578	-3596.376	165.7988	1.290101	1.896068	0.3542871	3.196145
28608	-3437.821	-3603.509	165.6885	1.319073	2.363466	0.3542871	3.088888
28614	-3441.89	-3607.26	165.3701	1.388296	2.551184	0.5659621	2.957835
28620	-3432.067	-3598.684	166.6164	1.420491	2.218393	0.3679405	2.490772
28626	-3436.421	-3602.478	166.0564	1.385049	1.749577	0.4144857	2.969683
28632	-3434.642	-3600.427	165.7854	1.442832	1.749577	0.5643507	2.946011
28638	-3431.448	-3597.523	166.0753	1.394167	1.749577	0.5643507	2.799949
28644	-3434.171	-3599.998	165.8266	1.431278	2.799241	0.5643507	2.583948
28650	-3432.354	-3598.411	166.0569	1.423157	2.799241	0.4654551	2.545634
28656	-3423.773	-3590.068	166.2948	1.527575	2.368999	0.6656242	2.267033
28662	-3416.48	-3583.165	166.685	1.587001	2.368999	0.6622599	1.975754
28668	-3428.737	-3594.223	165.4856	1.575878	2.576703	0.6521327	2.690816
28674	-3425.731	-3591.154	165.4231	1.287186	2.507929	0.5623521	3.002737
28680	-3425.942	-3591.506	165.5642	1.243797	1.88019	0.5018251	3.206622
28686	-3435.957	-3600.407	164.4503	1.206545	2.16076	0.5535459	3.735606
28692	-3431.819	-3596.287	164.4674	1.213424	1.772954	0.4912204	3.912228
28698	-3435.818	-3599.949	164.1318	1.197214	1.971555	0.5487701	3.990304
28704	-3421.737	-3587.031	165.2938	1.281152	2.091161	0.4965701	3.275861
28710	-3430.295	-3595.508	165.2134	1.286617	2.27353	0.6133878	3.154627
28716	-3431.691	-3597.251	165.5598	1.334705	2.446895	0.3944037	3.082898
28722	-3427.885	-3593.123	165.2375	1.334705	1.887012	0.3944037	3.455863
28728	-3432.834	-3597.761	164.927	1.276271	2.568103	0.3944037	3.455863
28734	-3433.118	-3598.853	165.7355	1.325809	1.864283	0.5732853	2.994445
28740	-3428.206	-3593.185	164.9789	1.323896	1.850469	0.6153797	3.412528
28746	-3431.235	-3597.073	165.8376	1.459894	1.850469	0.6153797	2.819768
28752	-3439.676	-3605.799	166.1231	1.234854	2.201707	0.4185089	2.853383
28758	-3428.512	-3593.147	164.6341	1.207449	2.003194	0.5668661	3.668873
28764	-3437.94	-3602.74	164.8006	1.202905	1.804084	0.5405875	3.668873
28770	-3448.858	-3613.541	164.6823	1.101183	2.176959	0.5405875	3.668873
28776	-3439.786	-3604.487	164.7008	1.121963	2.694314	0.4302085	3.603444
28782	-3438.698	-3602.719	164.021	1.146355	2.606181	0.5965966	3.849065
28788	-3429.947	-3595.695	165.7476	1.37281	2.373954	0.5965966	2.764343
28794	-3426.746	-3592.4	165.6547	1.345178	2.065476	0.5965966	2.938618
28800	-3424.43	-3590.316	165.8856	1.339269	2.065476	0.4412071	2.954483
28806	-3420.558	-3586.098	165.5403	1.460689	2.167492	0.3973428	3.103328
28812	-3437.588	-3605.059	167.4716	1.645233	1.947893	0.3795767	1.873595
28818	-3439.874	-3607.07	167.1953	1.65429	2.293792	0.3795767	1.923296
28824	-3433.437	-3600.61	167.1725	1.648589	2.022919	0.5866644	1.803437
28830	-3444.042	-3611.143	167.1014	1.654057	2.138257	0.5866644	1.803437
28836	-3437.845	-3604.109	166.264	1.417946	2.156642	0.5062511	2.575881
28842	-3436.158	-3602.577	166.4196	1.34676	2.223164	0.5062511	2.500676
28848	-3427.714	-3594.01	166.2965	1.433875	1.796802	0.5841489	2.602977
28854	-3430.828	-3596.73	165.9016	1.368824	1.956842	0.4116839	2.998015
28860	-3433.833	-3599.544	165.7109	1.217028	2.061042	0.4116839	3.166042
28866	-3433.528	-3597.679	164.1508	1.203409	2.061042	0.4087038	4.082903
28872	-3425.759	-3589.668	163.9093	1.26074	2.160468	0.4087038	4.155899
28878	-3421.134	-3584.981	163.8468	1.181621	2.160468	0.4851375	4.158671
28884	-3431.284	-3596.552	165.2679	1.256084	1.570498	0.4223912	3.574534
28890	-3427.596	-3592.576	164.9795	1.140225	1.570498	0.4120713	3.81949
28896	-3437.741	-3602.831	165.09	1.234146	1.642902	0.5101423	3.572727
28902	-3443.585	-3608.518	164.9326	1.226694	2.185131	0.5371228	3.450826
28908	-3452.436	-3615.612	163.1763	1.262926	1.772017	0.7061914	4.439013
28914	-3446.233	-3611.582	165.3491	1.278752	2.264729	0.3948074	3.296244
28920	-3439.659	-3606.067	166.4081	1.344293	1.954415	0.3948074	2.726446
28926	-3436.714	-3602.909	166.1948	1.491716	1.831037	0.5014285	2.696271
28932	-3434.867	-3601.724	166.8562	1.559688	1.831037	0.5274626	2.211379
28938	-3431.581	-3598.181	166.6004	1.468055	1.70791	0.5016614	2.508892
28944	-3438.864	-3602.16	163.2964	1.055116	1.720326	0.6217759	4.571575
28950	-3442.575	-3605.605	163.0294	1.088561	1.981026	0.6217759	4.611308
28956	-3431.145	-3594.285	163.1403	1.090082	1.808555	0.6169562	4.611308
28962	-3435.398	-3599.489	164.0911	1.192377	1.941178	0.5477315	4.027579
28968	-3423.582	-3587.758	164.1755	1.13521	2.351789	0.519029	3.907376
28974	-3431.198	-3595.326	164.128	1.156325	1.857435	0.4356939	4.163237
28980	-3438.581	-3602.91	164.3291	1.288827	2.425003	0.7773365	3.501177
28986	-3431.421	-3595.874	164.4539	1.346338	2.484191	0.7331806	3.409108
28992	-3437.086	-3601.757	164.6716	1.39722	2.543551	0.8597922	3.14486
28998	-3432.967	-3598.265	165.2977	1.397261	1.886819	0.7261632	3.079372
29004	-3429.342	-3594.558	165.2163	1.350532	1.927219	0.7498911	3.123415
29010	-3424.797	-3589.541	164.7436	1.372199	1.927219	0.9160191	3.277663
29016	-3430.29	-3596.809	166.5192	1.386476	1.927219	0.5837679	2.44354
29022	-3429.866	-3595.729	165.8627	1.362322	2.000222	0.7953191	2.665862
29028	-3434.204	-3601.131	166.9267	1.481866	1.691576	0.4649156	2.340702
29034	-3439.764	-3604.691	164.9272	1.216406	1.805578	0.7007765	3.454176
29040	-3431.705	-3597.71	166.005	1.402164	1.693493	0.7007765	2.743796
29046	-3445.301	-3612.446	167.145	1.449084	1.693493	0.4329779	2.257682
29052	-3445.655	-3611.408	165.7532	1.329708	2.086439	0.4424896	3.031187
29058	-3441.183	-3607.346	166.163	1.27787	1.739091	0.4424896	2.943154
29064	-3438.902	-3604.743	165.8409	1.456506	1.680948	0.551913	2.943154
29070	-3444.118	-3610.242	166.124	1.479228	1.594902	0.7434047	2.631417
29076	-3430.844	-3596.286	165.4414	1.350745	1.904968	0.483896	3.224726
29082	-3446.549	-3611.863	165.3142	1.295007	2.236067	0.7323503	3.006154
29088	-3448.92	-3613.602	164.6824	1.235513	2.046159	0.4359202	3.735571
29094	-3434.237	-3599.488	165.251	1.35604	1.638419	0.6064519	3.322763
29100	-3440.959	-3606.291	165.3326	1.192453	1.638419	0.4214156	3.54744
29106	-3437.931	-3602.331	164.4002	1.153956	1.942312	0.5403374	3.878881
29112	-3447.13	-3611.113	163.9827	1.224528	2.592191	0.5403374	3.878881
29118	-3451.238	-3614.604	163.3662	1.258641	2.237458	0.5465393	4.307339
29124	-3435.898	-3600.489	164.5905	1.361112	2.176334	0.4388525	3.670751
29130	-3431.279	-3596.648	165.3692	1.396484	1.618281	0.5447605	3.291932
29136	-3425.123	-3591.688	166.5651	1.541756	1.765829	0.8132607	2.187692
29142	-3429.855	-3596.14	166.2841	1.567651	2.202857	0.7725532	2.216671
29148	-3429.913	-3594.78	164.8668	1.526147	1.722803	0.9084752	3.1948
29154	-3425.687	-3591.095	165.4076	1.392417	2.243466	0.600164	2.996401
29160	-3430.808	-3595.282	164.474	1.301181	2.184993	0.600164	3.619061
29166	-3437.599	-3603.062	165.464	1.288717	1.742886	0.600164	3.200854
29172	-3427.51	-3593.442	165.9323	1.351645	2.236991	0.4493163	2.852642
29178	-3429.049	-3594.632	165.5828	1.349609	2.246165	0.6026072	2.91377
29184	-3430.527	-3596.2	165.6729	1.22785	1.738411	0.6026072	3.112536
29190	-3439.001	-3604.031	165.0296	1.396116	2.173591	0.5544081	3.282311
29196	-3445.667	-3610.239	164.5719	1.216268	2.468524	0.567298	3.554047
29202	-3444.471	-3610.712	166.2417	1.392422	1.907689	0.4380308	2.766419
29208	-3438.098	-3602.349	164.2512	1.140534	2.144422	0.6451981	3.816669
29214	-3434.089	-3597.99	163.9017	1.170301	2.370667	0.5234129	4.034347
29220	-3425.099	-3589.503	164.4045	1.220685	2.370667	0.4045326	3.836413
29226	-3424.885	-3589.662	164.7769	1.225696	2.370667	0.4045326	3.618438
29232	-3441.458	-3605.16	163.7023	1.201264	2.214823	0.6278843	4.087812
29238	-3429.163	-3593.162	163.9997	1.019388	2.206382	0.6278843	4.024584
29244	-3453.372	-3618.348	164.9763	1.284809	2.263984	0.460644	3.440505
29250	-3450.093	-3616.409	166.3162	1.410675	2.077519	0.4904693	2.591744
29256	-3434.648	-3600.665	166.0173	1.366991	2.383045	0.5019556	2.689739
29262	-3428.814	-3595.062	166.2479	1.333985	2.230605	0.4196037	2.706074
29268	-3427.753	-3593.161	165.4074	1.209067	2.230605	0.5437546	3.160794
29274	-3441.626	-3606.684	165.0578	1.174773	2.240986	0.5190811	3.407029
29280	-3431.6	-3596.623	165.0227	1.156147	1.858056	0.5190811	3.567239
29286	-3436.011	-3600.222	164.2119	1.179972	2.46369	0.4758001	3.869421
29292	-3429.676	-3595.988	166.312	1.440538	2.093891	0.4770255	2.584183
29298	-3439.834	-3605.245	165.4106	1.284551	1.957079	0.4499401	3.298252
29304	-3431.772	-3597.145	165.3733	1.271464	2.04287	0.4499401	3.298252
29310	-3450.547	-3614.968	164.4212	1.443919	2.179456	0.3427029	3.828525
29316	-3428.995	-3593.997	165.0017	1.316579	2.15886	0.4832992	3.417598
29322	-3446.898	-3612.377	165.479	1.290998	2.016587	0.5314158	3.152306
29328	-3426.829	-3592.444	165.6153	1.372048	1.831376	0.5019068	3.118061
29334	-3433.129	-3598.879	165.7494	1.292178	1.850796	0.4627432	3.118061
29340	-3439.33	-3605.105	165.7753	1.299062	1.955325	0.4096459	3.118061
29346	-3431.784	-3597.325	165.5407	1.330087	1.955325	0.3851545	3.266875
29352	-3439.594	-3604.572	164.9784	1.309496	1.867448	0.4271439	3.592438
29358	-3439.029	-3603.966	164.9373	1.28189	1.867448	0.4655404	3.592438
29364	-3455.289	-3616.468	161.1788	0.999859	2.133304	0.6922532	5.585011
29370	-3443.611	-3606.976	163.3649	1.041772	2.133304	0.6922532	4.345498
29376	-3457.005	-3620.789	163.7843	1.16721	2.762468	0.5186789	3.99962
29382	-3438.36	-3602.787	164.4265	1.245309	2.416757	0.6043767	3.604851
29388	-3439.983	-3605.961	165.9783	1.416138	1.761984	0.3395003	3.083266
29394	-3435.82	-3601.304	165.4836	1.369543	2.296433	0.5328313	3.008873
29400	-3437.944	-3604.695	166.7505	1.431648	1.714495	0.4831694	2.454296
29406	-3451.743	-3618.339	166.5961	1.37845	1.714495	0.4831694	2.583813
29412	-3447.149	-3612.697	165.5484	1.291002	1.904841	0.5798992	3.106297
29418	-3429.047	-3594.829	165.7818	1.238701	1.971574	0.5078473	3.041316
29424	-3428.453	-3593.587	165.1338	1.189866	1.971574	0.5078473	3.453254
29430	-3422.845	-3586.875	164.0294	1.240052	2.298286	0.5767233	3.895688
29436	-3437.372	-3602.063	164.6911	1.148917	2.298286	0.5305328	3.607524
29442	-3429.694	-3595.861	166.1669	1.417973	2.165693	0.534924	2.604358
29448	-3431.271	-3598.058	166.7868	1.571217	2.133212	0.4831975	2.180134
29454	-3435.637	-3602.983	167.3462	1.569291	1.442871	0.5756215	2.010349
29460	-3422.075	-3589.111	167.036	1.605369	1.952159	0.4768705	2.070262
29466	-3428.507	-3595.203	166.6963	1.520746	1.790861	0.4768705	2.40783
29472	-3431.22	-3597.88	166.6595	1.576567	1.790861	0.4653402	2.40836
29478	-3419.995	-3586.238	166.2424	1.484912	1.790861	0.4653402	2.724375
29484	-3424.841	-3591.81	166.969	1.494	1.581931	0.3963346	2.43345
29490	-3439.984	-3606.822	166.8377	1.487364	1.859214	0.5130974	2.273327
29496	-3435.228	-3602.876	167.6484	1.530799	1.632899	0.3996314	1.941542
29502	-3434.424	-3601.954	167.5295	1.626993	1.863058	0.3996314	1.854937
29508	-3437.533	-3604.729	167.1969	1.639641	1.66595	0.5566574	1.975703
29514	-3429.959	-3597.433	167.4744	1.75604	2.144914	0.5501364	1.499391
29520	-3436.088	-3603.043	166.9546	1.704102	2.166222	0.6708201	1.777667
29526	-3433.458	-3599.826	166.3676	1.486804	2.166222	0.5743164	2.397855
29532	-3437.96	-3601.573	163.6133	1.140701	2.166078	0.4699224	4.327146
29538	-3439.758	-3602.824	163.0657	1.018008	1.703009	0.4999157	4.832055
29544	-3433.521	-3597.091	163.5701	1.103999	2.20262	0.5687324	4.270875
29550	-3430.762	-3594.807	164.0456	1.174475	1.804541	0.4968446	4.158279
29556	-3430.503	-3595.47	164.9676	1.244208	2.371484	0.4888462	3.408226
29562	-3426.188	-3593.65	167.4621	1.583296	1.668158	0.3328585	2.105264
29568	-3433.844	-3601.205	167.361	1.623771	1.668158	0.4983886	1.937546
29574	-3448.159	-3615.608	167.4486	1.605862	1.641632	0.3974658	2.02371
29580	-3458.486	-3624.004	165.5179	1.33271	1.906326	0.333227	3.359524
29586	-3445.5	-3611.166	165.6656	1.261532	1.40727	0.4701308	3.359524
29592	-3451.381	-3616.001	164.6204	1.140406	1.40727	0.608486	3.909745
29598	-3432.557	-3599.159	166.6022	1.45401	1.40727	0.608486	2.547924
29604	-3437.639	-3602.043	164.4039	1.331566	2.191981	0.5512215	3.682333
29610	-3428.667	-3595.27	166.6038	1.387851	1.445523	0.5512215	2.622773
29616	-3427.875	-3594.405	166.5292	1.456969	1.445523	0.5512215	2.626154
29622	-3430.442	-3597.592	167.15	1.497337	1.638649	0.5379663	2.132229
29628	-3436.957	-3603.58	166.623	1.491491	1.783469	0.5000465	2.450803
29634	-3424.956	-3592.062	167.1065	1.530515	1.863482	0.4234489	2.170638
29640	-3427.785	-3595.106	167.3216	1.672925	1.857734	0.4013409	1.964664
29646	-3426.993	-3593.905	166.9126	1.529019	1.792938	0.4159389	2.333797
29652	-3426.468	-3593.856	167.3875	1.638721	1.580892	0.555251	1.888886
29658	-3423.214	-3591.137	167.9225	1.638721	1.580892	0.3817601	1.727762
29664	-3433.138	-3600.605	167.4673	1.501642	1.928758	0.3952928	1.960499
29670	-3421.191	-3587.688	166.4973	1.540197	1.870253	0.4395481	2.530202
29676	-3419.728	-3585.596	165.8678	1.32125	1.888189	0.4659859	3.012752
29682	-3420.143	-3586.294	166.1515	1.401709	1.970249	0.453688	2.77574
29688	-3421.596	-3587.846	166.2509	1.456211	2.738475	0.4401749	2.448891
29694	-3410.516	-3577.142	166.6264	1.456211	2.051461	0.3974794	2.48366
29700	-3419.383	-3587.109	167.7261	1.56329	1.577865	0.3974794	1.895752
29706	-3415.921	-3583.412	167.4913	1.578614	1.844732	0.4197363	1.895752
29712	-3417.861	-3585.701	167.8399	1.587255	1.472127	0.3667192	1.895752
29718	-3430.891	-3598.186	167.2952	1.544036	1.413242	0.4266377	2.236532
29724	-3428.978	-3595.247	166.2698	1.440007	1.858503	0.4266377	2.75139
29730	-3433.557	-3599.475	165.9179	1.23681	1.777456	0.4762214	3.064383
29736	-3436.106	-3601.664	165.5581	1.328997	1.777456	0.4762214	3.223535
29742	-3437.844	-3604.061	166.2163	1.404983	2.070625	0.4762214	2.674222
29748	-3439.892	-3605.298	165.4058	1.292008	2.168223	0.4289611	3.247635
29754	-3428.092	-3594.297	166.2047	1.335688	2.168223	0.3834059	2.79476
29760	-3438.379	-3604.223	165.8435	1.319305	2.368631	0.4322837	2.902694
29766	-3431.37	-3597.001	165.6318	1.365837	2.62588	0.4322837	2.925956
29772	-3424.865	-3591.005	166.1399	1.287516	1.645741	0.4322837	2.999921
29778	-3423.082	-3589.496	166.4142	1.264705	1.54881	0.4322837	2.889272
29784	-3446.967	-3611.813	164.8461	1.260709	1.867415	0.5007262	3.623113
29790	-3444.226	-3609.831	165.6042	1.190845	1.694009	0.5350743	3.253156
29796	-3444.911	-3608.736	163.8257	1.119495	1.694009	0.5350743	4.319919
29802	-3448.067	-3613.285	165.2177	1.334212	1.829749	0.5967055	3.289605
29808	-3442.563	-3608.146	165.5835	1.367801	1.829749	0.5967055	3.052509
29814	-3435.347	-3600.894	165.5469	1.395341	1.844148	0.5967055	3.052509
29820	-3434.623	-3599.29	164.6667	1.346554	1.96274	0.6669715	3.499942
29826	-3439.864	-3603.344	163.4801	1.06436	1.96274	0.599598	4.395416
29832	-3436.239	-3600.473	164.2335	1.168082	1.96274	0.7537879	3.789661
29838	-3433.317	-3598.154	164.837	1.0675	1.748142	0.4946661	3.789661
29844	-3443.278	-3608.541	165.2628	1.284788	1.686349	0.5145379	3.421038
29850	-3447.57	-3612.852	165.2818	1.265738	1.686349	0.5145379	3.421038
29856	-3442.27	-3607.603	165.3328	1.252537	1.859162	0.5145379	3.333463
29862	-3432.327	-3597.892	165.5651	1.288221	1.859162	0.4552919	3.23443
29868	-3426.287	-3591.689	165.4017	1.533885	2.014585	0.600327	2.991668
29874	-3427.47	-3593.44	165.9706	1.455471	2.014585	0.600327	2.694014
29880	-3434.062	-3600.402	166.3399	1.429972	2.150734	0.356313	2.694014
29886	-3419.898	-3586.484	166.5865	1.646806	2.458151	0.5219247	2.108283
29892	-3424.267	-3591.987	167.72	1.836911	1.889009	0.4115702	1.543436
29898	-3427.594	-3595.505	167.9108	1.888154	2.114899	0.4096865	1.254115
29904	-3425.75	-3594.042	168.2916	1.963098	1.558975	0.3672796	1.235859
29910	-3431.5	-3599.756	168.2558	2.028773	1.558975	0.3672796	1.21057
29916	-3437.59	-3605.849	168.2593	1.987635	1.591975	0.4897237	1.018208
29922	-3434.62	-3603.088	168.4682	2.07626	1.442502	0.4210199	0.9496991
29928	-3431.678	-3599.701	168.023	2.138423	2.083289	0.4210199	0.9117822
29934	-3436.058	-3603.41	167.3519	1.690165	2.635319	0.4079577	1.632427
29940	-3430.388	-3598.135	167.7472	1.712429	1.860068	0.4079577	1.632427
29946	-3435.573	-3603.311	167.7386	1.730091	1.556206	0.4079577	1.769187
29952	-3424.666	-3592.46	167.794	1.712437	1.556206	0.4079577	1.742773
29958	-3421.777	-3589.528	167.7516	1.657446	1.793642	0.5377954	1.536366
29964	-3428.871	-3596.636	167.7642	1.679785	1.742432	0.5366085	1.536366
29970	-3415.94	-3583.311	167.3709	1.583423	1.742432	0.605245	1.811993
29976	-3422.51	-3589.947	167.4373	1.568111	1.675695	0.5574971	1.85614
29982	-3427.625	-3593.721	166.0952	1.371664	2.061885	0.6834647	2.58088
29988	-3444.026	-3610.154	166.1275	1.389986	1.975051	0.6834647	2.58088
29994	-3437.444	-3603.877	166.4324	1.46126	1.975051	0.5247619	2.490022
30000	-3430.398	-3596.502	166.1037	1.330761	2.055726	0.5247619	2.744838
30006	-3433.667	-3599.855	166.1885	1.400346	2.115436	0.5934327	2.564119
30012	-3433.9	-3599.516	165.616	1.356647	2.065743	0.5934327	2.957716
30018	-3430.638	-3596.539	165.9013	1.390333	1.764481	0.5056766	2.957716
30024	-3430.659	-3595.329	164.67	1.29486	1.724258	0.7217738	3.573327
30030	-3428.58	-3592.916	164.3362	1.140763	2.048591	0.4639913	3.959489
30036	-3442.666	-3606.133	163.4667	1.137521	2.048591	0.6035097	4.330052
30042	-3446.552	-3614.562	168.0099	1.958171	2.256355	0.3575222	1.130986
30048	-3428.342	-3596.371	168.0289	2.023357	2.256355	0.3575222	1.053285
30054	-3426.338	-3590.954	164.6157	1.241469	2.102868	0.683124	3.531031
30060	-3427.868	-3593.302	165.4343	1.427396	2.289692	0.5706299	2.970894
30066	-3425.24	-3591.407	166.1666	1.381442	2.289692	0.598809	2.525633
30072	-3421.815	-3587.864	166.049	1.489593	2.307753	0.598809	2.525633
30078	-3428.877	-3595.066	166.189	1.394308	2.307753	0.5686558	2.525633
30084	-3430.551	-3596.256	165.7052	1.331146	2.693948	0.5363191	2.776329
30090	-3428.511	-3594.722	166.2112	1.471043	2.479902	0.5855843	2.392637
30096	-3420.408	-3587.051	166.6426	1.498799	1.892985	0.5253201	2.36459
30102	-3417.22	-3583.978	166.7576	1.542409	1.892985	0.5253201	2.263443
30108	-3420.192	-3587.305	167.1133	1.534906	2.076191	0.4185788	2.08662
30114	-3433.414	-3600.101	166.6879	1.46634	2.076191	0.389048	2.440197
30120	-3436.67	-3603.62	166.9494	1.441084	2.30184	0.4809464	2.101958
30126	-3434.803	-3601.536	166.7325	1.60646	2.784907	0.523988	1.932966
30132	-3430.914	-3598.442	167.528	1.716327	2.351178	0.3845968	1.620223
30138	-3433.428	-3601.023	167.5956	1.740165	2.177283	0.4199675	1.571612
30144	-3432.141	-3599.063	166.9225	1.520914	2.177283	0.6289166	1.959838
30150	-3438.165	-3605.215	167.0501	1.640033	2.249978	0.350953	2.084113
30156	-3430.676	-3596.472	165.7959	1.381581	2.060808	0.4986832	2.924844
30162	-3424.489	-3590.474	165.9847	1.35451	2.223203	0.5019372	2.768739
30168	-3429.557	-3596.029	166.4718	1.457045	1.512405	0.5529356	2.629251
30174	-3421.503	-3587.467	165.9647	1.30379	2.114611	0.5021622	2.847853
30180	-3431.835	-3599.223	167.3881	1.657074	2.146412	0.38597	1.835666
30186	-3430.228	-3597.804	167.5756	1.599868	2.146412	0.3236489	1.835666
30192	-3433.274	-3600.695	167.4207	1.634958	2.146412	0.3346528	1.901004
30198	-3440.267	-3607.924	167.6569	1.664271	2.20106	0.3476688	1.676399
30204	-3448.451	-3615.948	167.4975	1.631715	2.006841	0.33527	1.904143
30210	-3438.146	-3604.499	166.3535	1.479848	2.006841	0.4191322	2.629146
30216	-3427.101	-3593.162	166.0611	1.424337	2.550875	0.4086836	2.677662
30222	-3433.537	-3600.006	166.4695	1.526389	2.65345	0.5632689	2.159482
30228	-3443.419	-3609.456	166.0372	1.475986	2.65345	0.5632689	2.467554
30234	-3444.838	-3610.653	165.815	1.380942	2.169346	0.6488868	2.739289
30240	-3427.413	-3593.075	165.6621	1.333898	1.904208	0.4491296	3.13986
30246	-3442.626	-3607.555	164.9293	1.309591	1.904208	0.5013729	3.532553
30252	-3439.969	-3605.11	165.141	1.312234	2.221512	0.459068	3.342846
30258	-3433.826	-3599.112	165.2862	1.292823	2.101186	0.4256723	3.343256
30264	-3438.127	-3603.002	164.8751	1.253628	2.171905	0.5970437	3.419831
30270	-3441.484	-3607.079	165.5949	1.176634	1.807401	0.39034	3.3729
30276	-3434.319	-3599.304	164.9848	1.162631	1.856083	0.4001088	3.707425
30282	-3438.506	-3603.87	165.364	1.158566	1.856083	0.458954	3.426385
30288	-3443.14	-3607.504	164.3644	1.115163	1.856083	0.5522908	3.941177
30294	-3427.452	-3591.169	163.7173	1.106492	1.856083	0.5522908	4.314282
30300	-3432.835	-3596.919	164.0836	1.222532	1.856083	0.5450363	4.046724
30306	-3423.789	-3588.624	164.8348	1.162303	2.028078	0.5450363	3.589676
30312	-3439.523	-3603.863	164.3396	1.07212	2.094031	0.5598742	3.892515
30318	-3430.611	-3595.794	165.1825	1.241008	2.093908	0.5492952	3.314445
30324	-3439.441	-3605.072	165.6311	1.179729	2.080955	0.5246261	3.112413
30330	-3442.605	-3607.47	164.865	1.198271	2.291803	0.5246261	3.485043
30336	-3435.221	-3599.895	164.6744	1.199721	2.206997	0.6864256	3.485043
30342	-3434.866	-3601.693	166.8271	1.475318	1.808529	0.3909925	2.445766
30348	-3432.704	-3599.658	166.9535	1.480512	1.797341	0.4985223	2.243777
30354	-3441.37	-3607.485	166.1145	1.548788	2.257482	0.6522712	2.416833
30360	-3447.205	-3612.867	165.6623	1.404064	1.816036	0.6522712	2.94148
30366	-3441.054	-3605.678	164.6243	1.286187	2.322625	0.4699496	3.617369
30372	-3430.907	-3596.707	165.7994	1.298439	1.826288	0.3830152	3.181852
30378	-3432.669	-3598.94	166.2716	1.388705	1.826288	0.6269259	2.59652
30384	-3430.677	-3596.119	165.4425	1.282135	2.159222	0.3530629	3.322494
30390	-3447.306	-3612.914	165.608	1.300231	1.859792	0.423933	3.235268
30396	-3446.992	-3613.02	166.0287	1.305737	1.632507	0.5018769	2.98868
30402	-3433.08	-3597.826	164.746	1.317155	2.749966	0.5656392	3.316258
30408	-3433.007	-3597.949	164.9417	1.215191	2.368615	0.581018	3.3559
30414	-3422.954	-3587.833	164.879	1.186432	2.233562	0.7254997	3.334942
30420	-3431.404	-3596.503	165.0995	1.250044	2.462326	0.6493892	3.156383
30426	-3432.018	-3596.474	164.4566	1.10109	2.814973	0.6493892	3.524352
30432	-3442.476	-3607.03	164.554	1.129446	2.13024	0.5508338	3.732424
30438	-3447.907	-3610.745	162.8373	1.188304	2.13024	0.7097594	4.548329
30444	-3446.878	-3609.528	162.6506	0.9806758	2.13024	0.7216335	4.76073
30450	-3437.906	-3600.576	162.6701	0.995634	2.13024	0.4712958	4.946986
30456	-3448.085	-3610.737	162.6517	0.9204194	2.13024	0.527818	4.946986
30462	-3449.327	-3613.397	164.0702	1.121345	1.872369	0.5278956	4.12164
30468	-3440.507	-3602.953	162.4462	0.915617	2.509635	0.5278956	4.953627
30474	-3448.187	-3612.125	163.9378	1.045757	1.761947	0.5296544	4.277732
30480	-3436.988	-3599.674	162.6862	1.020879	1.950727	0.6398671	4.836944
30486	-3429.163	-3594.456	165.2931	1.298095	1.823019	0.513933	3.343896
30492	-3418.771	-3583.663	164.8924	1.389642	2.168307	0.513933	3.406023
30498	-3424.109	-3590.144	166.035	1.348488	1.707542	0.4235385	3.010971
30504	-3415.714	-3582.67	166.9563	1.465975	1.721354	0.4668398	2.317202
30510	-3422.748	-3590.057	167.3088	1.58595	1.914914	0.4553824	1.941301
30516	-3447.266	-3613.302	166.0361	1.421543	2.401039	0.4553824	2.687813
30522	-3439.827	-3605.003	165.1761	1.327023	1.803345	0.3939366	3.527237
30528	-3436.331	-3601.528	165.1966	1.35961	1.803345	0.5103689	3.375161
30534	-3435.968	-3601.367	165.3994	1.345055	2.276886	0.5579513	3.056763
30540	-3431.998	-3597.654	165.656	1.367562	2.276886	0.5579513	2.888962
30546	-3436.829	-3603.113	166.2844	1.371649	2.645811	0.514789	2.427805
30552	-3425.738	-3591.595	165.8572	1.353051	2.645811	0.499755	2.719803
30558	-3437.92	-3602.809	164.889	1.323515	1.823004	0.8222973	3.3199
30564	-3437.306	-3601.562	164.2569	1.235622	1.823004	0.8222973	3.739406
30570	-3425.262	-3591.008	165.7465	1.486066	2.183905	0.8592823	2.551283
30576	-3427.98	-3593.707	165.7272	1.486066	2.065747	0.7009013	2.721731
30582	-3432.623	-3598.641	166.0179	1.506527	1.706501	0.6175773	2.735962
30588	-3423.087	-3589.629	166.5421	1.390794	1.850744	0.4322649	2.61084
30594	-3422.555	-3588.368	165.8131	1.335492	1.831162	0.5592182	2.967192
30600	-3418.115	-3584.369	166.2534	1.440156	2.07237	0.6695732	2.447246
30606	-3429.523	-3595.73	166.2076	1.397143	2.543459	0.5034923	2.502199
30612	-3435	-3600.135	165.1355	1.246833	2.249127	0.4604757	3.374311
30618	-3448.202	-3613.919	165.7173	1.263863	1.898052	0.4604757	3.139004
30624	-3437.44	-3603.246	165.8059	1.463849	2.197493	0.7059558	2.637771
30630	-3428.43	-3594.205	165.7751	1.457492	2.187169	0.739608	2.637771
30636	-3429.898	-3595.606	165.7073	1.198644	2.187169	0.4557813	3.089245
30642	-3433.057	-3598.67	165.6135	1.31089	2.187169	0.5055093	3.027691
30648	-3422.456	-3587.972	165.5156	1.345369	1.96476	0.5055093	3.141188
30654	-3424.1	-3588.983	164.8835	1.282827	1.96476	0.4687181	3.585678
30660	-3422.993	-3587.971	164.9778	1.244645	2.010916	0.4687181	3.537187
30666	-3433.89	-3598.918	165.0284	1.185477	1.694229	0.4687181	3.656954
30672	-3448.044	-3614.558	166.5137	1.389945	2.065662	0.4592619	2.519333
30678	-3448.252	-3614.533	166.2809	1.464728	1.739101	0.4592619	2.740119
30684	-3433.252	-3598.283	165.0302	1.230488	2.377962	0.5981691	3.277123
30690	-3434.234	-3599.782	165.5481	1.259949	1.828338	0.5040012	3.223532
30696	-3432.695	-3598.076	165.3808	1.363168	1.964919	0.6455236	3.085546
30702	-3450.699	-3617.67	166.9707	1.513501	1.964919	0.3923132	2.26775
30708	-3437.825	-3604.682	166.857	1.391866	1.964919	0.4422309	2.358162
30714	-3430.157	-3596.898	166.7414	1.508746	1.884897	0.5522032	2.271557
30720	-3423.101	-3590.315	167.2143	1.455032	1.849577	0.4103772	2.171137
30726	-3425.663	-3592.453	166.7902	1.539529	1.823964	0.4655317	2.335448
30732	-3427.635	-3594.74	167.1048	1.644903	1.857052	0.4655317	2.049918
30738	-3428.568	-3596.126	167.5575	1.655184	2.006721	0.4717114	1.663487
30744	-3436.296	-3603.866	167.5706	1.685889	2.041262	0.39263	1.720967
30750	-3443.035	-3610.764	167.7293	1.685889	1.801334	0.3858302	1.720967
30756	-3443.187	-3611.024	167.8369	1.651402	1.801334	0.3450893	1.728297
30762	-3442.918	-3610.457	167.5394	1.576423	2.208213	0.3556615	1.805973
30768	-3448.509	-3615.687	167.1773	1.528709	1.799784	0.3556615	2.238023
30774	-3437.971	-3604.762	166.7911	1.516319	2.043889	0.4601896	2.270991
30780	-3439.796	-3606.57	166.774	1.496822	1.798497	0.4601896	2.389007
30786	-3441.168	-3608.915	167.7479	1.618133	1.798497	0.3782678	1.767257
30792	-3444.078	-3610.791	166.7127	1.567321	2.034332	0.3610976	2.411558
30798	-3439.08	-3606.286	167.2062	1.513928	2.034332	0.3636493	2.125785
30804	-3434.873	-3602.414	167.5409	1.687453	2.020596	0.525862	1.581471
30810	-3442.15	-3608.643	166.4933	1.413411	2.302254	0.491787	2.40113
30816	-3441.321	-3607.292	165.9712	1.518742	2.297701	0.5928909	2.564571
30822	-3434.473	-3601.404	166.9313	1.686238	2.685537	0.4790384	1.824673
30828	-3439.97	-3607.609	167.6383	1.692415	2.192928	0.4790384	1.490814
30834	-3439.222	-3605.172	165.9502	1.310177	2.031501	0.3692984	3.02748
30840	-3442.262	-3607.705	165.4427	1.310177	2.031501	0.5449963	3.144661
30846	-3423.319	-3588.956	165.6365	1.310177	2.199912	0.3918311	3.131538
30852	-3433.173	-3598.732	165.5595	1.257692	1.51495	0.4054106	3.445512
30858	-3433.378	-3599.113	165.735	1.285742	1.587383	0.5935288	3.109929
30864	-3424.273	-3590.336	166.0625	1.193949	1.763804	0.5341412	2.951623
30870	-3440.002	-3604.979	164.9771	1.276849	1.956209	0.5341412	3.47467
30876	-3431.974	-3596.982	165.0084	1.20766	2.02527	0.5341412	3.473058
30882	-3442.612	-3609.655	167.0431	1.583078	2.106327	0.6391007	1.85307
30888	-3432.294	-3599.376	167.082	1.591738	1.95311	0.5751533	1.943678
30894	-3439.742	-3605.979	166.2361	1.400045	2.166166	0.5751533	2.534018
30900	-3436.252	-3601.815	165.5636	1.264892	1.841719	0.5751533	3.140219
30906	-3440.449	-3606.003	165.5536	1.217616	1.91627	0.4125464	3.308207
30912	-3426.593	-3591.292	164.6997	1.266933	2.333975	0.6326769	3.434245
30918	-3434.087	-3598.711	164.6233	1.189685	2.239779	0.7587207	3.456702
30924	-3434.61	-3597.287	162.6766	0.9053321	2.057477	0.520795	4.970697
30930	-3450.053	-3614.717	164.6643	1.317056	1.731338	0.5000524	3.746505
30936	-3432.083	-3597.405	165.3227	1.275701	1.731338	0.5000524	3.387656
30942	-3431.869	-3597.226	165.3566	1.383931	2.07164	0.7193335	2.991814
30948	-3435.326	-3601.817	166.4913	1.517533	2.063039	0.7193335	2.208324
30954	-3429.429	-3595.846	166.4167	1.365006	2.01683	0.421685	2.654455
30960	-3418.051	-3584.842	166.7908	1.610079	2.406646	0.4620909	2.080928
30966	-3415.373	-3582.516	167.143	1.598178	1.79939	0.3670325	2.200366
30972	-3423.682	-3591.28	167.598	1.651422	1.772457	0.3670325	1.87481
30978	-3423.077	-3590.072	166.9945	1.609641	1.942451	0.5736715	1.99613
30984	-3440.466	-3607.524	167.0576	1.540068	1.87831	0.3986637	2.220555
30990	-3437.77	-3604.364	166.5933	1.499574	1.96588	0.398169	2.507728
30996	-3439.944	-3607.295	167.3515	1.610132	1.936455	0.398169	1.958582
31002	-3436.054	-3602.696	166.6429	1.482685	2.122178	0.5803819	2.234728
31008	-3442.959	-3607.539	164.5803	1.228813	2.052102	0.403327	3.831358
31014	-3430.268	-3594.861	164.5939	1.174138	2.153664	0.4081525	3.816757
31020	-3429.953	-3595.519	165.5662	1.300982	2.153664	0.4081525	3.175133
31026	-3435.394	-3598.98	163.5855	1.22007	2.501748	0.4417994	4.227241
31032	-3437.699	-3601.961	164.2621	1.18622	2.419713	0.5492634	3.780914
31038	-3444.863	-3609.765	164.9011	1.121552	1.902528	0.5492634	3.614371
31044	-3441.315	-3606.392	165.0768	1.250917	1.846769	0.4147935	3.590157
31050	-3449.207	-3614.027	164.8193	1.148466	2.173687	0.4130933	3.68974
31056	-3447.693	-3612.856	165.1636	1.23559	2.036822	0.4688733	3.425044
31062	-3445.956	-3612.641	166.6855	1.374391	1.970658	0.364741	2.567941
31068	-3452.519	-3618.612	166.0933	1.366843	1.72298	0.364741	3.027537
31074	-3437.157	-3602.799	165.6418	1.317672	1.92639	0.6539939	2.963348
31080	-3436.472	-3601.906	165.434	1.240071	1.938965	0.503607	3.262948
31086	-3435.367	-3600.841	165.4735	1.220137	1.938965	0.4475598	3.308
31092	-3433.93	-3598.973	165.0437	1.262678	2.340667	0.5422915	3.311139
31098	-3431.892	-3596.78	164.888	1.250559	1.993981	0.5171121	3.544746
31104	-3442.617	-3607.551	164.9345	1.250857	1.993981	0.4886964	3.544746
31110	-3453.659	-3618.15	164.4907	1.432419	1.993981	0.4886964	3.696879
31116	-3437.3	-3602.697	165.3966	1.27705	1.993981	0.4219411	3.327996
31122	-3434.878	-3598.378	163.4999	1.215284	2.192641	0.7006766	4.145908
31128	-3431.264	-3595.386	164.1227	1.26139	1.799919	0.4313407	4.131634
31134	-3440.783	-3604.667	163.8838	1.129375	1.903323	0.6224453	4.131634
31140	-3420.968	-3585.536	164.5675	1.056768	2.270234	0.4823848	3.786466
31146	-3430.512	-3595.19	164.6786	1.188045	2.270234	0.3533821	3.786466
31152	-3445.938	-3608.713	162.7751	0.9826804	2.860132	0.7088343	4.496546
31158	-3439.799	-3602.9	163.1017	1.062663	2.259183	0.6383937	4.484496
31164	-3450.326	-3613.876	163.5498	1.026191	1.836961	0.5255595	4.484496
31170	-3430.779	-3593.952	163.1732	1.135175	1.87094	0.6966871	4.484496
31176	-3437.235	-3600.52	163.2847	1.032963	1.732361	0.4344404	4.753988
31182	-3438.675	-3601.915	163.2408	1.161876	2.29152	0.4228265	4.534607
31188	-3444.214	-3609.553	165.3382	1.196608	1.952739	0.4315581	3.413444
31194	-3422.632	-3587.227	164.5949	1.175485	1.915542	0.3861106	3.919082
31200	-3430.527	-3593.979	163.4521	1.204095	2.147013	0.5029751	4.356904
31206	-3429.673	-3594.41	164.737	1.223417	1.772502	0.6575087	3.606749
31212	-3430.005	-3594.862	164.8564	1.244775	2.079796	0.5095685	3.544755
31218	-3438.29	-3603.909	165.619	1.350069	2.079796	0.5095685	3.032816
31224	-3430.178	-3594.558	164.3798	1.210678	2.079796	0.4984643	3.850619
31230	-3426.495	-3591.358	164.8632	1.355372	2.079796	0.6571067	3.347716
31236	-3431.877	-3597.332	165.4545	1.270096	1.702225	0.572582	3.257435
31242	-3434.147	-3597.842	163.695	1.019307	2.18934	0.4553891	4.356724
31248	-3436.324	-3600.096	163.7716	1.029776	2.641169	0.3968117	4.239232
31254	-3440.025	-3605.523	165.4979	1.271904	2.773349	0.4541719	2.998303
31260	-3435.878	-3600.537	164.6584	1.208	1.852629	0.6087268	3.671363
31266	-3436.896	-3601.382	164.4862	1.235792	2.149579	0.5881826	3.671363
31272	-3432.064	-3594.329	162.2651	1.037063	1.783199	0.8959725	4.945811
31278	-3431.219	-3594.481	163.2614	1.152114	1.844771	0.8657339	4.319566
31284	-3427.999	-3590.81	162.8113	1.177021	1.844771	0.6911631	4.677302
31290	-3424.679	-3588.587	163.9084	1.215755	2.013268	0.5798883	4.066245
31296	-3423.266	-3587.948	164.6821	1.213869	2.013268	0.455291	3.739247
31302	-3424.609	-3590.826	166.2169	1.309286	1.988627	0.4331618	2.808025
31308	-3422.859	-3589.409	166.5494	1.464455	1.919075	0.5086573	2.452023
31314	-3443.552	-3610.691	167.14	1.648615	2.279879	0.5325699	1.784549
31320	-3435.391	-3600.93	165.5388	1.333339	2.308221	0.5086573	3.017108
31326	-3434.445	-3599.509	165.064	1.349725	2.308221	0.5390871	3.260809
31332	-3423.86	-3589.131	165.2708	1.379607	2.308221	0.3616274	3.308551
31338	-3416.826	-3582.98	166.1539	1.294439	1.871907	0.4698973	2.858478
31344	-3424.243	-3590.277	166.0337	1.361247	1.871907	0.5410615	2.819903
31350	-3431.044	-3598.87	167.8254	1.780048	1.924693	0.4658132	1.416096
31356	-3428.57	-3596.722	168.1525	1.764928	1.773883	0.3515308	1.416096
31362	-3429.988	-3594.904	164.9155	1.229695	1.951121	0.6519289	3.438858
31368	-3436.993	-3601.924	164.9312	1.329367	1.951121	0.3831018	3.627645
31374	-3432.766	-3598.026	165.2595	1.318546	1.98973	0.5544456	3.254023
31380	-3436.745	-3602.391	165.6465	1.431293	1.98973	0.5544456	2.95615
31386	-3446.717	-3612.052	165.3352	1.351591	2.411876	0.5429994	3.063246
31392	-3432.092	-3597.351	165.2587	1.424912	2.051195	0.718576	3.033581
31398	-3442.724	-3608.072	165.3475	1.468049	2.051195	0.718576	2.954373
31404	-3438.134	-3604.104	165.9695	1.398381	2.181969	0.5618834	2.706802
31410	-3448.63	-3613.664	165.0347	1.566154	2.093412	0.9266262	2.923824
31416	-3432.794	-3598.496	165.7017	1.408639	1.915468	0.5982656	2.923824
31422	-3440.078	-3605.003	164.9248	1.137982	2.270107	0.5759924	3.445608
31428	-3441.331	-3606.683	165.3513	1.264453	2.270107	0.5759924	3.119378
31434	-3439.513	-3605.341	165.8271	1.444785	2.259142	0.6965808	2.623458
31440	-3431.683	-3597.4	165.7173	1.295299	2.259142	0.5126054	2.944403
31446	-3437.239	-3602.126	164.8863	1.335983	2.519108	0.5483997	3.302204
31452	-3420.163	-3586.485	166.3222	1.396955	2.002313	0.3479132	2.78751
31458	-3421.218	-3586.741	165.5231	1.272839	2.002313	0.4985017	3.173484
31464	-3439.555	-3604.733	165.1785	1.293141	2.403918	0.4936773	3.240826
31470	-3425.775	-3592.233	166.458	1.385238	1.517694	0.6193275	2.619065
31476	-3434.309	-3600.91	166.6017	1.322271	1.517694	0.4467445	2.738012
31482	-3434.296	-3601.249	166.9524	1.698485	1.894465	0.5924413	1.965671
31488	-3434.663	-3601.918	167.2551	1.690574	1.844809	0.430865	1.965671
31494	-3435.43	-3600.842	165.4116	1.42725	1.985056	0.5578349	3.097832
31500	-3449.58	-3615.029	165.4493	1.420603	1.933025	0.5578349	3.097832
31506	-3435.553	-3600.869	165.316	1.275757	2.121547	0.6351061	3.131052
31512	-3437.741	-3603.306	165.5646	1.178227	2.086769	0.5457912	3.131052
31518	-3419.532	-3585.343	165.8108	1.217782	1.726515	0.5457912	3.091776
31524	-3438.628	-3602.718	164.0901	1.322312	1.803144	0.5929942	3.96365
31530	-3438.07	-3602.04	163.9701	1.124048	1.740261	0.5929942	4.16825
31536	-3446.277	-3610.619	164.3427	1.023549	2.215645	0.5084575	3.92658
31542	-3431.829	-3595.083	163.2539	1.236875	1.928331	0.8537177	4.254358
31548	-3437.147	-3602.857	165.7106	1.305545	1.549207	0.4949306	3.220064
31554	-3430.096	-3595.494	165.3984	1.257377	1.549207	0.3682618	3.567905
31560	-3435.464	-3598.79	163.3254	1.2216	1.718908	0.5478323	4.523782
31566	-3441.619	-3604.621	163.0028	1.0761	1.718908	0.4076243	4.919926
31572	-3444.759	-3607.669	162.9098	1.251739	2.01892	0.4076243	4.770236
31578	-3437.208	-3601.853	164.6458	1.048262	1.623325	0.4033095	4.051645
31584	-3432.1	-3595.372	163.272	0.9960604	1.858237	0.7003692	4.508883
31590	-3435.786	-3600.792	165.0052	1.24703	1.958095	0.4456075	3.561691
31596	-3433.233	-3598.208	164.9751	1.213466	2.009699	0.5039169	3.522742
31602	-3444.573	-3608.607	164.0339	1.026183	1.97632	0.5888351	4.107611
31608	-3441.049	-3605.336	164.2874	1.177975	1.600828	0.5888351	4.013936
31614	-3429.192	-3595.172	165.9799	1.403731	2.174076	0.5229834	2.737006
31620	-3428.064	-3593.626	165.5619	1.338368	1.660192	0.6171032	3.131422
31626	-3423.647	-3589.585	165.9377	1.419886	1.845329	0.516619	2.876138
31632	-3434.51	-3600.709	166.1988	1.301044	1.985549	0.4623679	2.79343
31638	-3434.744	-3600.154	165.4102	1.402503	1.930068	0.4848833	3.202578
31644	-3430.807	-3596.2	165.3932	1.295978	2.087566	0.5528585	3.156185
31650	-3429.138	-3594.509	165.3704	1.459167	1.851286	0.5528585	3.156185
31656	-3440.259	-3605.506	165.2469	1.36536	2.430501	0.4849339	3.15824
31662	-3442.733	-3607.964	165.2306	1.317578	2.526962	0.4849339	3.167931
31668	-3439.945	-3606.502	166.557	1.522164	2.224619	0.4849339	2.325305
31674	-3444.419	-3611.829	167.41	1.654575	1.811136	0.5589748	1.7524
31680	-3446.454	-3614.034	167.5797	1.757796	1.811136	0.4912473	1.635611
31686	-3439.856	-3606.847	166.9916	1.545222	1.940788	0.468718	2.152371
31692	-3445.052	-3610.491	165.439	1.233897	2.020184	0.4835695	3.254974
31698	-3442.05	-3606.329	164.2794	1.171132	1.965741	0.4922991	3.97475
31704	-3445.329	-3609.263	163.9338	1.064271	1.965741	0.4922991	4.232337
31710	-3431.667	-3595.895	164.2287	1.292731	1.965741	0.5818825	3.85323
31716	-3443.794	-3608.732	164.9376	1.259688	1.965741	0.4276285	3.609888
31722	-3442.043	-3607.099	165.0558	1.29031	1.762586	0.487548	3.535355
31728	-3418.271	-3583.539	165.2684	1.202431	1.865366	0.4554153	3.456942
31734	-3424.791	-3589.446	164.6549	1.199858	1.837427	0.6546883	3.646301
31740	-3426.713	-3593.546	166.8329	1.486799	1.974719	0.535827	2.208334
31746	-3431.29	-3597.495	166.2049	1.461172	1.974719	0.6776147	2.493271
31752	-3432.72	-3597.723	165.0026	1.346114	1.782188	0.7512484	3.305004
31758	-3429.537	-3594.419	164.8819	1.237116	2.291041	0.5663547	3.414678
31764	-3424.362	-3589.023	164.6611	1.219509	2.102743	0.5663547	3.613484
31770	-3433.374	-3598.478	165.1041	1.281134	2.801924	0.5663547	3.110951
31776	-3429.212	-3595.451	166.2384	1.424958	1.867017	0.6000718	2.602636
31782	-3431.838	-3597.893	166.0547	1.329065	2.57526	0.4995507	2.633951
31788	-3417.844	-3584.459	166.6146	1.552154	2.068474	0.4995507	2.30913
31794	-3413.122	-3580.143	167.0214	1.522639	1.922147	0.4995507	2.120967
31800	-3442.78	-3608.832	166.0513	1.296824	2.097324	0.4914806	2.816174
31806	-3450.923	-3617.081	166.1579	1.336405	1.572989	0.6995651	2.742137
31812	-3447.91	-3614.14	166.2305	1.213769	1.653326	0.4749375	2.941306
31818	-3449.785	-3615.703	165.918	1.213769	1.861833	0.5863358	2.941306
31824	-3436.062	-3602.597	166.5348	1.4146	2.019789	0.4593782	2.507189
31830	-3435.32	-3601.757	166.437	1.468517	2.37291	0.4593782	2.41381
31836	-3445.589	-3611.8	166.2109	1.488153	2.37291	0.4593782	2.543094
31842	-3443.809	-3608.751	164.9417	1.106324	1.551276	0.6227959	3.670919
31848	-3437.024	-3602.479	165.4553	1.24981	1.614984	0.4377441	3.43431
31854	-3444.125	-3608.567	164.442	1.202987	1.744118	0.6152756	3.833575
31860	-3443.598	-3608.471	164.873	1.16041	1.744118	0.596887	3.624659
31866	-3449.828	-3613.713	163.8856	1.233482	2.590842	0.6153898	3.865454
31872	-3445.377	-3611.133	165.7565	1.252617	2.035646	0.4557	3.078633
31878	-3444.421	-3610.598	166.1769	1.420933	2.076226	0.4557	2.708572
31884	-3434.379	-3600.521	166.1419	1.37862	2.076226	0.545109	2.665175
31890	-3429.88	-3595.125	165.2458	1.208804	1.912789	0.6342405	3.285073
31896	-3436.013	-3602.411	166.398	1.35541	1.793622	0.5405041	2.631061
31902	-3452.202	-3618.968	166.7657	1.526558	1.884443	0.5183121	2.27896
31908	-3445.807	-3613.08	167.2732	1.542321	1.913538	0.383453	2.08395
31914	-3438.34	-3605.455	167.1154	1.653948	2.596807	0.4235899	1.81671
31920	-3443.461	-3611.029	167.568	1.653948	1.668795	0.4338663	1.852291
31926	-3435.812	-3603.807	167.995	1.733681	1.773091	0.4866645	1.365984
31932	-3441.567	-3609.048	167.4808	1.684732	1.773091	0.5038393	1.759935
31938	-3448.663	-3616.879	168.2154	1.769331	1.555414	0.5038393	1.255133
31944	-3456.373	-3624.519	168.146	1.898442	1.555414	0.5038393	1.2048
31950	-3445.174	-3613.206	168.0321	1.76922	2.075532	0.4524908	1.2048
31956	-3436.41	-3604.442	168.0323	1.898919	2.072539	0.4374854	1.115772
31962	-3440.002	-3608.165	168.1627	1.95865	2.043282	0.4374854	0.9472119
31968	-3445.81	-3613.902	168.0912	1.876795	2.043282	0.4374854	1.097534
31974	-3431.518	-3599.172	167.6542	1.786437	2.043282	0.4538029	1.504202
31980	-3433.872	-3602.107	168.2342	1.773285	1.524851	0.4538029	1.324121
31986	-3440.282	-3607.374	167.0916	1.518599	2.015569	0.4538029	2.092493
31992	-3447.533	-3614.693	167.1606	1.646362	1.960496	0.4538029	1.983656
31998	-3435.897	-3603.066	167.1687	1.568192	2.052474	0.4538029	1.994495
32004	-3433.07	-3599.485	166.4149	1.409467	2.057179	0.5597714	2.469218
32010	-3427.92	-3594.28	166.3596	1.586282	2.424512	0.5504829	2.276219
32016	-3432.951	-3599.453	166.5013	1.330418	1.940407	0.4010667	2.675518
32022	-3438.576	-3603.997	165.4208	1.319303	1.99974	0.5874986	3.124957
32028	-3425.309	-3590.875	165.5661	1.351172	1.923925	0.5027677	3.124957
32034	-3437.278	-3601.941	164.6633	1.291057	2.693927	0.5356314	3.422478
32040	-3426.229	-3591.11	164.8812	1.31206	2.677225	0.4633156	3.357123
32046	-3428.427	-3593.817	165.3893	1.33995	2.677225	0.3828992	3.12859
32052	-3421.623	-3587.856	166.2326	1.347503	1.7527	0.6151685	2.685345
32058	-3438.294	-3604.18	165.8864	1.486928	2.093736	0.6151685	2.685345
32064	-3437.1	-3602.831	165.7309	1.342497	2.093736	0.4360036	3.041379
32070	-3420.852	-3586.201	165.3493	1.245694	1.690798	0.4360036	3.470332
32076	-3416.333	-3581.483	165.1497	1.233417	2.15182	0.3996019	3.470332
32082	-3427.02	-3590.765	163.7447	1.198941	2.601861	0.401823	4.163551
32088	-3435.382	-3599.528	164.1465	1.164518	2.290082	0.4904701	3.952466
32094	-3425.679	-3590.019	164.3401	1.261875	1.853225	0.6924755	3.757482
32100	-3428.168	-3594.065	165.8967	1.244674	1.403708	0.4142829	3.294281
32106	-3424.612	-3589.512	164.9004	1.325299	2.305611	0.6646391	3.264832
32112	-3426.379	-3590.57	164.1909	1.270205	2.10094	0.4207435	3.996027
32118	-3424.14	-3589.119	164.9795	1.17851	1.951294	0.5222034	3.543359
32124	-3434.644	-3598.984	164.3402	1.16133	1.892139	0.5222034	3.942949
32130	-3430.665	-3595.756	165.0904	1.214038	1.799935	0.5222034	3.512481
32136	-3426.452	-3591.238	164.7865	1.210072	2.128434	0.5222034	3.577759
32142	-3439.437	-3604.323	164.8867	1.314282	2.063827	0.4906049	3.51015
32148	-3443.081	-3608.006	164.9255	1.26102	2.019971	0.4889685	3.534954
32154	-3428.02	-3594.924	166.9043	1.625476	1.835214	0.6726562	1.996053
32160	-3419.732	-3587.411	167.6798	1.721358	1.835214	0.4276195	1.659138
32166	-3424.114	-3590.846	166.7322	1.554541	2.199708	0.4276195	2.265802
32172	-3427.938	-3594.502	166.5635	1.481505	1.977947	0.4620721	2.459741
32178	-3423.028	-3589.694	166.6662	1.471801	1.977947	0.4620721	2.401229
32184	-3417.102	-3583.005	165.9037	1.432651	2.068079	0.6538451	2.683847
32190	-3437.278	-3602.386	165.1081	1.314074	1.851893	0.4897435	3.455725
32196	-3428.726	-3594.398	165.6724	1.286303	1.940184	0.5117261	3.08568
32202	-3438.906	-3604.585	165.6784	1.237351	1.98512	0.4587991	3.148547
32208	-3441.523	-3607.21	165.6871	1.256376	2.35524	0.4403549	3.029955
32214	-3439.353	-3605.038	165.6842	1.287335	1.868731	0.5823213	3.038505
32220	-3442.827	-3609.224	166.3967	1.576574	2.741491	0.6053207	2.106951
32226	-3440.912	-3607.665	166.7527	1.628257	2.467214	0.6053207	1.922663
32232	-3431.63	-3596.533	164.9025	1.525011	2.148264	0.8338213	3.070674
32238	-3433.13	-3598.469	165.3392	1.648625	2.148264	1.292125	2.458266
32244	-3446.565	-3611.35	164.7854	1.587055	2.273413	1.1804	2.854283
32250	-3440.544	-3604.941	164.3969	1.415174	2.273413	1.13545	3.213919
32256	-3439.637	-3603.696	164.0582	1.157742	2.187747	0.7071729	3.856433
32262	-3434.51	-3598.249	163.7391	1.158728	2.187747	0.6294143	4.098293
32268	-3441.224	-3605.373	164.1494	1.23221	1.794916	0.5242342	4.044385
32274	-3441.09	-3606.533	165.4432	1.22307	1.89741	0.4936327	3.292125
32280	-3433.92	-3598.954	165.0347	1.398851	1.89741	0.6193323	3.315375
32286	-3442.547	-3607.069	164.5217	1.26682	1.626607	0.5490023	3.853013
32292	-3456.375	-3622.058	165.6826	1.50649	2.788539	0.5899243	2.605877
32298	-3472.173	-3638.63	166.4571	1.43396	2.291426	0.6650146	2.249345
32304	-3443.93	-3608.9	164.9702	1.316952	2.307279	0.5040911	3.368678
32310	-3430.775	-3596.085	165.3102	1.328529	2.307279	0.4683789	3.196828
32316	-3446.629	-3610.893	164.2641	1.09626	2.046184	0.3793044	4.116855
32322	-3444.572	-3611.19	166.6188	1.473003	2.28356	0.33086	2.483621
32328	-3444.661	-3609.237	164.5768	1.362062	2.104828	0.6852234	3.481152
32334	-3449.438	-3613.86	164.4223	1.280339	3.041898	0.534324	3.481152
32340	-3457.886	-3622.707	164.8211	1.421432	2.446622	0.9288669	3.024902
32346	-3432.372	-3598.474	166.1025	1.325794	1.960144	0.519305	2.78809
32352	-3434.414	-3599.687	165.2731	1.274659	2.141111	0.585791	3.192734
32358	-3422.602	-3588.193	165.5906	1.264332	1.642033	0.585791	3.192734
32364	-3425.536	-3591.418	165.8823	1.258463	1.642033	0.5327272	3.070926
32370	-3429.293	-3596.493	167.2	1.420822	1.815704	0.3855674	2.247285
32376	-3432.739	-3599.732	166.9929	1.409347	1.771023	0.4329077	2.34776
32382	-3431.857	-3596.455	164.5981	1.213276	1.903758	0.5067841	3.775252
32388	-3429.545	-3595.33	165.7853	1.203311	2.124619	0.5117393	3.003829
32394	-3422.983	-3589.777	166.7937	1.396188	1.670372	0.4698149	2.48225
32400	-3428.195	-3594.619	166.4243	1.49481	1.920236	0.5522224	2.467664
32406	-3434.708	-3601.109	166.4011	1.478466	2.308331	0.4445954	2.467664
32412	-3444.537	-3610.922	166.385	1.450889	1.740006	0.4424985	2.702754
32418	-3421.78	-3587.761	165.9805	1.425095	2.286712	0.5065177	2.702754
32424	-3436.414	-3602.411	165.9971	1.408405	2.588105	0.4198985	2.702754
32430	-3431.678	-3597.171	165.493	1.37258	2.554286	0.5536899	2.903607
32436	-3427.619	-3594.877	167.2589	1.5246	1.835904	0.5082575	1.988356
32442	-3428.18	-3595.383	167.2029	1.54369	2.063805	0.4198506	2.024764
32448	-3433.481	-3600.992	167.5104	1.553455	1.666316	0.4198506	1.97791
32454	-3441.429	-3606.359	164.9309	1.217275	2.167186	0.3998905	3.601869
32460	-3428.984	-3593.248	164.2644	1.22262	2.167186	0.6612777	3.741817
32466	-3426.009	-3591.848	165.8392	1.428993	1.916202	0.5800033	2.844321
32472	-3424.014	-3590.158	166.1443	1.476309	2.094844	0.5800033	2.56394
32478	-3417.828	-3583.64	165.8117	1.450981	2.466003	0.4147106	2.832166
32484	-3434.772	-3601.659	166.8875	1.438304	1.739603	0.3933418	2.456082
32490	-3426.819	-3593.445	166.6256	1.529545	2.197683	0.5758873	2.193074
32496	-3428.766	-3594.483	165.7173	1.69403	2.583742	0.8584768	2.31053
32502	-3433.098	-3598.792	165.6939	1.543265	2.339242	0.8500433	2.503341
32508	-3434.811	-3600.562	165.7505	1.452152	2.339242	0.8500433	2.524836
32514	-3437.879	-3604.068	166.1893	1.416259	2.277646	0.49126	2.598066
32520	-3440.571	-3607.107	166.5359	1.393763	1.617668	0.49126	2.643673
32526	-3440.853	-3606.497	165.6438	1.427273	2.071978	0.5930973	2.896504
32532	-3440.072	-3605.816	165.7446	1.377028	2.179237	0.5930973	2.829533
32538	-3432.862	-3599.005	166.1428	1.445677	1.818858	0.5812592	2.684491
32544	-3420.978	-3587.834	166.856	1.558874	1.897739	0.4052663	2.321935
32550	-3418.938	-3586.029	167.0913	1.635877	1.647577	0.331398	2.321935
32556	-3431.52	-3598.557	167.0362	1.592969	1.838913	0.2918596	2.361875
32562	-3430.508	-3595.919	165.4107	1.327063	1.863182	0.5816682	3.180425
32568	-3423.455	-3590.047	166.5918	1.482101	1.863182	0.3902659	2.567963
32574	-3431.895	-3598.256	166.3607	1.488002	2.25502	0.3902659	2.567963
32580	-3417.126	-3583.103	165.9772	1.370562	2.098019	0.3902659	2.926964
32586	-3423.873	-3588.752	164.8788	1.293223	2.098019	0.5082696	3.498665
32592	-3418.098	-3583.274	165.1766	1.218263	1.952	0.4425729	3.483824
32598	-3420.447	-3585.081	164.6338	1.253138	2.157384	0.6709114	3.505452
32604	-3435.858	-3601.422	165.5642	1.282305	2.199134	0.4658972	3.110268
32610	-3425.633	-3590.725	165.0921	1.22515	2.26393	0.442449	3.426574
32616	-3432.846	-3598.396	165.5497	1.236631	1.919053	0.6341621	3.086117
32622	-3427.662	-3592.527	164.8648	1.356505	1.919053	0.3753684	3.670536
32628	-3430.441	-3595.008	164.5662	1.239216	2.102135	0.5513928	3.670536
32634	-3444.481	-3608.555	164.0734	1.096443	2.102135	0.5513928	4.035736
32640	-3437.561	-3601.66	164.0991	1.096443	2.123769	0.5272505	4.035736
32646	-3430.142	-3593.947	163.805	1.277445	2.103222	0.6097188	4.035736
32652	-3419.733	-3585.832	166.0996	1.355239	1.840658	0.6127176	2.729864
32658	-3438.318	-3604.368	166.0501	1.453648	1.766908	0.6306433	2.713107
32664	-3424.33	-3590.846	166.5158	1.4241	2.278459	0.4093097	2.480448
32670	-3432.202	-3599.08	166.8786	1.471842	2.278459	0.4047879	2.225222
32676	-3427.816	-3593.124	165.3079	1.327999	1.574882	0.6313991	3.310915
32682	-3438.769	-3602.986	164.218	1.113238	2.503112	0.4156241	3.954841
32688	-3437.109	-3600.446	163.3371	1.065946	2.062218	0.6403997	4.409748
32694	-3444.945	-3609.002	164.0568	1.104071	2.5897	0.4863961	3.956334
32700	-3435.445	-3599.613	164.1676	1.165345	2.111723	0.5788316	3.91558
32706	-3435.198	-3599.633	164.4355	1.132208	2.102655	0.5788316	3.78359
32712	-3438.937	-3602.718	163.7815	1.070311	2.024218	0.5788316	4.218398
32718	-3441.06	-3604.857	163.7964	1.034214	2.319008	0.489595	4.218398
32724	-3448.896	-3612.618	163.7213	1.242391	2.387846	0.352182	4.268533
32730	-3448.729	-3612.476	163.7465	1.094863	2.387846	0.6175133	4.079882
32736	-3437.005	-3600.789	163.7848	1.225036	1.839398	0.3691547	4.397443
32742	-3439.626	-3603.741	164.1155	1.140559	2.556706	0.6567771	3.762858
32748	-3423.762	-3587.261	163.4992	1.175772	2.124293	0.724107	4.173097
32754	-3442	-3606.279	164.2793	1.120083	2.086554	0.6194753	3.851652
32760	-3448.073	-3611.884	163.8112	1.102636	1.919307	0.3865094	4.404218
32766	-3436.504	-3599.995	163.4908	1.137803	2.352219	0.4089826	4.404218
32772	-3424.765	-3590.946	166.1818	1.358053	2.205026	0.4600253	2.69555
32778	-3432.265	-3598.653	166.3877	1.478161	1.807632	0.4600253	2.638368
32784	-3429.076	-3593.141	164.0654	1.173172	2.034018	0.6579073	3.930515
32790	-3431.252	-3594.99	163.7382	1.271473	2.034018	0.7428341	3.998257
32796	-3437.439	-3600.446	163.0071	1.150759	1.661151	0.4108631	4.894081
32802	-3440.331	-3606.53	166.1988	1.473895	1.844286	0.6426952	2.568185
32808	-3444.573	-3611.174	166.6013	1.403652	1.844286	0.4692877	2.527809
32814	-3436.97	-3602.263	165.2929	1.2811	1.90984	0.5590995	3.280469
32820	-3444.499	-3610.704	166.2052	1.277778	1.825637	0.5033585	2.820741
32826	-3436.424	-3603.297	166.8733	1.472488	1.825637	0.5033585	2.283733
32832	-3438.14	-3603.999	165.8589	1.557961	2.727664	0.7145015	2.37371
32838	-3440.756	-3605.743	164.9871	1.442199	2.871806	0.6839329	2.966503
32844	-3441.012	-3605.966	164.9536	1.440113	3.127889	0.6839329	2.922387
32850	-3430.361	-3595.883	165.5219	1.37058	2.420075	0.5429869	2.937388
32856	-3434.974	-3600.818	165.8438	1.349253	2.151459	0.4478117	2.937388
32862	-3432.529	-3597.656	165.1262	1.204701	1.852868	0.5153213	3.48408
32868	-3443.907	-3609.007	165.1	1.101735	1.574617	0.4921742	3.68846
32874	-3451.872	-3615.065	163.1928	1.070779	1.586625	0.6456364	4.653243
32880	-3432.1	-3596.199	164.0989	1.136937	1.780288	0.5918238	4.073807
32886	-3437.927	-3602.48	164.5524	1.288306	1.863436	0.5918238	3.696583
32892	-3442.354	-3608.204	165.8502	1.556009	1.991242	0.7014059	2.629242
32898	-3436.208	-3601.668	165.4599	1.334368	1.710008	0.611653	3.179208
32904	-3431.063	-3597.275	166.2115	1.466991	1.945192	0.5014825	2.658075
32910	-3444.144	-3607.933	163.7887	1.278759	1.83096	0.5849447	4.157072
32916	-3437.141	-3601.168	164.0272	1.211074	2.181799	0.5849447	3.942337
32922	-3421.545	-3586.628	165.0825	1.190837	2.304344	0.4547127	3.427009
32928	-3425.219	-3590.963	165.7441	1.248548	2.152673	0.4547127	3.049906
32934	-3422.837	-3587.661	164.8247	1.238819	2.289779	0.6932986	3.342835
32940	-3427.906	-3592.986	165.0795	1.235733	2.113515	0.5300157	3.38932
32946	-3432.302	-3598.332	166.0296	1.38756	2.113515	0.3712725	2.902648
32952	-3428.88	-3595.79	166.9096	1.3282	1.64693	0.3712725	2.577017
32958	-3436.067	-3602.115	166.0482	1.501591	2.102455	0.699587	2.501739
32964	-3435.809	-3600.36	164.5515	1.271159	1.837933	0.6598422	3.660628
32970	-3433.439	-3598.548	165.1091	1.473716	2.084904	0.9839248	2.901772
32976	-3448.449	-3613.034	164.5844	1.550714	1.75088	0.9275057	3.324207
32982	-3440.797	-3606.863	166.0659	1.429624	1.900781	0.485045	2.803321
32988	-3428.032	-3594.442	166.4097	1.42906	1.681401	0.4722045	2.69278
32994	-3426.679	-3593.302	166.6227	1.443243	2.091229	0.4428151	2.426802
33000	-3428.241	-3594.479	166.2375	1.361217	2.022498	0.4428151	2.741
33006	-3429.557	-3595.474	165.9166	1.44498	2.022498	0.4428151	2.885218
33012	-3424.616	-3590.057	165.4407	1.230605	2.190291	0.4183021	3.267823
33018	-3439.221	-3605.606	166.3849	1.268072	1.6726	0.4631076	2.819451
33024	-3438.16	-3603.969	165.8091	1.30646	1.565961	0.5483484	3.10301
33030	-3438.155	-3603.367	165.2119	1.202944	1.6726	0.4631076	3.554369
33036	-3440.314	-3606.284	165.97	1.148181	1.504887	0.5358894	3.139267
33042	-3437.331	-3602.99	165.6589	1.179872	2.07721	0.4815438	3.139267
33048	-3435.535	-3602.216	166.6809	1.303879	1.803694	0.4815438	2.543241
33054	-3439.497	-3605.585	166.0882	1.496398	2.273697	0.4739791	2.63039
33060	-3441.805	-3608.961	167.1563	1.619503	1.670889	0.4995568	2.074184
33066	-3443.196	-3609.516	166.3206	1.464583	2.157741	0.5974051	2.422949
33072	-3425.491	-3590.039	164.548	1.382152	2.656391	0.8796635	3.182195
33078	-3431.302	-3596.009	164.707	1.310377	2.656391	0.6093091	3.330669
33084	-3428.005	-3594.098	166.0926	1.396552	1.826777	0.4968614	2.823052
33090	-3429.749	-3595.939	166.1906	1.334548	1.826777	0.4568443	2.842752
33096	-3435.401	-3601.675	166.2739	1.389578	2.050208	0.4568443	2.67619
33102	-3444.438	-3609.554	165.1157	1.553243	1.84912	0.964922	2.946143
33108	-3436.918	-3602.638	165.7206	1.361358	1.84912	0.7070155	2.875544
33114	-3445.296	-3611.819	166.5225	1.416554	2.450522	0.4491945	2.379165
33120	-3446.114	-3612.58	166.4663	1.396678	1.812888	0.5579867	2.538742
33126	-3444.576	-3610.548	165.9719	1.45401	1.812888	0.4230381	2.944953
33132	-3422.5	-3587.492	164.9919	1.304969	2.21706	0.6776501	3.240334
33138	-3430.177	-3594.934	164.7569	1.286198	2.493614	0.6921237	3.294654
33144	-3433.356	-3598.278	164.9218	1.348525	2.493614	0.6921237	3.160197
33150	-3435.303	-3600.025	164.7221	1.428185	2.134887	0.923	3.181613
33156	-3421.57	-3587.198	165.6285	1.374088	2.134887	0.4766967	3.027007
33162	-3416.948	-3582.672	165.724	1.37547	2.124127	0.6415457	2.819562
33168	-3424.337	-3590.221	165.8843	1.40557	2.121729	0.5151997	2.819562
33174	-3423.52	-3590.759	167.2389	1.512814	2.249731	0.445863	1.920597
33180	-3424.598	-3590.339	165.7419	1.315176	1.743724	0.4346961	3.179191
33186	-3427.335	-3593.671	166.3362	1.335058	1.743724	0.4506123	2.793035
33192	-3434.834	-3600.021	165.1866	1.405569	2.502564	0.4286104	3.20773
33198	-3426.144	-3591.759	165.6152	1.295379	2.502564	0.4286104	3.018087
33204	-3438.443	-3603.258	164.8143	1.295379	2.803795	0.6716281	3.185196
33210	-3444.276	-3609.932	165.6565	1.454939	2.405453	0.3576713	3.009726
33216	-3430.272	-3596.512	166.2395	1.340878	2.081095	0.3576713	2.831789
33222	-3436.509	-3600.054	163.5452	1.200659	2.474424	0.5604673	4.1573
33228	-3444.548	-3608.901	164.3535	1.264567	2.474424	0.5214606	3.692437
33234	-3450.117	-3615.809	165.6918	1.268878	1.759549	0.4923498	3.170619
33240	-3436.208	-3602.365	166.1575	1.3247	1.759549	0.4021708	2.955369
33246	-3429.65	-3593.953	164.3026	1.166656	2.18563	0.4021708	3.984554
33252	-3442.772	-3608.823	166.0507	1.270349	2.102955	0.3897474	2.941982
33258	-3450.922	-3617.297	166.375	1.270514	1.878954	0.3842066	2.832209
33264	-3443.152	-3610.573	167.4214	1.42861	1.772436	0.471547	2.012038
33270	-3440.853	-3608.727	167.8742	1.746087	1.758103	0.409444	1.560539
33276	-3439.954	-3607.023	167.0685	1.603824	1.793483	0.6640718	1.925898
33282	-3436.186	-3602.89	166.7036	1.455874	2.483891	0.3399463	2.364064
33288	-3429.156	-3596.239	167.0834	1.646399	2.092155	0.5206401	1.908349
33294	-3429.982	-3596.23	166.2485	1.430673	1.619339	0.450304	2.839349
33300	-3422.641	-3588.406	165.7649	1.299016	1.461735	0.550771	3.176695
33306	-3432.243	-3598.046	165.8037	1.234387	1.928314	0.4665314	3.087878
33312	-3425.082	-3590.39	165.3083	1.299545	1.928314	0.6328525	3.190083
33318	-3420.321	-3585.521	165.1995	1.236101	1.992026	0.7341038	3.190083
33324	-3427.45	-3592.004	164.554	1.195018	2.081018	0.6478027	3.628788
33330	-3432.655	-3597.385	164.7299	1.136678	1.882161	0.6478027	3.628788
33336	-3431.685	-3595.349	163.6639	1.131647	2.280702	0.6478027	4.11348
33342	-3434.573	-3599.287	164.7136	1.244435	2.280702	0.5437221	3.532204
33348	-3444.472	-3609.046	164.5737	1.251575	2.280702	0.5824672	3.575154
33354	-3447.451	-3610.988	163.5377	1.163836	2.826346	0.5824672	4.069585
33360	-3446.378	-3610.209	163.8311	1.071962	2.402271	0.5824672	4.069585
33366	-3445.671	-3611.023	165.3528	1.206775	2.020219	0.5824672	3.229385
33372	-3448.775	-3615.241	166.4657	1.346134	1.532946	0.4403336	2.806727
33378	-3447.501	-3613.485	165.9844	1.292067	2.295149	0.5290147	2.756839
33384	-3443.472	-3609.86	166.3883	1.402067	2.008766	0.4143835	2.660415
33390	-3430.182	-3596.746	166.5642	1.410647	1.916325	0.5848156	2.403106
33396	-3432.26	-3598.837	166.5779	1.479002	2.015659	0.4737057	2.42569
33402	-3441.257	-3607.176	165.919	1.375662	2.015659	0.4840356	2.884633
33408	-3439.484	-3605.124	165.6405	1.429519	2.270508	0.6440675	2.786849
33414	-3454.309	-3617.201	162.892	1.086376	2.252739	0.5058837	4.702842
33420	-3439.061	-3603.802	164.7415	1.377329	2.12672	0.8247469	3.267287
33426	-3421.323	-3585.74	164.4168	1.162217	2.12672	0.5879972	3.761451
33432	-3415.434	-3580.893	165.4583	1.27853	2.12672	0.5905102	3.08092
33438	-3434.339	-3599.975	165.6361	1.293749	2.230958	0.6386141	2.889324
33444	-3426.672	-3591.708	165.0362	1.272757	2.678427	0.4812917	3.270507
33450	-3430.932	-3596.515	165.5829	1.306461	2.678427	0.3417605	3.083384
33456	-3422.405	-3588.151	165.7465	1.357903	2.678427	0.4712203	2.804505
33462	-3421.277	-3587.683	166.4051	1.427627	2.678427	0.4712203	2.352453
33468	-3425.254	-3590.449	165.1949	1.425894	2.649719	0.4710656	3.103878
33474	-3422.653	-3588.369	165.7161	1.406974	2.458408	0.4422763	2.888327
33480	-3421.008	-3586.489	165.4819	1.406974	2.658433	0.5234437	2.888327
33486	-3421.255	-3586.691	165.4358	1.26671	2.658433	0.4430516	3.082079
33492	-3450.979	-3615.244	164.2648	1.243653	2.450322	0.5287254	3.755927
33498	-3445.558	-3610.198	164.6396	1.214109	2.323531	0.4595286	3.6605
33504	-3449.061	-3613.715	164.6537	1.308439	2.323531	0.7446513	3.353479
33510	-3448.236	-3611.835	163.5989	1.061775	2.441225	0.5457863	4.22788
33516	-3441.583	-3605.663	164.0807	0.9842965	1.992904	0.4359627	4.240975
33522	-3452.139	-3619.043	166.9034	1.733931	2.338662	0.5911776	1.806161
33528	-3434.826	-3602.657	167.8315	1.687941	1.783017	0.4079832	1.624359
33534	-3432.814	-3600.337	167.5233	1.76562	2.171646	0.4079832	1.624359
33540	-3430.716	-3598.389	167.6731	1.733405	1.76155	0.5748474	1.511319
33546	-3430.708	-3597.624	166.9163	1.798982	2.077996	0.8825354	1.590248
33552	-3427.838	-3593.116	165.2779	1.253311	2.568049	0.6002364	3.058694
33558	-3434.84	-3600.715	165.8751	1.346449	1.865338	0.4133506	3.058694
33564	-3437.489	-3602.698	165.2089	1.346449	2.57243	0.58241	3.058694
33570	-3431.668	-3596.318	164.6494	1.38112	2.26286	0.894146	3.229654
33576	-3425.268	-3590.431	165.1632	1.342371	2.688177	0.890477	2.820934
33582	-3437.855	-3602.615	164.7604	1.399197	2.688177	0.890477	3.029557
33588	-3428.494	-3594.285	165.791	1.349203	2.333246	0.4270768	2.933151
33594	-3437.06	-3604.327	167.2665	1.534346	2.089619	0.5037072	1.879739
33600	-3446.543	-3613.21	166.6669	1.558811	2.089775	0.4775631	2.287271
33606	-3442.195	-3608.566	166.3714	1.549829	2.163046	0.7303321	2.219602
33612	-3436.577	-3603.565	166.9885	1.464926	1.775058	0.5272282	2.210349
33618	-3436.638	-3603.357	166.7184	1.53055	1.918979	0.5224235	2.288952
33624	-3450.252	-3616.753	166.501	1.53055	1.952461	0.5680953	2.369274
33630	-3433.17	-3598.963	165.793	1.423854	1.988648	0.5680953	2.860053
33636	-3429.774	-3594.145	164.3719	1.279057	1.988648	0.5680953	3.782775
33642	-3446.942	-3611.684	164.7418	1.291671	2.240161	0.4746003	3.566609
33648	-3427.11	-3591.099	163.9887	1.152985	2.240161	0.4653045	4.088852
33654	-3424.06	-3589.57	165.5094	1.224746	2.240161	0.4653045	3.164478
33660	-3435.988	-3602.562	166.5745	1.48104	2.243703	0.4352661	2.389014
33666	-3437.677	-3604.022	166.3446	1.498816	2.244766	0.4352661	2.521804
33672	-3449.005	-3614.831	165.8259	1.313263	2.546737	0.6152475	2.683663
33678	-3442.945	-3606.032	163.0867	1.133123	2.546737	0.6152475	4.389315
33684	-3440.956	-3607.399	166.4427	1.455648	2.816127	0.3550116	2.410351
33690	-3437.109	-3603.609	166.4996	1.464042	1.946825	0.44018	2.546424
33696	-3434.125	-3600.318	166.1931	1.409844	1.946825	0.44018	2.76864
33702	-3439.122	-3603.271	164.1495	1.274816	2.35762	0.4035885	3.95652
33708	-3438.563	-3603.718	165.1555	1.26578	2.220968	0.5004107	3.320405
33714	-3446.883	-3612.151	165.2683	1.250204	2.102964	0.585041	3.22336
33720	-3437.41	-3603.579	166.1685	1.302182	2.102964	0.5134122	2.717425
33726	-3442.793	-3608.747	165.954	1.426232	1.847313	0.5134122	2.864828
33732	-3438.305	-3602.866	164.5611	1.138083	1.92814	0.3452819	4.003305
33738	-3430.724	-3596.109	165.3853	1.150873	1.92814	0.4762649	3.37495
33744	-3429.219	-3596.04	166.8205	1.404435	1.67307	0.5326438	2.393798
33750	-3443.369	-3607.941	164.5721	1.268783	2.114306	0.5840852	3.617377
33756	-3433.891	-3599.602	165.7109	1.293673	2.003007	0.6021598	2.95269
33762	-3428.328	-3594.23	165.9013	1.463521	1.750979	0.6622776	2.777673
33768	-3440.283	-3605.71	165.4267	1.300387	2.206207	0.5543607	3.093058
33774	-3424.448	-3589.861	165.4123	1.246215	2.206207	0.6001816	3.093058
33780	-3431.23	-3596.231	165.0011	1.30794	1.98512	0.5870013	3.385137
33786	-3438.286	-3603.847	165.561	1.401649	2.489871	0.5870013	2.833458
33792	-3438.613	-3604.397	165.7847	1.379656	1.943335	0.4478089	3.026691
33798	-3438.615	-3604.656	166.0412	1.401236	2.163602	0.5801737	2.650217
33804	-3438.476	-3603.069	164.5929	1.225434	2.088353	0.4896201	3.725035
33810	-3439.481	-3605.058	165.5769	1.329838	1.956976	0.3817404	3.249062
33816	-3442.52	-3607.536	165.016	1.342498	1.830563	0.4700537	3.520277
33822	-3445.397	-3608.498	163.1014	1.041874	2.500862	0.4914513	4.552564
33828	-3433.264	-3596.716	163.4524	1.11988	2.315421	0.4914513	4.363874
33834	-3443.241	-3606.402	163.1608	1.121637	2.315421	0.6872883	4.363874
33840	-3449.482	-3614.138	164.656	1.200786	2.374614	0.6904575	3.440413
33846	-3444.847	-3610.25	165.4027	1.300324	2.077982	0.7545338	2.985722
33852	-3447.341	-3612.655	165.3146	1.346535	1.666453	0.6443918	3.248019
33858	-3451.993	-3618.102	166.1092	1.406703	1.666453	0.6184199	2.756877
33864	-3452.392	-3617.945	165.5533	1.357565	1.884348	0.6184199	3.037641
33870	-3442.679	-3608.756	166.0769	1.267325	1.664407	0.4409726	3.032685
33876	-3449.029	-3614.928	165.8994	1.328996	1.664407	0.5085265	3.032685
33882	-3440.573	-3605.608	165.0352	1.374156	2.077766	0.6613268	3.232473
33888	-3439.713	-3605.657	165.9443	1.277167	1.960456	0.5539479	2.880389
33894	-3436.833	-3602.735	165.9024	1.415832	1.892455	0.5539479	2.84668
33900	-3440.978	-3606.607	165.6284	1.416343	2.216253	0.701431	2.773109
33906	-3434.627	-3599.253	164.6255	1.272041	2.216253	0.701431	3.456956
33912	-3436.267	-3600.527	164.2596	1.105319	2.018591	0.5875404	3.920366
33918	-3449.766	-3614.827	165.0608	1.143992	2.018591	0.615503	3.410515
33924	-3432.649	-3599.901	167.2514	1.512625	1.991512	0.4951307	1.952622
33930	-3432.72	-3599.897	167.1768	1.69961	2.183345	0.4551432	1.848959
33936	-3436.473	-3604.3	167.8267	1.787407	1.953154	0.4551432	1.410606
33942	-3440.315	-3607.526	167.2103	1.539906	1.57958	0.4333762	2.207017
33948	-3437.498	-3604.973	167.4753	1.654354	1.79037	0.4333762	1.861349
33954	-3433.757	-3601.378	167.6218	1.743492	2.047259	0.4100006	1.616963
33960	-3429.584	-3597.394	167.8101	1.901566	2.047259	0.4100006	1.355667
33966	-3436.653	-3604.566	167.9131	1.848968	1.878625	0.4100006	1.394923
33972	-3437.658	-3602.954	165.2951	1.296737	2.392824	0.444505	3.223316
33978	-3439.766	-3605.936	166.1697	1.424856	3.037685	0.3843851	2.503314
33984	-3435.124	-3601.535	166.4109	1.571036	1.984446	0.5135403	2.442519
33990	-3434.775	-3601.398	166.6225	1.558109	2.192028	0.4576352	2.301848
33996	-3427.909	-3594.782	166.8729	1.637808	2.024508	0.4576352	2.149781
34002	-3434.552	-3602.293	167.7412	1.728928	1.797125	0.4381068	1.613099
34008	-3436.895	-3604.636	167.7414	1.737452	1.9435	0.3855727	1.613099
34014	-3427.431	-3594.698	167.2678	1.719327	1.86778	0.4751754	1.874972
34020	-3430.359	-3597.282	166.923	1.550501	2.5587	0.3569374	2.115217
34026	-3440.14	-3606.801	166.6614	1.705248	2.5587	0.4108349	2.115217
34032	-3438.059	-3604.074	166.0155	1.19888	2.042784	0.4356411	2.974691
34038	-3421.345	-3587.021	165.6759	1.293348	2.042784	0.425596	3.13231
34044	-3424.01	-3589.608	165.5984	1.28967	2.111978	0.5181986	3.061996
34050	-3414.339	-3579.281	164.942	1.31533	2.240086	0.7234589	3.221165
34056	-3428.829	-3595.03	166.2007	1.406582	2.130286	0.4310773	2.711208
34062	-3423.127	-3587.549	164.4218	1.308231	2.130286	0.6750422	3.602314
34068	-3430.115	-3594.783	164.6677	1.415878	2.130286	0.6750422	3.396044
34074	-3422.485	-3587.576	165.0913	1.265015	2.130286	0.523227	3.366054
34080	-3431.501	-3596.443	164.9427	1.232164	1.904521	0.523227	3.549068
34086	-3431.003	-3596.548	165.5455	1.276665	1.953637	0.5093422	3.164454
34092	-3438.381	-3602.059	163.6782	0.974313	2.425072	0.5009565	4.277771
34098	-3428.685	-3592.71	164.0253	1.109743	2.764013	0.5129003	3.8995
34104	-3429.007	-3593.072	164.065	1.174769	2.203878	0.4885258	4.021484
34110	-3421.202	-3585.584	164.382	1.168151	2.712614	0.5214858	3.665876
34116	-3444.343	-3611.372	167.0291	1.492815	2.134186	0.3267041	2.268269
34122	-3436.174	-3601.724	165.5503	1.314517	1.682761	0.4683336	3.281477
34128	-3445.586	-3611.867	166.2814	1.399796	1.862521	0.4683336	2.721801
34134	-3432.172	-3598.001	165.8296	1.485345	2.188952	0.6039591	2.698627
34140	-3435.307	-3601.532	166.2251	1.507506	1.990107	0.6039591	2.509945
34146	-3440.369	-3606.44	166.0713	1.34564	2.174982	0.6039591	2.640596
34152	-3442.791	-3609.693	166.9019	1.542231	1.881417	0.4915148	2.21079
34158	-3439.717	-3606.619	166.9023	1.506821	1.881417	0.4932241	2.231557
34164	-3440.316	-3605.366	165.0496	1.116324	2.182089	0.5539135	3.432606
34170	-3424.15	-3589.754	165.6042	1.252649	2.182089	0.4223545	3.156125
34176	-3427.097	-3593.485	166.3884	1.460957	2.233046	0.4931336	2.458954
34182	-3436.958	-3603.565	166.6069	1.461772	2.362857	0.4774629	2.293621
34188	-3429.694	-3596.067	166.3729	1.56916	2.418036	0.5331807	2.29806
34194	-3437.711	-3603.82	166.109	1.48419	2.418036	0.5331807	2.518291
34200	-3433.691	-3600.525	166.8343	1.42457	1.773413	0.4302193	2.440527
34206	-3430.881	-3598.216	167.3359	1.707891	1.988813	0.4302193	1.840712
34212	-3434.422	-3601.313	166.8908	1.611021	2.095885	0.5139778	2.066434
34218	-3430.834	-3597.799	166.9649	1.688695	2.328998	0.5115472	1.882839
34224	-3428.973	-3595.805	166.8318	1.552514	2.431346	0.5115472	2.028588
34230	-3434.201	-3601.347	167.1452	1.734902	2.431346	0.5115472	1.689136
34236	-3436.359	-3603.424	167.0655	1.627955	2.431346	0.5115472	1.819658
34242	-3441.268	-3609.022	167.7535	1.717649	2.677818	0.3010076	1.466521
34248	-3438.532	-3605.765	167.2322	1.634754	2.677818	0.4628207	1.672081
34254	-3431.185	-3598.697	167.5118	1.666362	2.154316	0.5003025	1.59307
34260	-3438.663	-3605.886	167.2222	1.466764	1.842394	0.5600352	1.994187
34266	-3432.148	-3599.191	167.0423	1.570928	1.965968	0.455991	2.107131
34272	-3431.464	-3598.264	166.7994	1.575941	2.203344	0.4085816	2.230431
34278	-3427.516	-3594.403	166.8879	1.613941	2.053973	0.6479482	1.949337
34284	-3417.995	-3584.365	166.3694	1.515247	2.37663	0.5063643	2.37545
34290	-3434.463	-3601.195	166.7319	1.49944	2.047321	0.4380766	2.343438
34296	-3433.85	-3598.222	164.3713	1.079373	2.068662	0.4723411	3.959672
34302	-3439.075	-3603.157	164.0822	1.101826	1.97659	0.5698632	4.052956
34308	-3424.904	-3589.537	164.6337	1.204628	1.816995	0.5767205	3.727665
34314	-3433.079	-3598.915	165.8355	1.279831	1.77009	0.5528125	3.016427
34320	-3427.327	-3592.15	164.8234	1.344158	2.440607	0.5528125	3.353261
34326	-3419.735	-3585.332	165.597	1.246899	1.881418	0.4779978	3.20857
34332	-3420.11	-3585.158	165.0482	1.159207	2.210007	0.4720449	3.477279
34338	-3427.913	-3591.994	164.0805	1.208609	2.444478	0.5535833	3.861485
34344	-3440.965	-3606.805	165.8395	1.329471	2.381285	0.4979944	2.825817
34350	-3438.193	-3604.067	165.8743	1.310829	2.226976	0.4064233	2.963288
34356	-3435.314	-3599.257	163.9434	1.154285	2.226976	0.5047084	4.080056
34362	-3439.686	-3607.258	167.5715	1.638863	1.768416	0.4570387	1.786277
34368	-3423.54	-3591.271	167.7316	1.634372	1.708083	0.4570387	1.704869
34374	-3423.395	-3590.939	167.544	1.661783	1.729894	0.4159992	1.858113
34380	-3434.099	-3600	165.901	1.430454	1.939835	0.7412714	2.662866
34386	-3438.863	-3605.702	166.8391	1.433994	1.919574	0.4262487	2.378515
34392	-3439.401	-3605.284	165.8829	1.475446	1.895612	0.4262487	2.951048
34398	-3420.227	-3586.445	166.2185	1.341607	2.005352	0.4262487	2.78914
34404	-3428.26	-3594.549	166.2889	1.473456	2.089316	0.3610959	2.713646
34410	-3434.913	-3601.209	166.2961	1.489397	1.971775	0.63619	2.454931
34416	-3430.71	-3598.103	167.393	1.66909	1.779641	0.5791583	1.746895
34422	-3424.084	-3591.956	167.8725	1.710277	1.779641	0.3586251	1.650847
34428	-3437.525	-3604.607	167.0815	1.612641	1.829349	0.2795999	2.343165
34434	-3425.297	-3591.632	166.3341	1.460878	1.829349	0.6130418	2.523869
34440	-3426.133	-3592.02	165.887	1.344973	1.829349	0.6130418	2.869538
34446	-3440.816	-3605.97	165.1539	1.405898	2.63397	0.64201	2.987243
34452	-3444.763	-3609.718	164.9552	1.453622	2.567988	0.640201	3.097938
34458	-3433.175	-3599.661	166.4858	1.466438	2.125464	0.4066054	2.527929
34464	-3432.869	-3597.262	164.3932	1.05277	1.914628	0.501638	3.986045
34470	-3430.206	-3594.387	164.1814	1.184276	2.294113	0.501638	3.909313
34476	-3437.598	-3601.611	164.0126	1.136207	2.436876	0.3900506	4.105722
34482	-3438.762	-3605.578	166.8162	1.499396	1.875401	0.4066054	2.392037
34488	-3422.682	-3589.547	166.8648	1.52581	1.756484	0.3846152	2.419181
34494	-3414.245	-3580.903	166.6589	1.480116	2.015101	0.5581364	2.286963
34500	-3417.492	-3584.039	166.5476	1.436145	1.541345	0.4873516	2.647583
34506	-3431.499	-3597.258	165.7595	1.30508	2.221855	0.462856	2.975566
34512	-3436.953	-3602.896	165.9426	1.307839	1.693535	0.6559708	2.875407
34518	-3441.936	-3607.981	166.0451	1.358416	2.273291	0.4134537	2.808116
34524	-3443.226	-3609.092	165.8652	1.421126	2.033469	0.5187687	2.848679
34530	-3446.917	-3612.681	165.7637	1.283925	2.070176	0.4050058	3.099295
34536	-3434.817	-3600.993	166.1763	1.358254	2.075421	0.4710821	2.731173
34542	-3427.908	-3594.075	166.1667	1.34539	2.075421	0.4915755	2.723647
34548	-3434.171	-3600.35	166.1785	1.420137	1.943693	0.4816351	2.72803
34554	-3424.008	-3590.438	166.4304	1.272516	1.775994	0.4816351	2.72803
34560	-3420.391	-3585.726	165.3343	1.387079	1.708897	0.7322174	3.126785
34566	-3429.323	-3595.137	165.814	1.438322	2.309153	0.7322174	2.590936
34572	-3426.915	-3593.205	166.2899	1.398461	2.309153	0.4406639	2.590936
34578	-3433.607	-3600.398	166.7913	1.44747	1.724714	0.4749713	2.423231
34584	-3438.856	-3605.309	166.4528	1.539463	2.037423	0.5674768	2.363121
34590	-3437.751	-3604.745	166.9938	1.473701	1.637142	0.4178719	2.380527
34596	-3418.42	-3585.281	166.8611	1.485652	2.149883	0.4237052	2.249475
34602	-3439.959	-3604.297	164.3376	1.258009	1.89857	0.6699319	3.762284
34608	-3441.152	-3605.81	164.6572	1.351331	1.887949	0.4845362	3.688376
34614	-3437.993	-3602.401	164.4085	1.238398	2.163166	0.4402089	3.849221
34620	-3434.745	-3598.192	163.4464	1.175129	2.163166	0.7423744	4.178114
34626	-3434.817	-3597.884	163.0672	1.18631	2.635204	0.4642434	4.480377
34632	-3430.081	-3594.492	164.4112	1.181107	2.233572	0.4642434	3.834085
34638	-3448.94	-3612.649	163.7094	1.124621	1.989525	0.7087768	4.13779
34644	-3422.989	-3587.855	164.8662	1.197459	1.989525	0.5636417	3.547459
34650	-3424.605	-3588.771	164.1661	1.083764	1.895004	0.5636417	4.048838
34656	-3420.613	-3586.195	165.5816	1.227808	2.020639	0.5636417	3.097678
34662	-3418.724	-3584.028	165.3038	1.240175	1.855323	0.5602621	3.316848
34668	-3417.374	-3582.584	165.21	1.14402	1.72775	0.3621415	3.679171
34674	-3423.841	-3590.166	166.3246	1.326115	1.72775	0.3914468	2.87873
34680	-3424.098	-3590.032	165.934	1.334518	1.72775	0.4368116	3.057216
34686	-3432.549	-3597.717	165.1671	1.441148	2.130122	0.7116085	3.057216
34692	-3441.61	-3607.186	165.5758	1.271487	2.186599	0.6534814	2.941314
34698	-3423.923	-3588.578	164.655	1.229158	2.186599	0.6106963	3.546394
34704	-3427.538	-3591.097	163.5585	1.232225	1.942791	0.7451788	4.152018
34710	-3435.132	-3597.4	162.2674	1.07712	1.942791	0.7451788	4.96449
34716	-3436.166	-3598.966	162.8001	1.00779	2.250286	0.5440875	4.764765
34722	-3433.211	-3596.819	163.6086	1.162803	2.250286	0.5872813	4.185457
34728	-3428.541	-3592.396	163.8546	1.147658	1.78723	0.6145542	4.185457
34734	-3443.608	-3606.45	162.8417	0.9892221	1.788091	0.5374095	4.908264
34740	-3437.035	-3602.034	164.999	1.218021	1.91188	0.6460987	3.415347
34746	-3445.323	-3610.515	165.1923	1.331863	2.233698	0.6460987	3.125585
34752	-3438.768	-3603.866	165.0977	1.428032	2.421845	0.7249723	3.003809
34758	-3435.917	-3599.717	163.7996	1.303302	2.421845	0.7249723	3.837729
34764	-3437.6	-3602.708	165.108	1.176122	2.064214	0.4741947	3.47776
34770	-3442.241	-3607.206	164.9654	1.318757	2.064214	0.4741947	3.47776
34776	-3445.242	-3610.766	165.524	1.40615	2.064214	0.404275	3.172014
34782	-3439.386	-3605.005	165.6187	1.218469	2.32562	0.4501799	3.092103
34788	-3443.279	-3608.005	164.7259	1.280103	2.258991	0.6551793	3.416077
34794	-3441.825	-3605.6	163.7744	1.196037	2.114828	0.7609907	3.981505
34800	-3435.577	-3600.777	165.2006	1.147833	2.101081	0.5342033	3.370052
34806	-3438.585	-3604.219	165.6343	1.320097	2.299337	0.5028815	2.976221
34812	-3438.127	-3603.697	165.5695	1.431136	2.418769	0.5028815	2.911305
34818	-3430.779	-3595.748	164.9685	1.284155	2.313981	0.4997822	3.391053
34824	-3440.489	-3604.282	163.7938	1.127965	2.677775	0.4716325	4.083472
34830	-3429.078	-3593.569	164.4905	1.054805	2.042079	0.511165	3.877
34836	-3443.85	-3607.526	163.6763	1.0244	2.370278	0.4685498	4.297307
34842	-3437.304	-3601.336	164.0319	1.110459	2.316432	0.558723	3.978616
34848	-3441.361	-3605.371	164.0104	1.217045	2.316432	0.6331829	3.867485
34854	-3470.732	-3635.73	164.9983	1.23324	2.24908	0.5315467	3.39339
34860	-3452.392	-3616.732	164.34	1.155806	1.961949	0.3620631	4.087773
34866	-3436.946	-3602.273	165.3275	1.19633	2.114874	0.6997043	3.121876
34872	-3435.255	-3601.14	165.8853	1.377813	2.002249	0.6997043	2.714637
34878	-3434.801	-3600.27	165.469	1.370584	2.00448	0.6997043	2.970854
34884	-3423.733	-3589.948	166.215	1.390447	1.991249	0.6997043	2.506891
34890	-3438.084	-3604.624	166.5401	1.454288	1.991249	0.3963759	2.561888
34896	-3442.735	-3609.318	166.5834	1.494359	2.356586	0.4074933	2.370104
34902	-3431.722	-3597.298	165.5762	1.281957	1.796615	0.5166977	3.193543
34908	-3446.616	-3612.815	166.1985	1.377462	1.796615	0.4737725	2.805626
34914	-3439.496	-3606.108	166.6118	1.418272	1.648435	0.4870608	2.57285
34920	-3425.913	-3592.319	166.406	1.514378	2.348901	0.4653272	2.405639
34926	-3430.795	-3597.874	167.0792	1.647815	2.211462	0.4765895	1.914924
34932	-3428.855	-3595.563	166.7076	1.490455	2.444789	0.3332895	2.361058
34938	-3423.521	-3590.43	166.9097	1.443413	1.944147	0.3908514	2.361058
34944	-3432.255	-3598.07	165.8156	1.55243	2.450899	0.6489019	2.542125
34950	-3444.524	-3610.958	166.434	1.719276	2.809722	0.4050704	2.185349
34956	-3432.435	-3599.108	166.6728	1.528406	2.030795	0.5820961	2.217944
34962	-3437.494	-3604.079	166.5853	1.459524	2.030795	0.6943257	2.217944
34968	-3435.18	-3601.515	166.3355	1.601823	2.131257	0.6943257	2.250367
34974	-3427.357	-3594.473	167.1156	1.53696	2.131257	0.4594057	2.014418
34980	-3431.683	-3597.019	165.336	1.24237	2.619344	0.4888125	3.119692
34986	-3447.374	-3613.243	165.8687	1.521545	2.74892	0.4888125	2.590745
34992	-3431.149	-3596.455	165.3062	1.210567	2.241125	0.5134337	3.245091
34998	-3435.574	-3599.684	164.1097	1.203284	2.499158	0.6302374	3.767343
35004	-3438.62	-3603.257	164.6374	1.209764	2.527514	0.4571663	3.607156
35010	-3435.819	-3600.795	164.9759	1.134683	1.895645	0.4417848	3.669752
35016	-3431.407	-3596.309	164.9015	1.209086	1.895645	0.4417848	3.669752
35022	-3426.331	-3591.174	164.8436	1.277409	1.878659	0.4417848	3.669752
35028	-3416.32	-3581.899	165.5789	1.207498	1.734436	0.4213114	3.357094
35034	-3442.644	-3607.556	164.9118	1.214099	1.907753	0.554345	3.548014
35040	-3445.171	-3610.651	165.4795	1.579062	2.448275	0.760397	2.645074
35046	-3431.067	-3596.991	165.924	1.5288	2.457637	0.7928677	2.371441
35052	-3438.247	-3602.302	164.055	1.154091	1.953243	0.6247608	4.000859
35058	-3428.958	-3592.692	163.7341	1.132217	2.096211	0.8524851	3.985631
35064	-3441.825	-3605.425	163.5995	1.24976	2.096211	0.6290397	4.155137
35070	-3438.718	-3602.719	164.0014	1.160983	2.309097	0.4224071	4.100178
35076	-3430.854	-3594.918	164.0645	1.254131	2.030426	0.6866736	3.863694
35082	-3442.303	-3608.107	165.8038	1.305457	1.966707	0.7389635	2.790877
35088	-3441.628	-3607.049	165.4209	1.287779	1.873712	0.7389635	3.066408
35094	-3444.839	-3610.576	165.7373	1.336744	1.918112	0.6131323	2.931782
35100	-3451.365	-3616.409	165.0442	1.095349	1.918112	0.6131323	3.485556
35106	-3439.349	-3604.491	165.1419	1.135889	1.750042	0.6069489	3.471643
35112	-3438.133	-3603.099	164.9658	1.240899	2.160534	0.449973	3.516019
35118	-3429.136	-3594.718	165.5818	1.277227	1.913001	0.3855596	3.288387
35124	-3421.786	-3588.37	166.5834	1.4066	2.234892	0.3715566	2.509956
35130	-3430.133	-3594.931	164.7975	1.246451	2.595604	0.4301454	3.501754
35136	-3432.632	-3595.917	163.2846	1.055892	2.584135	0.5259514	4.38707
35142	-3439.578	-3604.378	164.8003	1.147354	2.297453	0.6233881	3.464129
35148	-3458.774	-3622.864	164.0901	1.217976	2.297453	0.6233881	3.834776
35154	-3453.383	-3617.934	164.5508	1.170324	2.171808	0.6233881	3.635281
35160	-3436.877	-3600.837	163.9598	1.186283	1.750328	0.5860596	4.140815
35166	-3435.414	-3599.312	163.8976	1.174459	2.159842	0.6670933	3.978031
35172	-3430.871	-3595.034	164.1637	1.14756	2.159842	0.5058022	3.978031
35178	-3431.186	-3594.846	163.6602	1.172359	2.325899	0.496562	4.208676
35184	-3442.175	-3606.407	164.232	1.16043	2.488719	0.496562	3.841866
35190	-3431.753	-3598.016	166.263	1.331724	2.06975	0.496562	2.669794
35196	-3428.311	-3594.482	166.1713	1.373381	1.949051	0.496562	2.743758
35202	-3430.636	-3596.327	165.6901	1.396394	2.54302	0.496562	2.828456
35208	-3437.354	-3603.54	166.1862	1.384937	1.902507	0.450128	2.793473
35214	-3450.179	-3615.658	165.4792	1.283476	3.012177	0.450128	2.944098
35220	-3444.011	-3609.543	165.5323	1.345067	3.167354	0.2895609	3.033997
35226	-3449.759	-3614.519	164.7609	1.147281	2.988963	0.2846332	3.65469
35232	-3438.013	-3603.581	165.5673	1.381748	2.414057	0.3650359	3.095137
35238	-3438.225	-3603.66	165.4357	1.424179	2.154777	0.3552624	3.241454
35244	-3418.138	-3582.307	164.1688	1.245958	2.154777	0.5924477	3.843294
35250	-3423.76	-3588.06	164.2999	1.091802	2.154777	0.4381315	4.00029
35256	-3421.629	-3585.695	164.0665	1.159328	1.931198	0.5287154	4.080907
35262	-3419.259	-3584.119	164.8595	1.194754	2.029268	0.5287154	3.570987
35268	-3430.447	-3594.713	164.2658	1.125719	2.229151	0.3395356	4.088022
35274	-3421.601	-3584.915	163.3149	1.100059	2.229151	0.5408977	4.433365
35280	-3426.832	-3591.204	164.3719	1.187406	2.111787	0.5731335	3.790379
35286	-3432.024	-3595.721	163.6977	1.09748	1.869232	0.5255202	4.349593
35292	-3435.471	-3599.099	163.6279	1.146526	2.430429	0.5247089	4.185282
35298	-3437.755	-3602.572	164.8164	1.208161	1.798761	0.3279697	3.884408
35304	-3435.482	-3601.407	165.9248	1.225533	2.247102	0.3257467	3.076728
35310	-3423.063	-3589.494	166.431	1.383134	1.860889	0.3257467	2.810796
35316	-3431.122	-3597.95	166.8273	1.380303	1.719846	0.4270525	2.498251
35322	-3434.276	-3600.736	166.4607	1.55521	2.178706	0.3831873	2.498251
35328	-3440.047	-3606.657	166.6101	1.420344	2.178706	0.375909	2.498251
35334	-3448.488	-3612.6	164.1122	1.249877	1.868124	0.7607512	3.840466
35340	-3423.807	-3587.424	163.6167	1.162371	2.251828	0.553348	4.209662
35346	-3435.532	-3600.161	164.6293	1.296008	2.251828	0.553348	3.551553
35352	-3449.392	-3614.252	164.8601	1.271455	2.794696	0.5125542	3.31312
35358	-3450.56	-3615.588	165.0281	1.294612	2.214385	0.5693139	3.316479
35364	-3445.992	-3611.001	165.0093	1.406145	2.243326	0.7201315	3.128779
35370	-3443.065	-3608.614	165.5488	1.256079	2.001102	0.565483	3.105527
35376	-3432.278	-3596.283	164.0054	1.12228	2.247387	0.565483	4.001989
35382	-3434.743	-3597.973	163.2292	1.050845	2.138938	0.565483	4.515758
35388	-3435.364	-3596.656	161.2915	1.025	2.49858	0.5677984	5.500402
35394	-3436.56	-3599.4	162.8403	1.127474	2.20911	0.6489653	4.601843
35400	-3434.92	-3598.337	163.4174	1.071937	2.169071	0.6870085	4.291502
35406	-3430.444	-3594.343	163.8989	1.161274	1.926291	0.4118354	4.291502
35412	-3427.298	-3593.112	165.8141	1.23787	1.882598	0.3612944	3.214292
35418	-3436.641	-3602.745	166.1039	1.325221	1.566779	0.4199725	3.045453
35424	-3431.473	-3597.123	165.6493	1.239429	1.88089	0.5118171	3.148737
35430	-3430.942	-3593.371	162.4288	1.067281	1.643742	0.5296628	5.154017
35436	-3435	-3600.013	165.0127	1.121955	1.872276	0.48529	3.620177
35442	-3426.125	-3592.547	166.4215	1.247903	1.863613	0.4724661	2.724199
35448	-3436.395	-3602.314	165.9194	1.221863	1.521948	0.5826913	3.07544
35454	-3440.136	-3605.889	165.7525	1.282411	1.813576	0.5505839	3.050024
35460	-3424.363	-3590.112	165.7492	1.310562	1.991523	0.5826913	2.940714
35466	-3426.448	-3592.707	166.2585	1.340624	1.605972	0.454473	2.889019
35472	-3426.915	-3592.575	165.6603	1.207439	1.917778	0.4876134	3.171608
35478	-3434.735	-3600.088	165.3528	1.299858	1.657912	0.4876134	3.396733
35484	-3432.37	-3597.494	165.1241	1.227525	2.136407	0.4920665	3.396733
35490	-3429.373	-3593.54	164.1663	1.180724	2.136407	0.7593366	3.759543
35496	-3428.433	-3593.332	164.8992	1.094624	2.136407	0.5738902	3.530141
35502	-3420.49	-3586.416	165.9254	1.308382	1.781098	0.4129104	3.083642
35508	-3436.616	-3602.029	165.413	1.404949	1.522733	0.6311472	3.225732
35514	-3423.579	-3589.634	166.0551	1.396601	1.815036	0.4659499	2.882063
35520	-3424.538	-3590.586	166.0477	1.386758	2.521455	0.4659499	2.653836
35526	-3427.963	-3593.66	165.6972	1.507107	2.521455	0.4834013	2.776571
35532	-3429.069	-3594.916	165.8461	1.359648	2.265548	0.452273	2.887538
35538	-3423.494	-3589.198	165.7041	1.359648	2.491911	0.3927431	2.970023
35544	-3412.718	-3578.493	165.7754	1.423771	2.065261	0.5795716	2.833316
35550	-3421.279	-3586.475	165.1959	1.336	2.065261	0.5795716	3.232912
35556	-3433.945	-3599.015	165.0707	1.242349	2.065261	0.4046265	3.533972
35562	-3425.509	-3591.509	166.0002	1.300556	1.600185	0.379409	3.154624
35568	-3434.775	-3601.507	166.732	1.525844	1.502207	0.3540427	2.649823
35574	-3427.973	-3594.939	166.9666	1.528826	1.502207	0.3540427	2.502428
35580	-3421.356	-3587.232	165.8761	1.420048	1.693613	0.4396925	3.051096
35586	-3426.98	-3592.343	165.3627	1.397705	2.270758	0.5558184	3.051096
35592	-3425.816	-3591.339	165.5231	1.300208	2.270758	0.5159389	3.051096
35598	-3430.188	-3596.095	165.9071	1.432588	2.270758	0.4743496	2.781216
35604	-3429.36	-3594.686	165.3262	1.366396	2.503527	0.4743496	3.09951
35610	-3433.322	-3598.882	165.5605	1.299233	2.503527	0.4743496	2.999606
35616	-3427.357	-3593.028	165.6712	1.375425	2.311932	0.4743496	2.945621
35622	-3424.233	-3590.768	166.5347	1.527676	2.129938	0.4690079	2.386203
35628	-3419.808	-3586.388	166.5799	1.391724	2.129587	0.4690079	2.443513
35634	-3423.166	-3589.88	166.7142	1.514099	1.524321	0.5732566	2.417815
35640	-3423.806	-3590.342	166.5358	1.392045	2.037341	0.5782155	2.393747
35646	-3444.36	-3611.381	167.0206	1.445337	1.577627	0.3234	2.528147
35652	-3430.033	-3596.244	166.2107	1.414177	2.549615	0.4652574	2.528147
35658	-3434.574	-3601.354	166.7802	1.499304	2.453619	0.4569589	2.150871
35664	-3438.981	-3605.943	166.9615	1.535183	1.958132	0.4808401	2.158259
35670	-3447.875	-3614.244	166.3685	1.241774	2.489844	0.4808401	2.538718
35676	-3438.783	-3603.861	165.0774	1.278181	1.862489	0.4808401	3.499537
35682	-3430.422	-3596.784	166.3615	1.350862	1.859054	0.4808401	2.690851
35688	-3424.999	-3590.597	165.5975	1.322404	1.90562	0.6736317	2.978738
35694	-3424.484	-3590.751	166.2672	1.348517	1.90562	0.4787466	2.734707
35700	-3425.918	-3591.738	165.8194	1.382346	2.296465	0.5212172	2.809555
35706	-3436.33	-3601.98	165.6498	1.348972	1.597953	0.5765823	3.1335
35712	-3442.625	-3605.958	163.3327	1.180066	2.514628	0.6397784	4.212895
35718	-3451.957	-3618.604	166.6467	1.330891	1.796416	0.5710032	2.461328
35724	-3450.892	-3617.067	166.1753	1.44269	2.421961	0.5748998	2.461328
35730	-3447.568	-3611.159	163.5912	1.191858	2.011014	0.4886346	4.342453
35736	-3444.164	-3608.06	163.8965	1.024672	2.172691	0.5317133	4.172525
35742	-3440.382	-3604.353	163.9706	1.12892	2.241056	0.5923825	3.997058
35748	-3454.207	-3617.997	163.7906	1.308964	2.241056	0.5923825	3.997058
35754	-3429.954	-3593.702	163.7479	1.229664	2.241056	0.679784	3.997058
35760	-3427	-3591.285	164.2849	1.190078	2.119583	0.6409655	3.780093
35766	-3422.813	-3587.902	165.0893	1.390456	2.097443	0.5411584	3.287544
35772	-3425.157	-3589.451	164.2931	1.217013	2.092297	0.6566935	3.756235
35778	-3432.095	-3594.798	162.7035	1.085017	2.092297	0.6016452	4.775811
35784	-3430.608	-3594.228	163.62	1.132195	2.138444	0.6016452	4.219007
35790	-3437.179	-3603.837	166.6577	1.52317	1.962419	0.5056621	2.33313
35796	-3431.746	-3597.6	165.854	1.361447	2.211603	0.5436702	2.807185
35802	-3463.456	-3627.318	163.8616	1.11099	2.080012	0.6449506	4.077572
35808	-3456.456	-3619.03	162.5743	1.088036	2.080012	0.5815655	4.866502
35814	-3419.687	-3584.957	165.2699	1.312325	2.211603	0.5478676	3.183404
35820	-3440.334	-3604.634	164.3005	1.226492	1.990278	0.437997	3.97671
35826	-3435.751	-3599.589	163.8377	1.118664	2.334512	0.5990109	4.045113
35832	-3433.726	-3597.594	163.868	1.08862	1.995563	0.4305425	4.307062
35838	-3437.482	-3602.396	164.9142	1.189352	2.057566	0.3901492	3.674444
35844	-3433.727	-3598.214	164.4862	1.161388	2.307866	0.6192262	3.639044
35850	-3441.244	-3606.292	165.0472	1.222642	2.373009	0.5723281	3.295775
35856	-3436.323	-3598.658	162.3349	1.060701	2.373009	0.6856212	4.845873
35862	-3437.094	-3599.311	162.217	0.9096354	2.623216	0.5020026	5.07718
35868	-3438.716	-3601.707	162.9908	0.9277999	2.590129	0.4284536	4.716175
35874	-3436.634	-3600.788	164.1541	1.13472	2.585546	0.4275917	3.943509
35880	-3437.464	-3601.241	163.7773	1.230859	2.493234	0.6119545	3.959012
35886	-3434.382	-3598.655	164.2723	1.2128	2.444899	0.4974487	3.800256
35892	-3440.335	-3604.118	163.7833	1.079463	1.852616	0.4195259	4.420371
35898	-3428.166	-3593.548	165.3821	1.254528	1.948136	0.4195259	3.368412
35904	-3426.913	-3592.162	165.2487	1.385162	1.851541	0.6397584	3.196872
35910	-3434.14	-3599.277	165.1371	1.247905	1.826602	0.5051523	3.471761
35916	-3424.581	-3589.766	165.1852	1.355498	1.826602	0.460785	3.424704
35922	-3428.719	-3594.805	166.0867	1.340511	1.826602	0.490492	2.867147
35928	-3430.115	-3595.686	165.571	1.271586	2.380165	0.4562077	3.065703
35934	-3429.632	-3594.983	165.3512	1.39991	2.380165	0.4562077	3.120275
35940	-3429.222	-3593.86	164.6373	1.124753	1.950808	0.5181753	3.776598
35946	-3426.251	-3591.719	165.4678	1.207312	1.579093	0.5181753	3.386042
35952	-3428.71	-3593.933	165.2223	1.151965	1.641661	0.5738408	3.486019
35958	-3432.509	-3596.525	164.0155	1.076988	2.176511	0.6805628	3.950784
35964	-3432.35	-3597.069	164.719	1.240184	1.937352	0.6579942	3.547426
35970	-3434.97	-3601.362	166.3919	1.43732	1.66324	0.5070153	2.670261
35976	-3439.061	-3605.56	166.4992	1.433811	1.66324	0.5070153	2.60624
35982	-3434.522	-3600.965	166.4437	1.392952	1.804052	0.5688176	2.548414
35988	-3439.278	-3605.879	166.6008	1.55991	1.804052	0.5823247	2.331817
35994	-3439.755	-3606.284	166.5294	1.537788	2.459189	0.5823247	2.155522
36000	-3448.111	-3613.982	165.8708	1.389976	1.951572	0.5109003	2.901024
36006	-3437.03	-3603.241	166.2108	1.36779	1.951572	0.4838208	2.735142
36012	-3430.159	-3596.238	166.0783	1.314829	2.083152	0.4838208	2.80154
36018	-3436.274	-3600.03	163.7567	1.309669	2.566979	0.4858102	4.017149
36024	-3429.388	-3593.367	163.9782	1.267659	2.33173	0.7142128	3.789918
36030	-3428.777	-3593.475	164.6984	1.181392	1.897667	0.4579161	3.785724
36036	-3433.807	-3598.394	164.5871	1.143648	2.570159	0.3716217	3.755843
36042	-3426.044	-3590.75	164.706	1.199504	2.066691	0.5747819	3.603543
36048	-3423.169	-3588.258	165.0893	1.207909	2.260808	0.5747819	3.31197
36054	-3426.373	-3591.078	164.7052	1.313896	1.80745	0.4534791	3.742311
36060	-3422.291	-3585.829	163.5378	0.9951493	1.741726	0.5306541	4.538437
36066	-3428.515	-3592.557	164.0417	1.079595	1.547219	0.5306541	4.281669
36072	-3427.931	-3593.024	165.0936	1.13513	1.547219	0.500531	3.676062
36078	-3423.192	-3588.414	165.2229	1.170678	1.547219	0.4003666	3.683944
36084	-3423.844	-3588.323	164.4787	1.255354	2.129971	0.5728062	3.683944
36090	-3417.789	-3582.355	164.5664	1.167623	2.129971	0.5728062	3.683944
36096	-3435.413	-3600.164	164.752	1.21226	2.198202	0.4972939	3.597799
36102	-3443.376	-3607.407	164.0315	1.043973	2.299356	0.4727539	4.101346
36108	-3419.972	-3584.461	164.489	1.142252	2.110091	0.4727539	3.842252
36114	-3431.736	-3595.842	164.1058	1.139296	2.353367	0.6312844	3.847838
36120	-3428.018	-3594.441	166.4226	1.439627	1.736416	0.4379092	2.693102
36126	-3422.765	-3588.948	166.1826	1.355578	1.736416	0.4655763	2.86077
36132	-3427.224	-3593.855	166.631	1.379664	2.202558	0.3265304	2.567198
36138	-3420.609	-3587.278	166.6691	1.433488	1.816126	0.38664	2.572865
36144	-3432.844	-3599.258	166.4139	1.514229	1.816126	0.6210832	2.438579
36150	-3441.051	-3608.148	167.0974	1.627402	2.256524	0.3960227	1.99856
36156	-3445.836	-3613.204	167.3681	1.610329	2.151264	0.4005133	1.860139
36162	-3445.622	-3611.642	166.0198	1.292072	1.419283	0.4159111	3.184606
36168	-3442.321	-3608.225	165.9038	1.317252	1.860343	0.4105298	3.064017
36174	-3433.73	-3597.708	163.9773	1.178001	1.918632	0.8146427	3.904501
36180	-3439.263	-3604.703	165.4396	1.228492	1.727446	0.8490118	3.068215
36186	-3429.027	-3594.338	165.3103	1.232479	1.895934	0.3899532	3.474983
36192	-3416.056	-3582.165	166.1088	1.351323	1.958231	0.3572352	2.948293
36198	-3447.487	-3612.725	165.2382	1.351323	1.958231	0.4463014	3.363785
36204	-3447.385	-3614.355	166.9697	1.462309	1.61091	0.4322794	2.397531
36210	-3442.654	-3608.895	166.2401	1.455228	1.61091	0.5826797	2.702148
36216	-3432.227	-3597.327	165.1005	1.307148	1.61091	0.5992941	3.456935
36222	-3432.542	-3597.963	165.4211	1.318818	1.550483	0.6149868	3.273513
36228	-3426.073	-3590.037	163.9648	1.272276	2.46858	0.5768599	3.864182
36234	-3458.506	-3625.208	166.7018	1.360254	1.679195	0.4782322	2.549283
36240	-3437.008	-3601.047	164.0389	1.121019	2.208017	0.666177	3.913297
36246	-3428.208	-3593.951	165.7425	1.278316	1.587923	0.5939288	3.10929
36252	-3439.426	-3605.04	165.6141	1.40486	1.985823	0.6565732	2.903963
36258	-3434.714	-3600.657	165.9422	1.265473	1.785511	0.6565732	2.864341
36264	-3437.736	-3605.069	167.3328	1.568011	2.016106	0.5273745	1.813911
36270	-3452.504	-3617.142	164.6382	1.277922	2.30437	0.5790711	3.517962
36276	-3438.678	-3603.347	164.6689	1.193232	2.365857	0.397755	3.70878
36282	-3442.722	-3608.648	165.9266	1.418153	1.873824	0.6225253	2.775989
36288	-3430.096	-3596.924	166.8278	1.462954	1.981081	0.4431944	2.324363
36294	-3440.097	-3605.814	165.7176	1.246126	2.160181	0.5509526	2.969562
36300	-3440.415	-3605.207	164.7917	1.397133	2.160181	0.5509526	3.428933
36306	-3429.322	-3592.957	163.6354	1.32028	2.160181	0.5509526	4.139725
36312	-3427.152	-3592.899	165.7472	1.356429	2.160181	0.5827962	2.856007
36318	-3427.301	-3593.123	165.8229	1.424662	2.188855	0.4355841	2.905407
36324	-3428.876	-3595.68	166.8044	1.479292	1.917705	0.4355841	2.361733
36330	-3432.105	-3597.896	165.7918	1.338378	2.315127	0.4355841	2.935521
36336	-3434.22	-3599.622	165.402	1.323153	2.777903	0.6187029	2.867241
36342	-3426.263	-3591.524	165.2612	1.40303	2.777903	0.5900839	2.929072
36348	-3437.341	-3602.649	165.3072	1.40303	2.777903	0.5593894	2.929072
36354	-3432.81	-3598.138	165.3273	1.215861	2.37825	0.5593894	3.143992
36360	-3434.968	-3600.854	165.8854	1.443053	2.37825	0.3796768	2.86031
36366	-3428.901	-3594.572	165.6711	1.387885	2.37825	0.5703566	2.824078
36372	-3434.754	-3600.33	165.5766	1.441729	2.510953	0.4733896	2.902912
36378	-3443.348	-3608.146	164.7974	1.349187	2.579606	0.4733896	3.401393
36384	-3424.175	-3589.413	165.2377	1.25291	1.898568	0.434015	3.455818
36390	-3432.11	-3597.544	165.4341	1.286639	1.898568	0.4974867	3.255805
36396	-3439.827	-3605.696	165.8693	1.380683	1.898568	0.7323986	2.735065
36402	-3431.454	-3596.658	165.204	1.498256	1.898568	1.064747	2.847851
36408	-3433.657	-3600.297	166.6401	1.472634	1.986294	0.4096477	2.473986
36414	-3433.861	-3599.637	165.7763	1.283055	2.026473	0.4981342	3.008359
36420	-3449.234	-3615.475	166.2411	1.583473	2.376896	0.645629	2.280505
36426	-3439.471	-3606.052	166.5814	1.640937	2.057351	0.645629	2.135247
36432	-3438.252	-3605.205	166.9526	1.547257	2.057351	0.5415389	2.053248
36438	-3451.768	-3618.573	166.8045	1.555229	2.031665	0.40675	2.304488
36444	-3437.251	-3603.808	166.5565	1.383455	1.985447	0.4184339	2.571728
36450	-3437.952	-3603.41	165.4579	1.232641	1.852769	0.4736028	3.314037
36456	-3432.3	-3597.403	165.1033	1.256691	2.552744	0.4736028	3.283293
36462	-3435.415	-3600.375	164.9604	1.176288	2.134737	0.4726477	3.54206
36468	-3435.017	-3599.71	164.6931	1.139001	2.134737	0.5708793	3.627258
36474	-3432.168	-3598.203	166.0349	1.400624	1.978245	0.4096003	2.893314
36480	-3423.062	-3589.152	166.0903	1.31664	1.633538	0.5200167	2.926834
36486	-3432.238	-3598.394	166.1562	1.346074	1.902018	0.5200167	2.763649
36492	-3418.179	-3584.885	166.7059	1.402326	1.69088	0.4980045	2.494907
36498	-3421.618	-3587.982	166.3635	1.340453	1.69088	0.4667194	2.77712
36504	-3422.726	-3586.835	164.109	1.242566	2.033154	0.6420664	3.878498
36510	-3414.412	-3579.583	165.1715	1.262856	2.335949	0.5249766	3.253268
36516	-3430.412	-3594.686	164.2736	1.337822	2.335949	0.5249766	3.733554
36522	-3427.197	-3593.012	165.8156	1.354229	2.794447	0.5954424	2.611171
36528	-3430.528	-3596.843	166.3147	1.394968	2.530294	0.4712995	2.474447
36534	-3437.644	-3604.247	166.6026	1.540416	2.839448	0.4051787	2.183311
36540	-3421.854	-3588.469	166.6148	1.494573	2.221323	0.4392667	2.357922
36546	-3421.472	-3588.128	166.6557	1.409027	2.221323	0.4644153	2.357922
36552	-3427.013	-3593.816	166.8028	1.568004	2.067962	0.316426	2.402775
36558	-3425.579	-3592.944	167.3655	1.705855	1.964161	0.3934759	1.879337
36564	-3432.561	-3599.974	167.4134	1.619575	1.964161	0.4541628	1.82855
36570	-3427.576	-3594.142	166.5655	1.462861	1.981265	0.4492722	2.483111
36576	-3430.442	-3597.084	166.6424	1.403972	2.196218	0.453498	2.390317
36582	-3429.478	-3595.747	166.2687	1.346411	2.423319	0.4011537	2.645443
36588	-3427.277	-3593.492	166.215	1.379929	2.423319	0.4426342	2.610246
36594	-3431.06	-3595.374	164.3134	1.321963	2.423319	0.8569094	3.437394
36600	-3437.272	-3602.182	164.91	1.457482	2.350657	0.8569094	3.026162
36606	-3429.326	-3593.997	164.6717	1.438388	2.405705	0.8569094	3.162884
36612	-3434.852	-3599.723	164.8718	1.414403	2.405705	0.8612404	3.055068
36618	-3441.691	-3606.559	164.8677	1.349026	2.166008	0.736501	3.25925
36624	-3430.947	-3596.427	165.4801	1.311753	1.89819	0.5138352	3.197962
36630	-3446.664	-3611.552	164.8882	1.286869	2.01112	0.3525331	3.692715
36636	-3458.829	-3623.246	164.4169	1.216319	1.893186	0.4063866	3.982931
36642	-3442.555	-3607.042	164.4871	1.280082	2.220167	0.4967646	3.705559
36648	-3441.971	-3606.542	164.571	1.256412	2.130106	0.4902846	3.705559
36654	-3431.594	-3597.716	166.1221	1.477416	1.985091	0.387697	2.81709
36660	-3434.956	-3601.518	166.5615	1.497861	1.985091	0.4700995	2.439317
36666	-3444.979	-3612.045	167.0663	1.484287	1.750159	0.3872793	2.317059
36672	-3440.931	-3607.683	166.7519	1.556981	2.016198	0.4844281	2.253599
36678	-3439.241	-3606.578	167.337	1.617608	2.016198	0.4369219	1.882335
36684	-3439.174	-3606.683	167.5093	1.653063	2.305203	0.4317029	1.632029
36690	-3436.211	-3601.35	165.1396	1.268025	2.691682	0.5905517	3.106065
36696	-3436.253	-3601.831	165.5783	1.21214	2.354829	0.5921366	2.974057
36702	-3437.364	-3604.809	167.4451	1.635754	1.9298	0.4317029	1.837548
36708	-3444.246	-3611.809	167.5628	1.684079	1.816961	0.3811985	1.837548
36714	-3437.701	-3605.164	167.4624	1.710231	1.816961	0.4573445	1.790531
36720	-3456.306	-3622.713	166.4069	1.371396	2.273076	0.5227468	2.459739
36726	-3436.055	-3601.762	165.7072	1.371396	2.388195	0.4816444	2.895069
36732	-3448.786	-3614.702	165.9158	1.419336	2.287092	0.4816444	2.771095
36738	-3447.126	-3613.898	166.7716	1.476412	1.817596	0.3361766	2.546675
36744	-3438.221	-3606.481	168.2594	1.944196	1.621185	0.3257175	1.314542
36750	-3432.345	-3600.547	168.2017	1.953245	1.641435	0.3887372	1.235192
36756	-3437.51	-3605.846	168.3364	1.921861	1.602695	0.5167325	0.9539924
36762	-3436.951	-3602.592	165.6405	1.343908	1.706694	0.5256507	3.144817
36768	-3433.55	-3598.889	165.3384	1.3282	1.623665	0.5256507	3.365753
36774	-3435.104	-3601.76	166.6562	1.357746	1.623665	0.4064413	2.682416
36780	-3432.739	-3599.194	166.4543	1.36833	1.748657	0.4655243	2.682416
36786	-3439.603	-3606.093	166.4905	1.364825	1.699106	0.4655243	2.682416
36792	-3431.87	-3599.863	167.9924	1.827033	2.042472	0.4506867	1.208228
36798	-3443.982	-3611.428	167.4455	1.83752	1.869544	0.5692049	1.558481
36804	-3430.109	-3597.856	167.7469	1.63264	1.562201	0.5130978	1.69919
36810	-3431.131	-3597.16	166.0289	1.34042	1.804545	0.5585195	2.844743
36816	-3432.856	-3598.254	165.398	1.336036	1.848443	0.6622977	3.120126
36822	-3429.868	-3595.465	165.5971	1.36107	1.848443	0.7269621	2.935199
36828	-3428.426	-3593.089	164.6621	1.256534	2.172721	0.4534399	3.675849
36834	-3426.133	-3592.698	166.5644	1.358207	1.908156	0.4534399	2.571754
36840	-3426.738	-3591.775	165.0374	1.322715	1.908216	0.624143	3.350715
36846	-3417.571	-3583.384	165.8137	1.251406	1.908216	0.4337173	3.113796
36852	-3419.477	-3584.643	165.1664	1.314314	2.475824	0.5680187	3.14411
36858	-3421.168	-3586.968	165.7996	1.314314	2.052549	0.5363943	2.929291
36864	-3439.799	-3604.97	165.1715	1.313844	2.217203	0.5825052	3.207897
36870	-3440.826	-3606.523	165.6972	1.359393	2.113128	0.5772782	2.905338
36876	-3444.448	-3610.302	165.8541	1.370173	2.113128	0.4724953	2.905338
36882	-3434.965	-3600.997	166.0317	1.364434	2.072586	0.5825416	2.707906
36888	-3440.466	-3606.819	166.3528	1.457746	1.76117	0.4691242	2.680992
36894	-3432.878	-3598.636	165.7582	1.459041	2.186468	0.5898017	2.771866
36900	-3438.846	-3605.447	166.6004	1.461454	2.186468	0.3870774	2.461952
36906	-3437.269	-3602.937	165.6682	1.487445	2.055367	0.3535661	3.101236
36912	-3437.044	-3602.308	165.2636	1.413115	2.036614	0.59809	3.140629
36918	-3426.758	-3592.807	166.0496	1.545052	1.963539	0.819574	2.431695
36924	-3429.127	-3595.319	166.1923	1.329272	2.194585	0.5178105	2.65057
36930	-3423.717	-3590.379	166.6613	1.391378	1.670518	0.5178105	2.517903
36936	-3432.911	-3599.362	166.4503	1.455913	1.898712	0.5178105	2.517903
36942	-3447.146	-3612.45	165.3044	1.409485	2.558848	0.5178105	3.02752
36948	-3440.872	-3604.992	164.1198	1.257186	2.558848	0.9223223	3.507602
36954	-3435.93	-3601.726	165.796	1.407698	3.17948	0.4203304	2.666489
36960	-3443.036	-3609.035	165.9989	1.422583	3.065254	0.3028683	2.711069
36966	-3433.605	-3599.969	166.3634	1.423054	3.065254	0.3028683	2.485039
36972	-3442.077	-3608.935	166.8575	1.556359	2.255495	0.417881	2.17604
36978	-3437.628	-3605.082	167.4531	1.63915	1.989126	0.417881	1.822913
36984	-3434.818	-3601.742	166.924	1.626403	3.212681	0.4254646	1.779463
36990	-3435.894	-3602.782	166.8881	1.502398	2.092377	0.4254646	2.239948
36996	-3435.98	-3602.182	166.2014	1.404814	2.092377	0.4426801	2.712006
37002	-3439.244	-3605.978	166.734	1.567815	2.351468	0.3624142	2.285948
37008	-3444.67	-3611.375	166.7046	1.496433	1.863164	0.5785893	2.285948
37014	-3429.707	-3596.196	166.4894	1.396862	1.932497	0.5785893	2.458556
37020	-3437.566	-3603.614	166.0481	1.359567	2.434129	0.5624303	2.600322
37026	-3428.438	-3595.585	167.1472	1.597703	2.434129	0.5624303	1.727091
37032	-3446.114	-3613.412	167.2974	1.767184	2.603516	0.3254617	1.747054
37038	-3432.004	-3599.671	167.6669	1.776364	2.347838	0.3254617	1.566637
37044	-3429.022	-3594.023	165.0008	1.234579	2.681817	0.458582	3.335988
37050	-3437.808	-3605.612	167.8035	1.714643	2.083238	0.3711099	1.545839
37056	-3439.048	-3606.825	167.7772	1.641603	2.333302	0.3346657	1.575322
37062	-3438.365	-3602.054	163.689	1.266795	2.2065	0.6010648	4.082475
37068	-3434.379	-3600.635	166.2567	1.315662	1.741158	0.3647444	2.952992
37074	-3434.552	-3602.408	167.8558	1.698235	1.646523	0.3068058	1.812514
37080	-3438.926	-3604.703	165.7774	1.274772	2.142955	0.4058271	3.071206
37086	-3432.519	-3598.832	166.3133	1.317159	1.870727	0.4689752	2.749066
37092	-3431.554	-3598.894	167.3401	1.512828	1.556597	0.4689752	2.109607
37098	-3440.1	-3606.217	166.117	1.512828	2.206524	0.4984248	2.599223
37104	-3451.688	-3618.032	166.3447	1.4805	2.206524	0.5597836	2.416253
37110	-3441.793	-3608.008	166.215	1.651818	2.807046	0.45228	2.314472
37116	-3433.583	-3600.162	166.5789	1.651818	2.268043	0.7676444	1.948087
37122	-3438.011	-3603.086	165.0751	1.312581	2.419198	0.5964756	3.191064
37128	-3433.931	-3600.091	166.1602	1.275475	2.419198	0.5003458	2.64845
37134	-3436.216	-3603.053	166.8369	1.601031	2.127739	0.3465315	2.296883
37140	-3438.583	-3605.869	167.2855	1.730634	2.127739	0.3465315	1.917578
37146	-3432.21	-3599.444	167.2348	1.534998	2.631644	0.3465315	1.909465
37152	-3436.936	-3603.979	167.0436	1.463243	1.606475	0.4066146	2.382446
37158	-3423.678	-3590.687	167.0094	1.463243	1.606475	0.4599994	2.342339
37164	-3421.769	-3589.09	167.3207	1.530451	1.694163	0.336021	2.215798
37170	-3426.482	-3593.775	167.2925	1.530451	1.70153	0.336021	2.230765
37176	-3434.27	-3601.231	166.9603	1.517613	1.91085	0.5834527	2.082735
37182	-3426.829	-3593.825	166.9966	1.472479	1.433668	0.3394643	2.569958
37188	-3424.402	-3590.276	165.8735	1.411172	1.625046	0.5421015	2.982885
37194	-3436.754	-3603.989	167.2355	1.446923	1.625046	0.4782045	2.179172
37200	-3436.103	-3602.901	166.7982	1.30925	1.625046	0.383432	2.651789
37206	-3425.171	-3591.526	166.3548	1.331693	1.89515	0.3356371	2.862301
37212	-3438.407	-3603.062	164.655	1.176881	1.89515	0.5701863	3.708944
37218	-3448.139	-3613.007	164.8676	1.248875	1.89515	0.4022931	3.708944
37224	-3433.604	-3598.803	165.1983	1.212206	1.89515	0.4022931	3.538399
37230	-3437.868	-3601.345	163.4767	1.051388	2.79285	0.4716936	4.277111
37236	-3426.681	-3590.726	164.0451	1.245183	2.460859	0.4716936	3.932533
37242	-3432.28	-3597.215	164.9347	1.195484	1.797108	0.4649204	3.670347
37248	-3430.862	-3597.267	166.4047	1.403071	2.192268	0.4600443	2.534195
37254	-3431.759	-3598.119	166.3606	1.288842	2.021263	0.3584531	2.809754
37260	-3434.114	-3599.882	165.7677	1.253358	2.021263	0.3355227	3.215751
37266	-3429.887	-3595.048	165.1612	1.420121	1.789366	0.6839203	3.215751
37272	-3431.547	-3598.502	166.9553	1.480458	1.550952	0.5492458	2.297241
37278	-3425.864	-3591.482	165.6181	1.344018	2.260314	0.4816805	3.005235
37284	-3424.937	-3589.81	164.8727	1.275336	1.881889	0.5965029	3.507522
37290	-3424.979	-3590.569	165.5904	1.350277	1.881889	0.5359875	3.094416
37296	-3427.536	-3592.428	164.8926	1.194519	2.581284	0.5359875	3.375425
37302	-3428.206	-3593.445	165.2393	1.233411	1.760611	0.4185252	3.533615
37308	-3431.762	-3596.283	164.5209	1.342869	1.760611	0.5842224	3.727402
37314	-3430.705	-3597.292	166.5861	1.4134	1.783318	0.4751272	2.548951
37320	-3444.799	-3608.501	163.7024	1.126592	1.843552	0.5626918	4.306742
37326	-3432.646	-3596.415	163.7688	1.154796	1.817439	0.5129573	4.306742
37332	-3431.694	-3595.468	163.7739	0.9985205	1.817439	0.5129573	4.392146
37338	-3428.596	-3592.591	163.9956	1.11024	2.259252	0.5188638	4.052434
37344	-3424.872	-3588.758	163.8859	1.082186	2.259252	0.54071	4.111142
37350	-3437.614	-3603.155	165.5414	1.24781	2.626711	0.4789672	3.001539
37356	-3436.8	-3602.193	165.3928	1.252924	2.626711	0.5560052	3.01293
37362	-3444.045	-3609.901	165.8558	1.298233	1.942088	0.467136	3.01293
37368	-3433.613	-3599.188	165.5758	1.336065	1.842975	0.467136	3.193461
37374	-3437.841	-3603.13	165.289	1.235541	2.549655	0.467136	3.193461
37380	-3430.08	-3596.036	165.9558	1.338765	1.860674	0.467136	2.958394
37386	-3434.969	-3600.273	165.3046	1.345197	2.134841	0.4348651	3.280526
37392	-3435.376	-3599.824	164.4472	1.145224	2.27461	0.4909113	3.795185
37398	-3431.346	-3597.203	165.8576	1.283787	2.02104	0.4909113	2.968221
37404	-3437.203	-3604.621	167.4177	1.504439	1.928674	0.371284	2.023582
37410	-3440.141	-3607.155	167.0143	1.402914	1.93381	0.4548521	2.248196
37416	-3438.553	-3605.551	166.9979	1.43518	1.630492	0.505476	2.307837
37422	-3433.754	-3600.248	166.4931	1.555715	1.989572	0.6069185	2.307837
37428	-3431.257	-3596.618	165.3613	1.445719	2.455855	0.7936516	2.772453
37434	-3430.654	-3596.128	165.474	1.428904	1.852734	0.6504234	3.027329
37440	-3432.816	-3596.609	163.7925	1.27644	2.213304	0.5747346	4.037999
37446	-3445.989	-3611.157	165.168	1.27644	2.206911	0.4809924	3.330401
37452	-3461.065	-3626.242	165.1775	1.440897	2.211832	0.6965711	3.035948
37458	-3445.79	-3612.089	166.299	1.488472	1.930001	0.6088996	2.493586
37464	-3441.42	-3607.261	165.8406	1.488789	2.079956	0.6088996	2.72266
37470	-3438.265	-3604.809	166.5437	1.43512	2.079956	0.4481944	2.479468
37476	-3427.477	-3594.469	166.9919	1.467147	2.079956	0.3976809	2.234218
37482	-3438.268	-3605.119	166.8513	1.322477	1.874774	0.3976809	2.492209
37488	-3432.873	-3599.447	166.5737	1.394685	1.939349	0.4900383	2.492209
37494	-3429.433	-3596.054	166.6213	1.388987	1.778985	0.5252969	2.492209
37500	-3431.884	-3597.551	165.6667	1.359056	2.314043	0.4155435	3.020862
37506	-3433.137	-3600.381	167.2442	1.56862	1.774559	0.4155435	2.102189
37512	-3444.08	-3609.356	165.2763	1.346108	1.669366	0.7627407	3.17878
37518	-3442.288	-3607.151	164.8636	1.51889	2.226913	0.7627407	3.122014
37524	-3446.138	-3611.915	165.7768	1.559627	2.300504	0.5081588	2.739048
37530	-3452.382	-3619.68	167.2981	1.557595	1.814064	0.4839872	1.976303
37536	-3443.381	-3609.78	166.3992	1.509486	2.185154	0.4839872	2.447675
37542	-3447.43	-3613.394	165.9637	1.383245	1.975487	0.5348754	2.816893
37548	-3439.027	-3605.261	166.2341	1.455754	2.54579	0.387851	2.577824
37554	-3435.412	-3601.274	165.8619	1.376874	2.435289	0.387851	2.887271
37560	-3428.453	-3594.486	166.0329	1.352062	2.335653	0.387851	2.829526
37566	-3436.33	-3601.076	164.7458	1.384654	2.417724	0.6311933	3.314146
37572	-3434.307	-3597.923	163.6153	1.119709	1.956137	0.517412	4.36114
37578	-3430.315	-3595.102	164.7868	1.185145	1.891039	0.517412	3.677036
37584	-3431.619	-3596.116	164.497	1.320959	1.891039	0.6180675	3.677898
37590	-3440.785	-3605.698	164.9126	1.15445	2.324465	0.4747937	3.520967
37596	-3439.738	-3604.383	164.6448	1.16278	2.282764	0.5201939	3.640655
37602	-3438.922	-3602.818	163.8951	1.137439	2.160399	0.5565662	4.090977
37608	-3458.507	-3620.658	162.1509	1.005756	1.899353	0.6142666	5.179956
37614	-3443.513	-3608.038	164.5241	1.173666	1.967401	0.7041003	3.653223
37620	-3441.193	-3604.973	163.78	1.182194	2.243583	0.6697794	4.012695
37626	-3442.847	-3607.16	164.3133	1.193988	2.243583	0.5097742	3.835752
37632	-3434.046	-3599.104	165.0573	1.276187	2.712611	0.5367554	3.192998
37638	-3432.233	-3596.627	164.3942	1.23706	2.712611	0.5721994	3.573099
37644	-3444.509	-3609.604	165.0947	1.240805	1.871881	0.5333115	3.457715
37650	-3426.243	-3592.526	166.2832	1.37059	1.871881	0.5025937	2.699584
37656	-3435.39	-3602.926	167.5362	1.575202	1.564413	0.4150803	1.999312
37662	-3420.235	-3587.327	167.0914	1.565258	1.92458	0.4150803	2.143681
37668	-3442.156	-3609.592	167.4363	1.458503	1.560934	0.4150803	2.143681
37674	-3436.632	-3603.607	166.9756	1.479136	1.560934	0.3848287	2.46213
37680	-3427.689	-3595.557	167.8685	1.636409	1.576347	0.4540478	1.674046
37686	-3428.568	-3596.161	167.5937	1.631938	1.576347	0.4540478	1.868671
37692	-3433.067	-3600.148	167.0814	1.603392	2.1036	0.4540478	2.009539
37698	-3435.961	-3601.918	165.9571	1.390772	2.657974	0.5887871	2.54561
37704	-3431.341	-3597.244	165.9027	1.353768	1.994087	0.6848305	2.733609
37710	-3420.015	-3585.644	165.6293	1.421211	1.838597	0.386343	3.201369
37716	-3422.312	-3588.573	166.2607	1.409422	2.071098	0.543948	2.575673
37722	-3418.465	-3584.318	165.8531	1.332253	2.071098	0.5139704	2.901399
37728	-3414.398	-3580.611	166.2134	1.440536	2.071098	0.4036054	2.734618
37734	-3418.488	-3584.624	166.1369	1.457225	1.970225	0.5561027	2.647341
37740	-3420.692	-3587.051	166.3594	1.439528	1.925848	0.4482333	2.647341
37746	-3426.969	-3593.286	166.3166	1.439528	2.445752	0.493494	2.447861
37752	-3422.92	-3589.588	166.6679	1.387177	1.956706	0.4744577	2.447861
37758	-3430.536	-3596.484	165.9478	1.459053	2.110965	0.4744577	2.79331
37764	-3441.218	-3607.968	166.7498	1.557481	2.110965	0.4961976	2.206935
37770	-3426.34	-3592.9	166.5597	1.495035	2.015441	0.4961976	2.40319
37776	-3417.592	-3584.593	167.0011	1.548347	2.015441	0.6264607	1.952411
37782	-3434.188	-3600.812	166.6235	1.552724	2.015441	0.6995041	2.134013
37788	-3426.495	-3593.078	166.583	1.417985	1.999515	0.5706477	2.368566
37794	-3440.162	-3605.769	165.6064	1.363949	2.236778	0.5129613	2.97667
37800	-3438.316	-3604.32	166.0039	1.301317	2.719064	0.4622096	2.679799
37806	-3433.83	-3599.232	165.4019	1.301317	2.423015	0.4661501	3.125496
37812	-3437.847	-3602.881	165.0336	1.403167	2.100524	0.8559283	3.066113
37818	-3438.342	-3605.286	166.9438	1.549111	2.100524	0.6978427	1.892264
37824	-3424.002	-3589.697	165.6949	1.432702	2.194032	0.5403139	2.869477
37830	-3429.168	-3596.516	167.3472	1.589241	1.966902	0.5403139	1.795204
37836	-3438.004	-3604.997	166.9931	1.598645	2.494711	0.4562871	1.931326
37842	-3436.463	-3603.359	166.8961	1.588977	2.166618	0.4562871	2.115591
37848	-3430.298	-3597.386	167.0873	1.586366	2.092155	0.465402	2.008025
37854	-3433.975	-3601.337	167.3617	1.719629	2.095837	0.4734726	1.718212
37860	-3430.759	-3598.152	167.3925	1.556133	1.790278	0.4595814	1.952278
37866	-3428.099	-3595.079	166.9805	1.523263	1.875863	0.3586957	2.332878
37872	-3428.4	-3594.101	165.7013	1.3876	1.660452	0.8753889	2.824013
37878	-3437.897	-3603.808	165.9113	1.446211	2.150938	0.4486342	2.837215
37884	-3433.22	-3599.26	166.0399	1.334507	2.152872	0.4486342	2.826335
37890	-3424.553	-3591.155	166.6018	1.409821	2.036862	0.3525286	2.589539
37896	-3430.086	-3594.488	164.4024	1.15524	2.120441	0.4230179	3.932119
37902	-3442.803	-3609.28	166.477	1.368996	1.830251	0.4411643	2.662439
37908	-3443.281	-3608.803	165.5223	1.300065	1.830251	0.5110372	3.207543
37914	-3426.547	-3592.005	165.4574	1.253145	2.507627	0.5004211	3.061417
37920	-3423.955	-3588.901	164.946	1.415562	2.354342	0.4392156	3.376304
37926	-3432.369	-3597.268	164.8986	1.2645	2.749362	0.4532629	3.365724
37932	-3423.067	-3588.993	165.9258	1.336054	1.974448	0.728099	2.703144
37938	-3430.678	-3597.16	166.4823	1.40587	2.355376	0.4172794	2.478314
37944	-3447.512	-3614.042	166.5301	1.357988	2.355376	0.4172794	2.478314
37950	-3447.975	-3614.613	166.6384	1.43997	2.227128	0.5273245	2.280507
37956	-3447.272	-3613.912	166.6397	1.371199	1.995483	0.5273245	2.406207
37962	-3448.829	-3613.375	164.546	1.273529	2.120799	0.6518389	3.57163
37968	-3435.608	-3599.147	163.5391	1.147646	1.949147	0.6459414	4.282484
37974	-3435.669	-3599.814	164.1451	1.115122	1.715518	0.5209962	4.14585
37980	-3443.045	-3607.208	164.163	1.246207	1.715518	0.7249432	3.895104
37986	-3448.081	-3613.387	165.306	1.273635	2.01649	0.7360132	3.094503
37992	-3434.714	-3598.93	164.2159	1.216098	2.348708	0.7360132	3.661335
37998	-3434.471	-3599.974	165.5026	1.278803	2.348708	0.5380531	3.030605
38004	-3433.731	-3600.746	167.0147	1.480938	1.716556	0.3908492	2.361563
38010	-3438.716	-3605.581	166.8647	1.421441	1.71482	0.5140472	2.356231
38016	-3430.291	-3597.236	166.9441	1.418076	1.602934	0.5140472	2.356231
38022	-3433.476	-3599.978	166.5024	1.401683	1.602934	0.5416516	2.615451
38028	-3438.151	-3603.305	165.1546	1.158089	2.258467	0.4564448	3.416351
38034	-3439.02	-3604.303	165.2825	1.237376	1.963684	0.4333601	3.416418
38040	-3442	-3607.576	165.5765	1.200307	1.677286	0.3931952	3.416418
38046	-3432.999	-3598.215	165.2162	1.253589	1.884927	0.5633129	3.34699
38052	-3448.622	-3613.477	164.8552	1.210034	2.197138	0.7250209	3.34699
38058	-3426.403	-3590.924	164.5204	1.185859	2.197138	0.7250209	3.556872
38064	-3438.862	-3604.327	165.4653	1.239367	1.877066	0.4275737	3.345035
38070	-3430.62	-3596.277	165.6563	1.32311	2.365207	0.5530439	2.892371
38076	-3436.694	-3602.089	165.3946	1.201501	1.772878	0.4757221	3.397114
38082	-3442.721	-3607.293	164.5716	1.201611	1.810743	0.4757221	3.860378
38088	-3436.201	-3600.654	164.4537	1.190118	1.835662	0.5692992	3.839393
38094	-3428.241	-3593.039	164.798	1.263124	2.247482	0.5656417	3.462762
38100	-3447.026	-3612.367	165.3408	1.266888	2.105119	0.4170235	3.334577
38106	-3448.059	-3614.688	166.6283	1.455438	2.105119	0.4170235	2.440479
38112	-3431.61	-3598.503	166.8937	1.464624	2.205832	0.382081	2.273608
38118	-3441.709	-3608.288	166.5792	1.464624	1.730099	0.382081	2.649102
38124	-3433.725	-3600.47	166.7457	1.41288	2.061558	0.4744295	2.343786
38130	-3435.853	-3601.426	165.5738	1.30139	1.970149	0.4533861	3.183553
38136	-3430.22	-3596.85	166.6299	1.574032	1.958028	0.4533861	2.376624
38142	-3430.667	-3597.963	167.2961	1.553503	1.977032	0.4533861	1.948942
38148	-3428.494	-3595.935	167.4403	1.650199	1.810923	0.4533861	1.854554
38154	-3431.104	-3598.195	167.0905	1.657573	1.965574	0.4533861	2.021361
38160	-3429.664	-3596.314	166.6504	1.460981	1.655094	0.4485506	2.560972
38166	-3424.585	-3591.945	167.3599	1.547661	1.470845	0.4450761	2.142281
38172	-3432.045	-3599.373	167.3278	1.568967	1.655414	0.4639569	2.041114
38178	-3423.961	-3591.121	167.1602	1.494064	1.655414	0.4639569	2.199829
38184	-3426.091	-3593.33	167.2382	1.494064	1.618772	0.4342751	2.199829
38190	-3450.169	-3615.49	165.3216	1.270559	2.047434	0.5629365	3.218128
38196	-3446.737	-3611.712	164.9746	1.302694	1.583458	0.7056671	3.459136
38202	-3429.848	-3594.96	165.112	1.259664	2.115355	0.5132831	3.371351
38208	-3442.263	-3608.999	166.7365	1.431244	2.012928	0.5132831	2.314592
38214	-3432.301	-3598.508	166.2063	1.498213	2.112969	0.5632804	2.520996
38220	-3422.173	-3588.363	166.1897	1.394151	2.183495	0.4947887	2.639128
38226	-3421.519	-3588.077	166.558	1.443038	1.816036	0.4841839	2.525437
38232	-3426.659	-3592.378	165.7189	1.313145	2.245108	0.5949954	2.860541
38238	-3422.543	-3588.123	165.5805	1.451578	2.245108	0.5949954	2.860541
38244	-3415.077	-3581.023	165.9463	1.28029	2.02764	0.5870811	2.823076
38250	-3422.026	-3587.141	165.1154	1.39987	2.02764	0.4307564	3.399892
38256	-3429.53	-3593.785	164.2547	1.253428	2.140832	0.5227285	3.855477
38262	-3422.498	-3587.66	165.1624	1.289272	2.140832	0.5392202	3.291545
38268	-3432.957	-3598.948	165.9913	1.295525	2.140832	0.5426961	2.78829
38274	-3432.916	-3599.192	166.276	1.377227	2.30006	0.5426961	2.50938
38280	-3431.592	-3597.134	165.5425	1.269971	2.225538	0.5790103	3.013384
38286	-3432.407	-3598.031	165.6241	1.349082	1.880076	0.5790103	3.036248
38292	-3432.527	-3597.639	165.1118	1.229409	2.049205	0.557253	3.370611
38298	-3429.78	-3595.404	165.6234	1.169234	2.049205	0.557253	3.103613
38304	-3438.317	-3602.898	164.5802	1.227415	2.013684	0.557253	3.693408
38310	-3437.164	-3602.536	165.3725	1.242622	2.123069	0.3811462	3.364958
38316	-3427.14	-3593.113	165.973	1.410079	2.123069	0.4842199	2.793546
38322	-3438.287	-3604.355	166.0683	1.412054	1.717394	0.4587299	2.910569
38328	-3427.326	-3594.356	167.0301	1.509109	1.684313	0.4687773	2.255997
38334	-3424.836	-3590.599	165.7634	1.399224	2.488963	0.4687773	2.826842
38340	-3419.424	-3585.447	166.0231	1.333245	1.979435	0.6536541	2.703351
38346	-3423.658	-3589.56	165.9018	1.503829	1.835201	0.6493892	2.730574
38352	-3431.573	-3597.881	166.3079	1.421651	1.610011	0.7350974	2.553115
38358	-3427.845	-3592.887	165.0419	1.285207	1.916959	0.7350974	3.280036
38364	-3440.501	-3604.452	163.9506	1.299451	2.203043	0.7344773	3.812035
38370	-3422.012	-3587.454	165.4415	1.27525	2.203043	0.4295916	3.22451
38376	-3435.111	-3601.448	166.3374	1.277876	1.47593	0.4295916	2.962704
38382	-3432.05	-3597.568	165.5175	1.253964	1.481096	0.6480282	3.257376
38388	-3439.57	-3604.312	164.7415	1.173986	1.481096	0.6480282	3.756704
38394	-3439.349	-3605.576	166.2265	1.306071	2.121221	0.629423	2.564969
38400	-3433.025	-3597.772	164.7466	1.173689	2.128645	0.8010379	3.399667
38406	-3421.46	-3586.594	165.1336	1.254925	2.233386	0.5367678	3.301236
38412	-3430.362	-3595.693	165.3317	1.303744	2.233386	0.5097576	3.180833
38418	-3433.935	-3598.727	164.7925	1.134925	2.616977	0.7103419	3.313698
38424	-3421.159	-3586.43	165.271	1.356166	1.734061	0.5184805	3.352072
38430	-3424.866	-3591.286	166.4202	1.370782	1.860357	0.6061724	2.520421
38436	-3425.776	-3590.926	165.1497	1.382139	1.860357	0.7485173	3.169575
38442	-3424.663	-3590.682	166.019	1.36504	1.860357	0.4398628	2.933703
38448	-3433.294	-3599.066	165.7726	1.437297	2.094276	0.3940937	3.006667
38454	-3426.702	-3592.231	165.5295	1.357184	1.867845	0.6810791	3.006667
38460	-3430.504	-3595.274	164.7699	1.232844	2.275137	0.6987689	3.378918
38466	-3438.779	-3603.777	164.9974	1.162622	2.275137	0.409596	3.550313
38472	-3430.587	-3596.161	165.5747	1.311897	1.603103	0.5174053	3.252402
38478	-3449.807	-3615.11	165.3028	1.537562	2.34701	0.6981594	2.85793
38484	-3440.428	-3607.53	167.1021	1.558261	2.283867	0.5117039	1.894121
38490	-3442.288	-3608.865	166.5761	1.465869	2.03995	0.5279955	2.369553
38496	-3456.931	-3623.51	166.5785	1.475738	2.132164	0.4884537	2.369553
38502	-3444.037	-3610.463	166.4261	1.615207	1.61865	0.582413	2.484724
38508	-3432.14	-3598.457	166.317	1.455536	1.829226	0.582413	2.565693
38514	-3431.174	-3597.241	166.0675	1.533744	2.248808	0.6925119	2.424837
38520	-3445.784	-3612.01	166.2259	1.449346	1.955977	0.3974508	2.769914
38526	-3434.417	-3601.407	166.9903	1.606662	1.891149	0.4636449	2.138581
38532	-3424.71	-3590.996	166.2866	1.302799	1.965034	0.505842	2.70114
38538	-3433.393	-3599.66	166.267	1.42666	2.156015	0.3867267	2.70114
38544	-3426.852	-3592.842	165.9901	1.42666	2.096054	0.4959862	2.770251
38550	-3423.373	-3589.395	166.0215	1.395247	2.096054	0.4959862	2.770251
38556	-3427.578	-3593.726	166.1484	1.377354	2.096054	0.4959862	2.703581
38562	-3440.393	-3606.158	165.7644	1.338308	2.255806	0.441202	2.964762
38568	-3435.766	-3602.472	166.7058	1.540662	2.144757	0.441202	2.295108
38574	-3430.856	-3598.088	167.232	1.600263	1.960072	0.4254831	2.001108
38580	-3426.843	-3592.92	166.0764	1.384268	1.873369	0.462339	2.858403
38586	-3427.356	-3593.58	166.2246	1.351317	1.925887	0.3830838	2.858403
38592	-3434.682	-3600.835	166.1524	1.46439	2.418462	0.4181603	2.626033
38598	-3429.858	-3596.417	166.5587	1.521979	2.418462	0.5023804	2.24096
38604	-3428.941	-3595.956	167.0145	1.611914	2.045558	0.5023804	2.015538
38610	-3423.796	-3589.788	165.9928	1.428191	2.541334	0.5023804	2.618163
38616	-3436.83	-3602.126	165.296	1.360505	2.541334	0.5023804	3.081962
38622	-3445.018	-3610.896	165.8772	1.310829	1.937569	0.4945147	2.966194
38628	-3446.211	-3612.138	165.9275	1.35172	1.790625	0.4945147	2.966194
38634	-3439.763	-3605.669	165.9055	1.399335	2.51581	0.4549306	2.746938
38640	-3437.381	-3603.131	165.7493	1.389652	2.516642	0.500072	2.8008
38646	-3441.454	-3608.472	167.0184	1.485539	1.560411	0.4687004	2.333432
38652	-3439.812	-3606.515	166.7037	1.491378	2.361306	0.4082949	2.292912
38658	-3434.28	-3600.338	166.058	1.448363	2.142371	0.4871012	2.708689
38664	-3432.86	-3599.482	166.6216	1.477595	2.260204	0.3221894	2.498703
38670	-3431.359	-3598.645	167.2862	1.465751	1.701964	0.3221894	2.295644
38676	-3429.021	-3596.654	167.6335	1.560935	1.701964	0.441749	1.846123
38682	-3431.143	-3598.65	167.5065	1.713109	1.664349	0.3365524	1.986343
38688	-3424.28	-3591.357	167.0774	1.610943	1.915884	0.4253175	2.113948
38694	-3418.198	-3585.13	166.9311	1.618689	2.213079	0.4253175	2.093158
38700	-3425.212	-3592.686	167.4741	1.636883	1.617275	0.4253175	1.962037
38706	-3431.188	-3597.828	166.6399	1.549325	2.45007	0.3654353	2.321878
38712	-3430.593	-3596.945	166.3518	1.549325	1.940286	0.641624	2.389166
38718	-3428.393	-3595.036	166.6423	1.510144	2.510594	0.3191031	2.389166
38724	-3434.013	-3600.67	166.6572	1.570608	1.866905	0.6117879	2.236098
38730	-3437.918	-3604.347	166.4292	1.441035	2.151189	0.5615234	2.405362
38736	-3444.185	-3608.748	164.563	1.407547	2.685006	0.7673523	3.227343
38742	-3446.778	-3612.349	165.5715	1.460491	2.53538	0.5328487	2.828069
38748	-3437.055	-3602.691	165.6363	1.396619	2.53538	0.5328487	2.827512
38754	-3428.478	-3594.402	165.924	1.421295	2.239022	0.6614552	2.613646
38760	-3420.994	-3586.836	165.8416	1.36298	2.830853	0.5585765	2.613646
38766	-3427.964	-3594.162	166.1979	1.349534	2.137746	0.5102299	2.661484
38772	-3421.606	-3588.307	166.7006	1.420393	1.951269	0.4547099	2.430081
38778	-3431.979	-3598.411	166.4312	1.453337	1.951269	0.68189	2.360925
38784	-3422.408	-3588.503	166.0944	1.418985	1.862419	0.63036	2.670259
38790	-3426.271	-3592.976	166.705	1.590494	1.862419	0.5456504	2.257893
38796	-3432.096	-3599.212	167.1162	1.479417	1.699958	0.4862762	2.193637
38802	-3443.428	-3610.285	166.8577	1.507687	2.296441	0.481965	2.119127
38808	-3433.888	-3600.781	166.893	1.487356	2.440551	0.481965	2.06066
38814	-3426.633	-3593.96	167.3275	1.596651	1.74652	0.481965	1.961803
38820	-3423.255	-3590.22	166.9653	1.532302	1.716544	0.4463145	2.29426
38826	-3421.067	-3588.859	167.7923	1.600609	1.81183	0.3849366	1.733207
38832	-3432.889	-3599.89	167.0008	1.49576	2.08417	0.5094986	2.079099
38838	-3441.155	-3607.72	166.565	1.465246	2.360427	0.3873356	2.423556
38844	-3425.073	-3591.306	166.2331	1.375641	1.689978	0.5181931	2.783066
38850	-3424.294	-3590.602	166.3078	1.438767	2.088542	0.5181931	2.547352
38856	-3440.162	-3606.506	166.3436	1.384726	2.052319	0.5181931	2.571572
38862	-3452.31	-3618.129	165.8189	1.39354	1.931727	0.4488028	3.000994
38868	-3435.251	-3601.206	165.955	1.407126	2.219581	0.4832293	2.775004
38874	-3438.519	-3603.288	164.7696	1.338146	2.199892	0.6008578	3.419928
38880	-3449.464	-3613.463	163.9988	1.341722	2.199892	0.7786138	3.729609
38886	-3427.124	-3591.237	164.113	1.227523	2.199892	0.7786138	3.729609
38892	-3440.673	-3605.72	165.0476	1.211902	2.168877	0.5168655	3.416302
38898	-3441.843	-3607.057	165.214	1.268107	1.559266	0.5746833	3.455893
38904	-3437.912	-3604.166	166.254	1.424201	1.929598	0.5537676	2.612641
38910	-3437.369	-3604.124	166.755	1.414023	1.603266	0.5537676	2.438434
38916	-3445.049	-3610.562	165.5126	1.385048	1.747152	0.5684091	3.141087
38922	-3438.122	-3603.834	165.7116	1.284949	1.608515	0.6301755	3.084206
38928	-3426.564	-3592.027	165.4639	1.37848	2.113675	0.6301755	2.988011
38934	-3426.814	-3592.546	165.732	1.402909	2.113675	0.3938694	3.045273
38940	-3435.364	-3601.502	166.1387	1.368195	2.113675	0.4205721	2.790109
38946	-3428.445	-3595.017	166.5719	1.459505	2.123851	0.5785614	2.296319
38952	-3438.184	-3601.887	163.7024	1.218368	1.840363	0.7539854	4.107567
38958	-3434.736	-3599.498	164.762	1.238111	1.840363	0.7539854	3.48582
38964	-3444.323	-3610.046	165.7236	1.303925	1.852319	0.4332166	3.157194
38970	-3439.622	-3606.227	166.6048	1.550343	1.800799	0.4139889	2.51341
38976	-3434.857	-3601.779	166.9224	1.461628	1.654162	0.4139889	2.430455
38982	-3442.755	-3609.387	166.6316	1.483146	2.273365	0.4166735	2.36325
38988	-3424.62	-3591.608	166.988	1.462739	2.273365	0.4166735	2.147374
38994	-3423.549	-3590.37	166.821	1.545304	1.680519	0.5726561	2.261277
39000	-3442.275	-3607.154	164.8791	1.338783	1.753682	0.5797402	3.528479
39006	-3444.233	-3609.201	164.9679	1.26222	1.753682	0.5715668	3.528479
39012	-3444.731	-3609.809	165.0788	1.233979	1.753682	0.5184993	3.528479
39018	-3432.662	-3597.166	164.5039	1.207435	2.331546	0.5523219	3.652288
39024	-3426.922	-3593.11	166.1879	1.347751	2.328758	0.4823349	2.634002
39030	-3434.663	-3601.774	167.1105	1.51352	1.690069	0.3404656	2.356777
39036	-3438.333	-3604.851	166.5181	1.316483	1.966999	0.3404656	2.739443
39042	-3428.603	-3593.526	164.9232	1.169056	2.065842	0.404971	3.661582
39048	-3433.041	-3597.585	164.5432	1.125665	2.065842	0.6715264	3.661582
39054	-3433.519	-3596.663	163.1441	1.0221	2.065842	0.6715264	4.518039
39060	-3435.502	-3599.918	164.4159	1.206472	2.469417	0.5931479	3.627729
39066	-3437.564	-3602.244	164.68	1.198905	1.958324	0.6076292	3.627729
39072	-3439.681	-3605.97	166.2895	1.508154	2.078598	0.4413399	2.600386
39078	-3441.106	-3607.302	166.1962	1.377655	2.078598	0.5781029	2.600386
39084	-3434.767	-3599.88	165.1128	1.140705	2.070501	0.4373457	3.531447
39090	-3433.134	-3599.359	166.2256	1.389587	2.078598	0.510195	2.640295
39096	-3437.614	-3604.102	166.4878	1.41134	2.078598	0.5431034	2.430721
39102	-3433.242	-3599.256	166.0142	1.315716	1.873271	0.5671111	2.834562
39108	-3441.767	-3605.318	163.5508	1.08747	2.519803	0.7177318	4.081078
39114	-3435.428	-3599.642	164.2141	1.316443	2.23945	0.7126667	3.654766
39120	-3429.676	-3593.42	163.744	1.200457	2.23945	0.83863	3.904735
39126	-3445.251	-3609.02	163.7681	1.492972	2.171697	1.024848	3.629974
39132	-3440.302	-3604.589	164.2864	1.408291	1.929672	0.9885427	3.479747
39138	-3441.233	-3606.265	165.0322	1.195143	1.994455	0.8607785	3.223748
39144	-3445.133	-3610.217	165.0836	1.235729	1.994455	0.5055022	3.450143
39150	-3441.818	-3609.752	167.9336	1.733455	1.804493	0.4859201	1.399481
39156	-3437.744	-3605.378	167.6343	1.52726	1.804493	0.4880432	1.766999
39162	-3436.118	-3603.888	167.7703	1.749777	1.66028	0.3302701	1.793131
39168	-3437.718	-3604.877	167.1586	1.734049	2.042384	0.3302701	2.055862
39174	-3444.911	-3611.179	166.2686	1.305455	1.535385	0.5141072	2.873414
39180	-3429.816	-3597.017	167.2006	1.72623	2.200916	0.4857242	1.771058
39186	-3423.133	-3590.599	167.4657	1.765202	2.112708	0.4857242	1.589272
39192	-3434.534	-3602.031	167.4968	1.639383	1.846356	0.5127541	1.737743
39198	-3438.733	-3606.594	167.8613	1.524164	1.775798	0.3251818	1.841065
39204	-3423.928	-3591.753	167.8252	1.756771	1.809722	0.3262985	1.687098
39210	-3427.136	-3594.946	167.8099	1.721666	1.809722	0.3174227	1.736644
39216	-3430.856	-3598.675	167.8191	1.859026	1.809722	0.3174227	1.632402
39222	-3443.852	-3611.827	167.9743	1.773278	1.809722	0.3174227	1.581964
39228	-3439.99	-3607.895	167.9051	1.845558	1.677234	0.3174227	1.642529
39234	-3438.925	-3606.782	167.8565	1.76403	2.300192	0.3174227	1.466275
39240	-3439.107	-3605.654	166.5473	1.538601	2.24726	0.3343323	2.494604
39246	-3441.818	-3607.661	165.8428	1.338262	2.662021	0.4543092	2.780479
39252	-3433.633	-3598.798	165.1653	1.295712	2.664302	0.5940439	3.078785
39258	-3439.886	-3605.69	165.804	1.292199	1.858656	0.6483986	2.910589
39264	-3441.543	-3607.393	165.8504	1.369762	2.081568	0.5794447	2.815056
39270	-3429.162	-3594.149	164.9871	1.273866	1.994598	0.6387309	3.36661
39276	-3425.228	-3589.58	164.3521	1.149987	2.210451	0.5942877	3.773899
39282	-3434.764	-3597.961	163.197	1.092345	2.385482	0.653997	4.364805
39288	-3446.754	-3610.57	163.8167	1.233285	2.641597	0.5063724	3.98669
39294	-3423.714	-3589.13	165.4165	1.251682	2.062911	0.4946826	3.232187
39300	-3443.19	-3607.354	164.1636	1.055872	2.659488	0.4946826	3.895899
39306	-3431.185	-3596.365	165.1794	1.139036	1.985367	0.4946826	3.464219
39312	-3435.979	-3600.149	164.1703	1.181023	1.985367	0.6650581	3.876601
39318	-3435.033	-3600.494	165.4614	1.285055	1.974347	0.5748454	3.141271
39324	-3432.992	-3597.604	164.6116	1.311185	1.825551	0.8189475	3.491068
39330	-3440.35	-3603.993	163.6425	1.236499	2.322491	0.7030788	4.011289
39336	-3428.314	-3593.356	165.0419	1.189107	1.872064	0.4537412	3.595965
39342	-3428.926	-3594.011	165.0848	1.267986	1.872064	0.3883554	3.595965
39348	-3426.382	-3592.757	166.3755	1.469402	1.872064	0.3884746	2.707975
39354	-3436.318	-3603.348	167.0297	1.425896	1.979398	0.3884746	2.285361
39360	-3437.2	-3602.579	165.3792	1.321231	1.885541	0.4985909	3.271389
39366	-3428.505	-3595.079	166.5736	1.443911	2.067203	0.5159869	2.387316
39372	-3424.797	-3590.735	165.9387	1.386213	1.852555	0.5621087	2.850029
39378	-3415.414	-3581.557	166.1431	1.349764	1.817168	0.5243607	2.797218
39384	-3440.305	-3607.218	166.9133	1.385215	1.581544	0.4750119	2.446955
39390	-3421.821	-3587.662	165.8411	1.388715	1.891899	0.4658384	2.987074
39396	-3421.628	-3587.693	166.0654	1.271482	1.818635	0.4658384	2.950096
39402	-3434.275	-3601.623	167.3473	1.690671	1.818924	0.4168914	1.931966
39408	-3441.164	-3607.708	166.5444	1.385624	1.818924	0.4168914	2.642532
39414	-3440.611	-3606.447	165.8359	1.368724	1.818924	0.6425985	2.864928
39420	-3446.725	-3612.503	165.7785	1.373751	1.892563	0.6166992	2.890867
39426	-3454.556	-3620.66	166.1044	1.394597	1.832998	0.4273644	2.888348
39432	-3440.403	-3606.212	165.8089	1.308481	2.023733	0.5896824	2.888348
39438	-3442.52	-3609.171	166.6504	1.343702	2.021711	0.3901921	2.55844
39444	-3435.494	-3601.596	166.1014	1.344205	1.866378	0.5813678	2.753704
39450	-3436.411	-3602.194	165.7832	1.341575	2.24214	0.4496738	2.946741
39456	-3439.226	-3604.551	165.3248	1.384715	2.24214	0.7146027	2.957488
39462	-3436.973	-3601.643	164.6702	1.335997	2.531818	0.6735775	3.31984
39468	-3430.793	-3596.2	165.4071	1.317415	2.531818	0.6224325	2.934096
39474	-3449.469	-3615.575	166.1053	1.323679	1.807853	0.4615837	2.903201
39480	-3441.383	-3607.093	165.7094	1.402517	2.054437	0.5649887	2.903201
39486	-3436.231	-3602.655	166.4241	1.402517	2.637187	0.5058604	2.331629
39492	-3441.561	-3607.658	166.0963	1.245822	1.765574	0.5022715	2.930305
39498	-3424.987	-3591.583	166.5958	1.326858	1.594099	0.5022715	2.646864
39504	-3419.922	-3585.541	165.6195	1.263693	2.096081	0.4559427	3.132771
39510	-3430.808	-3596.818	166.0097	1.40588	1.769237	0.3687498	3.031219
39516	-3435.869	-3602.637	166.7682	1.443403	1.650605	0.3638691	2.601074
39522	-3427.921	-3595.184	167.2634	1.464648	1.693089	0.3638691	2.257689
39528	-3440.821	-3607.047	166.2261	1.474875	1.693089	0.6063145	2.642969
39534	-3434.992	-3601.136	166.144	1.432537	1.988374	0.4564355	2.751978
39540	-3439.18	-3602.942	163.7616	1.192911	2.594143	0.4981749	4.061716
39546	-3427.953	-3591.634	163.6814	1.02676	2.283691	0.3940471	4.395727
39552	-3425.744	-3589.435	163.6904	1.102656	1.924426	0.3940471	4.462184
39558	-3436.068	-3600.579	164.5108	1.14006	2.399939	0.3940471	3.824702
39564	-3421.566	-3586.307	164.7404	1.226244	2.149515	0.5300093	3.581076
39570	-3425.215	-3589.322	164.1071	1.223161	2.149515	0.5300093	3.948072
39576	-3441.434	-3605.586	164.1525	1.079391	2.149515	0.5300093	4.004329
39582	-3441.014	-3607.021	166.0077	1.383961	2.182061	0.541032	2.71193
39588	-3442.648	-3606.965	164.3169	1.206642	2.099397	0.4745936	3.905728
39594	-3440.098	-3604.769	164.6708	1.197772	2.099397	0.5339931	3.650592
39600	-3439.353	-3604.665	165.3117	1.398679	2.133759	0.4848531	3.193271
39606	-3434.524	-3600.504	165.9799	1.383537	1.838511	0.4848531	2.906915
39612	-3438.126	-3603.815	165.6888	1.341423	2.064004	0.6429323	2.881064
39618	-3449.655	-3616.014	166.359	1.289535	1.463028	0.5837088	2.794944
39624	-3438.824	-3604.491	165.6667	1.317858	2.151541	0.565709	2.94635
39630	-3444.335	-3609.383	165.0475	1.380071	2.468805	0.5791406	3.167829
39636	-3440.048	-3605.256	165.2072	1.322444	2.468805	0.513477	3.167829
39642	-3418.252	-3583.315	165.0631	1.402487	1.934401	0.5425118	3.35062
39648	-3413.014	-3577.996	164.9828	1.271922	1.934401	0.5001767	3.513828
39654	-3417.233	-3582.621	165.3883	1.254848	2.241347	0.5001767	3.183025
39660	-3438.786	-3603.449	164.6632	1.321662	2.481618	0.5107952	3.487274
39666	-3436.733	-3600.987	164.2545	1.239101	2.481618	0.6048748	3.688909
39672	-3436.772	-3601.489	164.7175	1.206604	2.250792	0.5436277	3.561345
39678	-3434.016	-3599.708	165.6916	1.356104	2.452008	0.6883532	2.706892
39684	-3437.479	-3603.321	165.8412	1.351266	2.323664	0.4104498	2.923358
39690	-3446.144	-3613.672	167.5278	1.643462	1.911333	0.4035551	1.819271
39696	-3444.056	-3611.457	167.4012	1.505999	1.527913	0.3711848	2.206659
39702	-3440.032	-3607.155	167.1226	1.473794	1.560178	0.5148341	2.224863
39708	-3428.204	-3594.998	166.794	1.527762	1.932958	0.5148341	2.244676
39714	-3426.927	-3593.772	166.8453	1.582151	1.834231	0.7597794	1.990281
39720	-3427.053	-3594.263	167.2105	1.552352	2.545467	0.4518969	1.802786
39726	-3425.291	-3592.637	167.3453	1.547074	1.565532	0.5244668	2.018549
39732	-3432.724	-3600.219	167.4949	1.547074	1.434543	0.7217591	1.792097
39738	-3431.711	-3598.899	167.1881	1.556691	2.033927	0.4802516	1.965715
39744	-3429.388	-3596.863	167.4754	1.522017	2.018955	0.3722193	1.936141
39750	-3428.717	-3596.138	167.4203	1.577156	2.018955	0.3722193	1.936141
39756	-3432.653	-3600.17	167.5168	1.413341	1.39286	0.3722193	2.255817
39762	-3439.014	-3605.685	166.6707	1.330453	1.051537	0.4364833	2.938134
39768	-3443.504	-3609.23	165.7261	1.2924	1.391965	0.5935307	3.197032
39774	-3432.982	-3598.148	165.1665	1.267391	1.408979	0.5576866	3.563907
39780	-3422.811	-3588.003	165.1923	1.267257	1.572571	0.5576866	3.478587
39786	-3440.094	-3606.474	166.3801	1.328913	2.010025	0.5204446	2.596485
39792	-3433.323	-3600.267	166.9438	1.493478	1.624826	0.5204446	2.292128
39798	-3419.131	-3586.991	167.8598	1.68593	1.695898	0.5108238	1.514269
39804	-3428.234	-3596.633	168.3987	1.780565	1.490231	0.2796362	1.489326
39810	-3425.5	-3593.398	167.898	1.801091	1.897281	0.4049483	1.442125
39816	-3431.714	-3600.08	168.3668	1.939391	1.665045	0.4049483	1.058795
39822	-3427.844	-3595.858	168.014	1.960272	1.871156	0.4618457	1.145455
39828	-3422.544	-3590.637	168.0938	1.874639	2.040228	0.4618457	1.058357
39834	-3426.538	-3594.948	168.4095	1.874639	1.581565	0.4618457	1.03562
39840	-3441.304	-3609.249	167.9446	1.686171	1.632204	0.5131413	1.47997
39846	-3439.378	-3607.065	167.6865	1.80587	1.632204	0.4749026	1.629045
39852	-3433.431	-3601.536	168.1057	1.765388	1.752992	0.3887458	1.403936
39858	-3429.039	-3597.071	168.0321	1.765388	2.081846	0.3887458	1.303907
39864	-3436.241	-3604.26	168.0187	1.70785	1.487497	0.5005773	1.500999
39870	-3426.488	-3594.202	167.7142	1.70785	1.487497	0.3330718	1.939524
39876	-3433.849	-3600.861	167.0116	1.584207	1.648484	0.3326878	2.403075
39882	-3431.95	-3598.864	166.914	1.529454	1.792551	0.4767263	2.263204
39888	-3432.063	-3598.607	166.5439	1.406119	2.108025	0.4150163	2.525485
39894	-3420.758	-3586.428	165.6699	1.374464	2.023658	0.491519	3.024929
39900	-3414.353	-3581.051	166.6983	1.418863	1.956069	0.320089	2.597033
39906	-3431.207	-3597.846	166.6391	1.396833	1.857149	0.3876266	2.597033
39912	-3435.183	-3602.308	167.1254	1.392346	1.694408	0.3540316	2.404028
39918	-3426.107	-3592.557	166.4502	1.47553	1.745922	0.5945385	2.492311
39924	-3427.544	-3594.193	166.649	1.458108	1.859954	0.6040279	2.323363
39930	-3429.681	-3597.273	167.5924	1.436325	1.689463	0.4487604	1.955662
39936	-3433.991	-3599.951	165.96	1.276143	1.689463	0.4583112	3.06881
39942	-3429.147	-3594.215	165.0687	1.310017	1.86645	0.4583112	3.507319
39948	-3437.614	-3602.217	164.6031	1.185287	1.86645	0.6002262	3.718643
39954	-3436.769	-3605.083	168.3146	1.836739	1.492722	0.4149957	1.283934
39960	-3431.544	-3599.855	168.3109	1.836739	1.492722	0.4149957	1.286932
39966	-3435.8	-3603.942	168.1426	1.742574	1.754213	0.4839422	1.252947
39972	-3439.415	-3607.433	168.0176	1.723111	1.382656	0.4839422	1.570184
39978	-3424.78	-3592.411	167.6312	1.477042	1.382656	0.4335722	2.068493
39984	-3419.36	-3586.476	167.1158	1.515011	1.617251	0.516903	2.174451
39990	-3422.573	-3589.958	167.3855	1.551527	1.617251	0.3501834	2.174451
39996	-3423.488	-3590.275	166.787	1.453367	1.757378	0.3506398	2.556198
40002	-3421.024	-3587.871	166.8474	1.340428	1.757378	0.3761983	2.556198
40008	-3431.992	-3598.771	166.7792	1.38352	1.458375	0.5051546	2.556198
40014	-3433.256	-3599.386	166.1307	1.224857	1.908783	0.473874	2.896766
40020	-3434.176	-3599.308	165.132	1.180821	2.214478	0.5433235	3.345745
40026	-3429.788	-3594.741	164.9538	1.223657	2.214478	0.5433235	3.425139
40032	-3441.987	-3606.493	164.5059	1.413418	2.194795	0.8785279	3.326988
40038	-3437.814	-3602.053	164.2384	1.364765	2.194795	0.8785279	3.512143
40044	-3430.224	-3594.499	164.275	1.339414	2.194795	0.7951507	3.561062
40050	-3430.049	-3595.4	165.3509	1.24479	2.194795	0.584091	3.148219
40056	-3432.481	-3598.342	165.8615	1.305612	2.304724	0.3392562	3.030856
40062	-3437.25	-3602.972	165.7218	1.328167	2.304724	0.3837925	3.045917
40068	-3429.467	-3595.321	165.854	1.257119	2.135043	0.4767629	2.961783
40074	-3441.303	-3607.039	165.7358	1.24615	1.909115	0.4661375	3.128667
40080	-3430.051	-3596.389	166.3374	1.444002	2.436331	0.6007417	2.329427
40086	-3429.258	-3595.712	166.4545	1.474003	2.436331	0.4110606	2.434495
40092	-3421.71	-3588.739	167.0292	1.595781	1.810566	0.6048731	2.00581
40098	-3438.161	-3606.062	167.9016	1.754778	1.650086	0.3982608	1.602355
40104	-3434.379	-3602.481	168.1026	1.796308	1.545437	0.3982608	1.476968
40110	-3433.401	-3601.485	168.084	1.833447	1.609037	0.3982608	1.428518
40116	-3440.053	-3607.819	167.7658	1.642326	1.609037	0.443369	1.739714
40122	-3423.954	-3589.224	165.2697	1.224821	1.952923	0.4676329	3.399325
40128	-3420.055	-3585.437	165.3819	1.13483	1.611879	0.4676329	3.514629
40134	-3430.305	-3595.972	165.6664	1.304357	1.888983	0.4676329	3.141089
40140	-3425.706	-3591.529	165.8222	1.495844	2.455054	0.4667573	2.744518
40146	-3421.366	-3587.644	166.2781	1.544628	2.158568	0.4229561	2.577894
40152	-3445.337	-3612.342	167.0055	1.486459	1.638966	0.4894432	2.28347
40158	-3440.072	-3606.135	166.0632	1.411758	1.813895	0.4646902	2.86979
40164	-3434.366	-3600.548	166.1817	1.397933	2.255656	0.4646902	2.649307
40170	-3425.184	-3590.307	165.123	1.40785	1.967925	0.5945949	3.254004
40176	-3425.41	-3591.885	166.4749	1.49406	1.806113	0.427488	2.611374
40182	-3435.375	-3601.86	166.4854	1.466044	1.785543	0.4443207	2.611374
40188	-3430.541	-3596.637	166.0967	1.277525	1.555688	0.4443207	3.056341
40194	-3446.176	-3612.043	165.8671	1.368981	2.649174	0.4443207	2.761431
40200	-3441.691	-3606.4	164.7086	1.24944	1.824131	0.4120826	3.815028
40206	-3438.221	-3603.521	165.2999	1.221023	1.819533	0.4759621	3.423505
40212	-3439.695	-3604.576	164.8815	1.150318	2.426876	0.4759621	3.509722
40218	-3425.839	-3592.321	166.4816	1.463853	2.426876	0.4759621	2.353023
40224	-3430.033	-3596.751	166.7183	1.541692	1.960488	0.4759621	2.315102
40230	-3443.724	-3609.969	166.245	1.379741	1.832774	0.3422322	2.914438
40236	-3430.609	-3597.035	166.4263	1.428343	2.297499	0.360512	2.587495
40242	-3430.445	-3597.044	166.5989	1.428343	2.011327	0.614108	2.306903
40248	-3444.368	-3610.412	166.0438	1.448462	2.068787	0.5044538	2.725026
40254	-3435.537	-3600.333	164.796	1.348769	2.068787	0.5044538	3.527884
40260	-3448.862	-3615.003	166.1411	1.271228	1.728817	0.5456989	2.860347
40266	-3429.337	-3595.577	166.2399	1.310149	1.618795	0.4160194	2.955461
40272	-3430.342	-3595.292	164.9499	1.264799	1.825803	0.4160194	3.662002
40278	-3434.231	-3599.763	165.5324	1.331657	1.769649	0.3961094	3.326117
40284	-3435.466	-3600.994	165.5275	1.3443	2.415989	0.3961094	3.103696
40290	-3429.052	-3594.446	165.3942	1.226301	1.719554	0.4430052	3.436813
40296	-3427.111	-3591.071	163.9598	1.292316	2.04576	0.6196961	3.949316
40302	-3431.058	-3595.275	164.2174	1.305805	2.24034	0.6915018	3.674653
40308	-3423.581	-3588.713	165.1316	1.306818	2.253098	0.4559711	3.344775
40314	-3432.662	-3598.411	165.7487	1.306818	1.860366	0.4788499	3.089649
40320	-3427.985	-3593.537	165.5525	1.299542	1.860366	0.6090757	3.089649
40326	-3431.898	-3598.333	166.4347	1.332467	1.860366	0.4824812	2.654946
40332	-3430.746	-3596.606	165.8601	1.233288	1.602999	0.4824812	3.164182
40338	-3428.435	-3594.321	165.8859	1.509372	2.137125	0.4824812	2.78316
40344	-3428.808	-3593.125	164.317	1.154129	2.04441	0.5023391	3.927047
40350	-3421.313	-3586.876	165.5636	1.276467	2.035964	0.3851731	3.256963
40356	-3412.528	-3577.256	164.7276	1.324699	2.035964	0.8056376	3.349969
40362	-3427.196	-3592.206	165.0099	1.173636	1.971615	0.5643194	3.483114
40368	-3443.227	-3607.967	164.7405	1.41206	2.643611	0.4944562	3.359094
40374	-3439.843	-3604.084	164.2412	1.222691	2.168428	0.5531622	3.844634
40380	-3430.412	-3594.121	163.7093	1.166639	2.168428	0.9198837	3.91486
40386	-3450.565	-3615.878	165.313	1.206503	1.790418	0.413648	3.500493
40392	-3431.537	-3597.782	166.2447	1.333292	2.539122	0.3910913	2.645054
40398	-3445.05	-3610.219	165.1686	1.405758	2.269692	0.8107627	2.959181
40404	-3438.008	-3602.944	164.9366	1.326297	1.879244	0.8107627	3.277483
40410	-3437.596	-3602.758	165.1616	1.199787	1.668602	0.4556156	3.594624
40416	-3439.758	-3605.211	165.4526	1.212445	2.280332	0.5171019	3.141314
40422	-3442.296	-3605.828	163.5322	1.092784	2.280332	0.7458634	4.137754
40428	-3427.01	-3590.879	163.8686	1.069207	2.280332	0.5487459	4.114853
40434	-3434.561	-3598.479	163.9179	0.9798464	2.201655	0.5487459	4.161632
40440	-3434.408	-3597.104	162.6963	0.9799784	2.201655	0.5487459	4.848794
40446	-3441.557	-3606.273	164.7166	1.227377	1.899989	0.5487459	3.661363
40452	-3429.049	-3594.219	165.1703	1.243673	2.525511	0.5682871	3.169026
40458	-3429.889	-3595.219	165.3301	1.375688	2.028223	0.5501141	3.169026
40464	-3423.447	-3589.61	166.1633	1.233095	1.718586	0.4621229	2.957092
40470	-3445.717	-3610.01	164.2931	1.142388	2.35382	0.3804173	3.977155
40476	-3438.442	-3603.269	164.8274	1.285724	1.905943	0.5231076	3.584563
40482	-3425.002	-3590.943	165.9406	1.272135	1.803309	0.4182298	3.081764
40488	-3432.693	-3597.792	165.0983	1.316288	2.168715	0.4488253	3.393037
40494	-3447.389	-3610.745	163.3562	1.16574	2.168715	0.5028479	4.425991
40500	-3431.622	-3595.316	163.6949	1.109082	2.179978	0.672061	4.120815
40506	-3431.055	-3595.745	164.6899	1.259868	2.351939	0.5408585	3.517961
40512	-3426.466	-3591.738	165.2713	1.281101	2.59834	0.5786039	3.056421
40518	-3446.612	-3611.604	164.9926	1.228725	2.317585	0.5789974	3.335342
40524	-3449.221	-3614.225	165.004	1.241928	2.268236	0.5828665	3.332781
40530	-3443.554	-3609.257	165.7026	1.262638	2.193879	0.6204378	2.895535
40536	-3444.439	-3609.708	165.2697	1.251543	2.197903	0.6208598	3.159774
40542	-3449.74	-3613.891	164.1514	1.115168	2.44839	0.6208598	3.816174
40548	-3443.664	-3607.151	163.4877	1.118166	1.676459	0.5435415	4.510392
40554	-3437.361	-3601.392	164.0314	1.074694	2.050041	0.5435415	4.095948
40560	-3444.18	-3608.904	164.7237	1.123087	1.994751	0.4547091	3.774475
40566	-3440.886	-3607.081	166.1952	1.305837	2.480507	0.3472846	2.764533
40572	-3438.197	-3605.072	166.8743	1.508196	2.747785	0.3773519	2.089435
40578	-3428.509	-3595.372	166.8628	1.503832	2.747785	0.4463034	2.013655
40584	-3435.922	-3602.485	166.5633	1.543706	2.577015	0.4463034	2.235733
40590	-3434.825	-3601.724	166.8993	1.632636	2.26293	0.4967285	2.004566
40596	-3430.484	-3598.081	167.5974	1.687109	1.976593	0.4265871	1.682288
40602	-3428.426	-3596.004	167.5781	1.689811	1.976593	0.4072695	1.719667
40608	-3419.152	-3586.658	167.5059	1.661217	2.152499	0.4073346	1.719667
40614	-3423.518	-3591.125	167.6075	1.677367	1.947932	0.4073346	1.719667
40620	-3430.923	-3598.364	167.4415	1.660157	1.908272	0.4953693	1.755223
40626	-3427.056	-3594.688	167.6318	1.660157	1.835849	0.5173188	1.626308
40632	-3434.252	-3601	166.7481	1.598667	1.835849	0.5173188	2.264409
40638	-3421.811	-3588.377	166.5661	1.563497	2.094168	0.5597001	2.262373
40644	-3428.524	-3594.679	166.1543	1.60071	2.341272	0.7398775	2.257596
40650	-3436.423	-3602.148	165.7246	1.522946	2.704664	0.6289935	2.558491
40656	-3431.425	-3597.826	166.4007	1.584324	2.240391	0.408152	2.466251
40662	-3423.64	-3589.95	166.3097	1.399259	2.069948	0.4871487	2.609006
40668	-3434.108	-3599.96	165.8521	1.457307	2.069948	0.3648482	2.990277
40674	-3416.18	-3582.732	166.5526	1.46858	2.083178	0.5448877	2.35016
40680	-3427.539	-3593.905	166.3655	1.388791	2.027958	0.5448877	2.537841
40686	-3429.782	-3595.549	165.7677	1.401702	2.027958	0.5448877	2.896343
40692	-3441.064	-3608.042	166.9783	1.538759	2.030043	0.3493704	2.278009
40698	-3430.727	-3597.132	166.405	1.580897	2.030043	0.3493704	2.612004
40704	-3428.666	-3594.744	166.0776	1.543315	2.412286	0.624517	2.417193
40710	-3433.453	-3599.461	166.0071	1.543315	2.618621	0.624517	2.397935
40716	-3435.122	-3600.637	165.5155	1.494688	2.618621	0.7496314	2.631997
40722	-3419.997	-3586.577	166.5801	1.505722	1.957406	0.4259629	2.482466
40728	-3421.763	-3588.205	166.4422	1.420533	2.177235	0.4259629	2.543243
40734	-3440.056	-3604.874	164.818	1.420533	2.745148	0.5593058	3.219687
40740	-3430.466	-3595.972	165.506	1.372798	2.745148	0.5675316	2.828556
40746	-3442.594	-3607.243	164.6484	1.286054	1.963106	0.5675316	3.628175
40752	-3444.922	-3608.422	163.5001	1.060176	2.048485	0.4407254	4.502787
40758	-3428.495	-3593.235	164.7395	1.159404	2.048485	0.5999609	3.591904
40764	-3429.071	-3592.71	163.6394	1.197575	2.048485	0.5574113	4.237205
40770	-3432.28	-3595.539	163.2595	1.06862	2.256494	0.477044	4.532706
40776	-3434.921	-3597.759	162.8375	0.983935	2.434882	0.477044	4.764879
40782	-3440.927	-3605.213	164.286	1.238262	2.434882	0.4782583	3.799171
40788	-3438.533	-3603.935	165.4023	1.377202	2.434882	0.4782583	3.06405
40794	-3447.993	-3614.326	166.3332	1.444251	1.960979	0.4782583	2.615234
40800	-3448.841	-3615.832	166.9914	1.521783	1.52752	0.4871192	2.322548
40806	-3435.223	-3601.484	166.2605	1.583476	2.290361	0.7022446	2.248293
40812	-3443.097	-3609.793	166.6964	1.562974	2.621904	0.4064614	2.170928
40818	-3447.346	-3614.667	167.3202	1.56118	2.011011	0.2677765	2.170928
40824	-3441.571	-3607.996	166.4249	1.566858	2.475042	0.6508004	2.135931
40830	-3435.935	-3601.435	165.5003	1.455337	2.227912	0.7076012	2.818699
40836	-3431.063	-3597.331	166.2679	1.443488	2.027538	0.4690515	2.641643
40842	-3426.692	-3593.394	166.7023	1.430719	2.228096	0.6151955	2.159423
40848	-3428.817	-3595.739	166.9225	1.492687	2.228096	0.4652545	2.129102
40854	-3429.802	-3597.209	167.4074	1.569101	2.014005	0.5208584	1.769522
40860	-3443.447	-3611.334	167.8867	1.707371	1.970254	0.407102	1.485406
40866	-3435.675	-3602.883	167.2083	1.657668	2.094403	0.407102	1.949407
40872	-3427.475	-3594.827	167.3518	1.587426	1.906334	0.5287779	1.830951
40878	-3440.562	-3607.995	167.4324	1.660053	1.906334	0.43841	1.830951
40884	-3433.269	-3600.962	167.693	1.622127	1.875887	0.3910196	1.751314
40890	-3432.936	-3600.709	167.7722	1.727888	1.744297	0.4201449	1.639891
40896	-3442.848	-3610.387	167.5389	1.663182	1.930575	0.5252394	1.639891
40902	-3435.879	-3603.469	167.5907	1.777014	2.402694	0.5475747	1.288661
40908	-3438.777	-3605.902	167.1246	1.63571	2.402694	0.5027196	1.793424
40914	-3433.228	-3600.853	167.6248	1.775856	2.22414	0.4889106	1.411802
40920	-3430.514	-3597.01	166.4965	1.381735	2.22414	0.4889106	2.448314
40926	-3420.669	-3587.153	166.4843	1.433992	2.22414	0.5254693	2.385295
40932	-3428.425	-3595.955	167.5298	1.585679	1.896469	0.5254693	1.716086
40938	-3439.914	-3606.941	167.0276	1.61666	2.280434	0.5308017	1.885468
40944	-3431.817	-3598.556	166.7386	1.628668	2.350872	0.5308017	2.046557
40950	-3426.791	-3593.908	167.117	1.609997	2.016802	0.4273164	2.046557
40956	-3416.852	-3583.892	167.0393	1.57397	1.872998	0.5456606	2.046557
40962	-3433.023	-3600.274	167.2504	1.671801	1.858598	0.5456606	1.844623
40968	-3424.245	-3591.712	167.4673	1.71148	1.858598	0.5419122	1.669286
40974	-3430.433	-3598.086	167.6523	1.640133	1.580761	0.4443276	1.832629
40980	-3419.409	-3586.867	167.4584	1.60092	1.923983	0.4443276	1.839002
40986	-3427.407	-3594.644	167.2376	1.546757	1.77604	0.4443276	2.085519
40992	-3441.611	-3608.856	167.245	1.547185	1.468071	0.4793231	2.179808
40998	-3426.754	-3593.889	167.135	1.569648	1.507906	0.514247	2.179808
41004	-3433.951	-3600.742	166.7905	1.515696	1.915722	0.5971172	2.179808
41010	-3428.654	-3596.076	167.4226	1.595845	2.007538	0.3013725	2.029102
41016	-3425.517	-3592.637	167.1201	1.592839	2.243965	0.387927	2.021469
41022	-3435.991	-3602.376	166.3842	1.504036	2.74516	0.4499854	2.321247
41028	-3434.403	-3600.926	166.5226	1.474882	2.21108	0.5395001	2.325456
41034	-3432.415	-3599.433	167.0172	1.689468	2.597397	0.5450989	1.716591
41040	-3447.8	-3615.449	167.6491	1.658019	2.370288	0.3794486	1.574868
41046	-3440.887	-3608.921	168.0338	1.733713	1.895775	0.3564051	1.46449
41052	-3436.347	-3604.611	168.2639	1.783905	1.512956	0.3564051	1.445423
41058	-3437.676	-3605.703	168.0273	1.861812	2.173769	0.3747758	1.20811
41064	-3445.905	-3613.471	167.5656	1.861812	2.173769	0.6614993	1.201836
41070	-3446.147	-3614.163	168.0159	1.941195	2.029703	0.388829	1.195587
41076	-3436.128	-3604.28	168.1516	1.941195	1.912243	0.388829	1.13791
41082	-3434.612	-3600.613	166.0006	1.401231	2.031039	0.4434536	2.85717
41088	-3427.688	-3594.314	166.626	1.465016	2.031039	0.5408158	2.328809
41094	-3425.954	-3593.752	167.798	1.778819	1.912243	0.5042809	1.39376
41100	-3432.236	-3597.85	165.6138	1.484638	2.031039	0.7503696	2.765774
41106	-3437.35	-3603.532	166.183	1.539668	2.238901	0.3547458	2.695488
41112	-3428.731	-3594.994	166.2625	1.407574	1.939055	0.4295985	2.742261
41118	-3423.997	-3588.321	164.3245	1.170413	2.052537	0.4295985	3.983127
41124	-3425.029	-3589.739	164.7102	1.262827	2.052537	0.4534548	3.683455
41130	-3444.419	-3612.229	167.8095	1.938039	2.209709	0.3419905	1.363695
41136	-3442.947	-3611.344	168.3971	1.937447	1.736748	0.3419905	1.106215
41142	-3432.36	-3598.123	165.7636	1.371223	2.030096	0.553655	2.908317
41148	-3428.065	-3594.294	166.2286	1.377473	2.036232	0.553655	2.618438
41154	-3440.215	-3606.759	166.5441	1.623832	2.193955	0.553655	2.207972
41160	-3434.236	-3601.224	166.9882	1.623832	2.147512	0.553655	1.931887
41166	-3431.477	-3598.335	166.858	1.501351	2.275495	0.4182069	2.204075
41172	-3425.842	-3593.019	167.1778	1.498383	1.665889	0.371827	2.292276
41178	-3430.347	-3597.14	166.7928	1.55807	2.045712	0.3142993	2.426403
41184	-3425.53	-3592.195	166.6648	1.469438	1.955679	0.507356	2.363501
41190	-3429.062	-3595.895	166.8329	1.650416	1.849269	0.6585576	2.033763
41196	-3424.882	-3591.843	166.9605	1.653178	1.849269	0.684946	1.922845
41202	-3432.986	-3599.765	166.7797	1.746503	1.834995	0.7972939	1.893067
41208	-3444.814	-3611.506	166.6918	1.574933	1.834995	0.6527219	2.186754
41214	-3446.008	-3612.691	166.6831	1.562905	1.787902	0.7275792	2.155697
41220	-3438.232	-3606.476	168.244	1.958561	1.662053	0.4052672	1.154658
41226	-3444.329	-3612.711	168.3815	1.989539	1.590381	0.3717037	1.107091
41232	-3435.628	-3604.144	168.5162	1.980176	1.441451	0.3634551	1.107091
41238	-3437.375	-3605.75	168.3746	1.883311	1.647946	0.3634551	1.18697
41244	-3434.235	-3602.315	168.0801	1.920552	1.547743	0.4236179	1.359996
41250	-3430.811	-3598.927	168.1156	1.873844	1.825029	0.4236179	1.216958
41256	-3428.251	-3596.139	167.8878	1.780137	1.56172	0.4236179	1.603841
41262	-3440.55	-3608.175	167.6245	1.676439	1.631964	0.484942	1.753017
41268	-3426.414	-3593.07	166.6559	1.46709	2.279087	0.484942	2.278687
41274	-3434.442	-3601.066	166.6248	1.667875	2.279087	0.6689988	1.987135
41280	-3445.106	-3611.811	166.7041	1.676365	2.353886	0.5655855	2.000955
41286	-3442.807	-3609.521	166.7139	1.653676	2.353886	0.611672	1.964161
41292	-3436.789	-3604.164	167.3759	1.738484	1.978643	0.3991683	1.836433
41298	-3423.559	-3591.863	168.3047	1.807362	1.494414	0.3156973	1.473945
41304	-3428.379	-3596.561	168.1823	1.807362	1.494414	0.4210381	1.402711
41310	-3421.603	-3588.698	167.0943	1.433238	1.721134	0.4364851	2.284491
41316	-3428.45	-3594.047	165.597	1.248864	1.933738	0.4364851	3.231808
41322	-3436.059	-3602.067	166.0081	1.350467	2.237728	0.4330637	2.824876
41328	-3431.93	-3596.889	164.9586	1.223897	2.237728	0.4902808	3.465047
41334	-3424.923	-3591.097	166.1749	1.513997	2.72893	0.4756698	2.423838
41340	-3432.299	-3598.406	166.1065	1.506482	2.460036	0.5377219	2.488275
41346	-3438.13	-3604.894	166.7643	1.506482	2.178026	0.5377219	2.162952
41352	-3439.083	-3604.311	165.2273	1.330025	2.219097	0.4500536	3.291673
41358	-3448.69	-3614.311	165.6207	1.311501	2.036157	0.4500536	3.130245
41364	-3452.692	-3619.193	166.5016	1.738494	2.373372	0.8925205	1.806392
41370	-3447.171	-3613.457	166.286	1.736719	2.396613	0.8619704	1.969109
41376	-3427.645	-3595.037	167.3917	1.628278	2.396613	0.4648754	1.657866
41382	-3434.121	-3599.298	165.1774	1.320277	1.777867	0.6989426	3.257955
41388	-3440.369	-3606.839	166.4698	1.391858	1.565623	0.6764915	2.537506
41394	-3445.52	-3612.155	166.6351	1.425563	1.786924	0.4887511	2.494972
41400	-3433.271	-3599.404	166.1326	1.459318	2.485661	0.4887511	2.543132
41406	-3425.884	-3592.261	166.3771	1.459318	2.282353	0.3860269	2.571789
41412	-3429.349	-3595.924	166.5749	1.467807	2.112934	0.4495401	2.426178
41418	-3436.588	-3603.606	167.0179	1.499966	2.112934	0.4540102	2.116263
41424	-3420.587	-3587.366	166.7786	1.589799	2.084407	0.4540102	2.223862
41430	-3418.752	-3585.331	166.5795	1.569942	2.084407	0.4540102	2.363871
41436	-3421.215	-3587.892	166.6772	1.47227	2.084407	0.4540102	2.363871
41442	-3430.28	-3596.744	166.464	1.550018	2.159176	0.551468	2.321147
41448	-3449.753	-3616.269	166.5161	1.518279	2.159176	0.551468	2.308165
41454	-3431.902	-3598.847	166.9458	1.641354	2.445047	0.6007128	1.793716
41460	-3422.781	-3590.635	167.8539	1.825938	1.586672	0.497427	1.486342
41466	-3425.25	-3593.062	167.8121	1.825938	1.586672	0.5164593	1.494306
41472	-3435.897	-3603.355	167.4585	1.825938	2.302064	0.5812551	1.356184
41478	-3423.008	-3590.461	167.453	1.79517	2.035666	0.4698849	1.628207
41484	-3439.188	-3606.774	167.586	1.79517	2.035666	0.5120336	1.478004
41490	-3434.439	-3601.912	167.4735	1.742792	2.110888	0.5321584	1.545023
41496	-3441.495	-3609.125	167.6297	1.766171	1.749956	0.525829	1.580749
41502	-3431.527	-3595.979	164.4528	1.20998	2.03694	0.6537735	3.688645
41508	-3430.427	-3595.264	164.8371	1.210234	2.335551	0.5591255	3.449485
41514	-3439.725	-3607.821	168.0964	1.862061	1.792996	0.4414321	1.232784
41520	-3434.068	-3602.022	167.9541	1.826601	1.792996	0.4487254	1.366707
41526	-3441.466	-3609.641	168.1741	1.81517	1.458386	0.4616063	1.366707
41532	-3425.958	-3594.185	168.2264	1.81517	1.458386	0.4323469	1.366707
41538	-3428.842	-3596.704	167.8617	1.781303	1.998353	0.4221364	1.41383
41544	-3432.411	-3600.614	168.2028	1.826241	1.521186	0.4162486	1.363572
41550	-3430.449	-3598.066	167.6163	1.764147	2.14751	0.3162458	1.703929
41556	-3433.003	-3601.075	168.0721	1.658601	1.584938	0.3162458	1.703929
41562	-3433.864	-3597.937	164.0731	1.103918	1.79244	0.4421365	4.240806
41568	-3428.206	-3593.425	165.2194	1.227886	1.79244	0.391171	3.566963
41574	-3439.534	-3605.056	165.5222	1.246896	1.711788	0.6744607	3.141809
41580	-3456.559	-3621.2	164.6407	1.213449	1.900773	0.5883612	3.678448
41586	-3456.641	-3619.56	162.9188	1.077526	1.900773	0.5883612	4.733449
41592	-3439.961	-3605.278	165.3169	1.403222	2.252005	0.5826689	3.05695
41598	-3451.096	-3615.977	164.8812	1.216278	2.252005	0.5826689	3.425093
41604	-3458.907	-3622.837	163.9299	1.120884	2.205104	0.4729918	4.143828
41610	-3431.857	-3597.796	165.9388	1.421846	2.129733	0.4450134	2.846414
41616	-3430.918	-3597.511	166.5938	1.54116	2.212247	0.4721994	2.307825
41622	-3433.373	-3599.313	165.9404	1.380062	2.47691	0.5764832	2.627933
41628	-3421.133	-3587.556	166.4238	1.537621	1.963469	0.5643392	2.413071
41634	-3425.751	-3591.981	166.23	1.53327	1.963469	0.5380816	2.562485
41640	-3435.773	-3602.663	166.89	1.593907	1.791486	0.4121114	2.311996
41646	-3429.037	-3596.099	167.0623	1.5395	1.791486	0.3989408	2.252649
41652	-3425.869	-3592.589	166.7196	1.476195	2.152944	0.5066085	2.252649
41658	-3428.467	-3595.681	167.2142	1.547146	1.987618	0.4228903	2.040552
41664	-3422.93	-3590.066	167.1361	1.553056	1.813449	0.4106206	2.172755
41670	-3425.859	-3591.847	165.9881	1.553056	1.951918	0.5899213	2.655383
41676	-3424.154	-3591.155	167.0008	1.725114	1.980662	0.4655866	2.015918
41682	-3426.452	-3593.701	167.249	1.73494	2.356812	0.4655866	1.697172
41688	-3437.639	-3604.646	167.0063	1.725685	2.356812	0.4655866	1.87227
41694	-3431.869	-3599.599	167.7302	1.70722	1.749314	0.4509854	1.642264
41700	-3453.618	-3621.043	167.4253	1.807732	2.085763	0.4509854	1.642264
41706	-3447.188	-3614.261	167.0727	1.581936	2.401012	0.4509854	1.926806
41712	-3452.074	-3619.113	167.0391	1.458654	1.695112	0.4831954	2.262179
41718	-3443.697	-3610.522	166.8255	1.518122	1.928867	0.4831954	2.265905
41724	-3450.935	-3615.036	164.1013	1.193202	2.199781	0.5441027	3.940041
41730	-3432.164	-3598.573	166.4089	1.482504	1.95228	0.5691799	2.456702
41736	-3426.157	-3592.924	166.7666	1.430847	1.855043	0.4434364	2.43157
41742	-3415.743	-3582.481	166.7376	1.609289	1.887698	0.3102766	2.493643
41748	-3439.7	-3606.621	166.9203	1.530611	2.00765	0.3509996	2.326416
41754	-3438.094	-3604.998	166.9042	1.538153	2.160099	0.4149521	2.194666
41760	-3446.384	-3613.787	167.4036	1.782919	2.215984	0.4624913	1.609087
41766	-3438.6	-3606.055	167.4546	1.610762	2.215984	0.3863553	1.794873
41772	-3451.445	-3618.884	167.4396	1.862045	2.387183	0.5794427	1.309333
41778	-3456.281	-3624.219	167.938	1.806006	2.387183	0.3630511	1.25535
41784	-3447.388	-3614.887	167.4989	1.820451	2.387183	0.612457	1.25535
41790	-3453.015	-3620.93	167.9149	1.531446	1.534265	0.4640844	1.724311
41796	-3437.486	-3604.869	167.3831	1.495176	1.534265	0.4640844	2.109097
41802	-3434.702	-3602.305	167.603	1.634057	1.534265	0.4282423	1.91296
41808	-3439.446	-3607.151	167.7053	1.689899	1.898942	0.3279624	1.776769
41814	-3427.039	-3594.922	167.8826	1.674304	2.010082	0.3279624	1.61495
41820	-3434.227	-3601.916	167.6896	1.734162	2.248412	0.3279624	1.61495
41826	-3424.312	-3591.901	167.5886	1.657458	2.099488	0.3279624	1.798544
41832	-3427.368	-3594.041	166.6733	1.602296	2.375436	0.5004095	2.130828
41838	-3417.311	-3584.014	166.7025	1.500053	2.370345	0.4534227	2.232027
41844	-3429.252	-3595.388	166.1363	1.377237	1.950672	0.6789097	2.596022
41850	-3428.932	-3595.592	166.6606	1.453153	1.866922	0.5207774	2.396856
41856	-3422.307	-3589.115	166.808	1.357177	1.866922	0.5759678	2.309921
41862	-3427.446	-3593.274	165.8286	1.402281	2.150674	0.3539074	3.023756
41868	-3428.499	-3593.159	164.6603	1.230252	2.165285	0.3813643	3.772459
41874	-3420.42	-3585.557	165.1376	1.202769	2.502014	0.5657075	3.221773
41880	-3422.746	-3588.713	165.9673	1.369001	2.431143	0.471074	2.736136
41886	-3422.463	-3588.324	165.8609	1.355996	2.678093	0.471074	2.736136
41892	-3436.746	-3602.498	165.7517	1.444674	2.678093	0.6087369	2.615727
41898	-3426.694	-3592.783	166.0893	1.389997	2.165196	0.5229678	2.681398
41904	-3433.474	-3598.758	165.2836	1.260814	2.293002	0.6082681	3.126434
41910	-3429.163	-3594.181	165.018	1.288488	2.293002	0.5386173	3.329137
41916	-3429.711	-3595.144	165.4333	1.455835	2.20355	0.3538361	3.210098
41922	-3437.298	-3603.27	165.9721	1.398619	2.093396	0.4866125	2.808772
41928	-3434.56	-3600.188	165.6279	1.371026	2.696882	0.4866125	2.847441
41934	-3432.539	-3597.933	165.3943	1.409092	1.995662	0.4925568	3.177254
41940	-3446.331	-3611.472	165.1407	1.403797	2.221268	0.7103477	3.066389
41946	-3442.317	-3606.623	164.3054	1.282105	1.945995	0.6535578	3.763219
41952	-3444.762	-3611.37	166.6078	1.610078	1.74352	0.6167842	2.288281
41958	-3447.261	-3614.079	166.818	1.361675	1.848235	0.4932441	2.391068
41964	-3434.202	-3598.927	164.7252	1.305979	2.108716	0.4749752	3.609554
41970	-3430.475	-3596.626	166.1514	1.377748	2.291404	0.4436925	2.691502
41976	-3438.942	-3603.992	165.0496	1.343413	3.05252	0.4799032	3.124244
41982	-3447.13	-3613.308	166.1772	1.487914	2.485339	0.6560894	2.338309
41988	-3439.818	-3606.886	167.0677	1.570886	1.600468	0.557689	2.135242
41994	-3440.702	-3606.855	166.1525	1.459447	2.067192	0.7955753	2.400409
42000	-3430.188	-3596.045	165.857	1.278542	2.078267	0.6607786	2.797371
42006	-3428.756	-3593.685	164.9287	1.073457	1.829396	0.5098441	3.688773
42012	-3425.94	-3591.194	165.2537	1.250657	2.3851	0.5098441	3.211354
42018	-3426.651	-3591.757	165.1062	1.318961	2.3851	0.5600259	3.211354
42024	-3428.572	-3593.402	164.8307	1.272429	2.024727	0.5600259	3.515686
42030	-3419.617	-3585.759	166.1419	1.399342	2.024727	0.5035042	2.7115
42036	-3417.326	-3581.992	164.6658	1.172477	2.024727	0.4400358	3.784374
42042	-3428.95	-3594.121	165.1706	1.299658	2.026524	0.5516419	3.307471
42048	-3443.552	-3606.666	163.114	1.142205	1.9053	0.7913566	4.435563
42054	-3434.213	-3597.238	163.0253	1.105398	1.919502	0.7913566	4.501388
42060	-3423.527	-3588.358	164.8306	1.317153	1.919502	0.7913566	3.34427
42066	-3436.055	-3601.608	165.5529	1.338003	1.919502	0.8291371	2.875013
42072	-3442.581	-3607.825	165.2438	1.32103	1.919502	0.6644418	3.192979
42078	-3437.99	-3603.878	165.8881	1.245317	1.567128	0.4688905	3.169184
42084	-3442.398	-3608.387	165.9892	1.4107	1.88668	0.4987328	2.85276
42090	-3436.34	-3602.163	165.8233	1.476225	1.823127	0.335408	3.121804
42096	-3426.819	-3592.988	166.1687	1.323327	2.109495	0.5150866	2.700406
42102	-3424.364	-3590.457	166.0931	1.375166	2.223278	0.4244705	2.772488
42108	-3432.533	-3599.137	166.6048	1.329313	2.223278	0.4244705	2.484749
42114	-3430.893	-3597.719	166.8259	1.485875	2.223278	0.4471064	2.218739
42120	-3438.592	-3604	165.4079	1.391555	2.362868	0.6837325	2.889255
42126	-3443.974	-3609.337	165.3623	1.437143	2.362868	0.6837325	2.889255
42132	-3453.646	-3619.277	165.6309	1.437143	2.362868	0.7201941	2.696807
42138	-3446.92	-3611.669	164.7489	1.340752	1.954155	0.4797093	3.622898
42144	-3445.38	-3610.995	165.6149	1.44766	2.726286	0.4192706	2.873023
42150	-3448.614	-3611.872	163.2577	1.093217	1.856793	0.6581947	4.494331
42156	-3435.058	-3599.681	164.6224	1.148042	1.754933	0.399463	3.961903
42162	-3430.982	-3596.455	165.4731	1.322602	2.100097	0.4107367	3.232294
42168	-3419.844	-3585.564	165.7199	1.262678	1.906475	0.4107367	3.188839
42174	-3419.958	-3585.33	165.3717	1.331126	1.775749	0.4107367	3.402026
42180	-3420.877	-3587.705	166.8281	1.528049	2.303039	0.4107367	2.205828
42186	-3419.998	-3586.363	166.3649	1.505357	1.962987	0.4107367	2.632043
42192	-3435.992	-3601.592	165.5998	1.505357	2.423015	0.7705382	2.616534
42198	-3436.958	-3603.448	166.4901	1.54342	2.183232	0.5714765	2.280754
42204	-3430.461	-3597.322	166.8606	1.488708	1.676669	0.5714765	2.274996
42210	-3429.248	-3595.724	166.4756	1.488708	1.876458	0.452634	2.558794
42216	-3428.864	-3595.543	166.6794	1.431262	1.841228	0.5701032	2.360364
42222	-3422.29	-3589.122	166.8323	1.393116	1.408141	0.5701032	2.477155
42228	-3426.49	-3591.078	164.5882	1.208758	1.911655	0.773557	3.564641
42234	-3428.516	-3592.867	164.351	1.208758	1.911655	0.6415969	3.800645
42240	-3424.886	-3590.618	165.7328	1.243647	1.899147	0.703248	2.923578
42246	-3420.966	-3586.504	165.538	1.230066	1.899147	0.4860387	3.238956
42252	-3426.051	-3590.07	164.0184	1.063511	1.899147	0.6387955	4.080867
42258	-3419.626	-3583.521	163.8949	1.152337	1.899147	0.6641077	4.080867
42264	-3435.248	-3598.154	162.9066	1.26545	2.654407	0.6654999	4.347944
42270	-3438.457	-3602.5	164.0431	1.293596	2.982435	0.7081609	3.564874
42276	-3444.265	-3608.3	164.0347	1.137537	2.982435	0.529987	3.807151
42282	-3434.75	-3598.403	163.6533	1.19958	2.23612	0.6602211	4.084707
42288	-3435.887	-3600.48	164.5929	1.186744	1.881653	0.6445955	3.681929
42294	-3437.621	-3602.979	165.3581	1.192914	1.926277	0.4369327	3.407552
42300	-3445.305	-3608.847	163.5412	1.078371	1.881653	0.5060536	4.462113
42306	-3453.424	-3617.013	163.5892	1.014483	1.981926	0.5060536	4.437005
42312	-3438.773	-3604.355	165.5819	1.204095	1.888514	0.4518885	3.267073
42318	-3440.041	-3605.831	165.7898	1.281994	1.888514	0.4518885	3.097539
42324	-3425.365	-3591.297	165.9329	1.248687	1.888514	0.4518885	3.031928
42330	-3423.933	-3589.041	165.1082	1.219288	2.387115	0.4518885	3.373077
42336	-3432.678	-3597.686	165.0075	1.261838	2.31411	0.531306	3.351241
42342	-3439.775	-3605.004	165.2295	1.353733	2.31411	0.531306	3.16587
42348	-3437.421	-3604.02	166.5983	1.433497	1.904829	0.531306	2.423274
42354	-3438.831	-3605.746	166.9152	1.434504	1.670589	0.4062427	2.454261
42360	-3439.201	-3605.596	166.3953	1.463012	2.090106	0.3373875	2.685163
42366	-3437.32	-3603.599	166.2787	1.30543	2.257848	0.4356667	2.677576
42372	-3435.297	-3601.663	166.3663	1.481323	1.900702	0.3621872	2.727956
42378	-3435.034	-3599.915	164.881	1.548155	1.900702	1.090947	2.996877
42384	-3426.607	-3591.272	164.665	1.552174	1.900702	1.00484	3.172974
42390	-3424.054	-3588.694	164.6399	1.416723	2.194595	1.00484	3.167702
42396	-3432.393	-3597.278	164.8844	1.209512	2.194595	0.6172532	3.415895
42402	-3440.489	-3605.045	164.5564	1.265083	2.180343	0.5506624	3.6367
42408	-3433.405	-3599.256	165.8511	1.243056	1.664102	0.5506624	3.073012
42414	-3431.572	-3595.868	164.2962	1.06282	1.664102	0.5360308	4.095654
42420	-3437.27	-3601.384	164.1145	1.089837	2.209044	0.4210398	4.108098
42426	-3416.079	-3578.884	162.805	1.090338	1.972833	0.4832045	4.858244
42432	-3427.126	-3590.564	163.4376	1.133946	2.166304	0.6341953	4.286375
42438	-3438.17	-3601.915	163.745	1.102473	1.746879	0.577823	4.318307
42444	-3439.598	-3602.996	163.3974	1.085921	1.730824	0.5132726	4.585945
42450	-3437.63	-3602.637	165.0066	1.085921	1.769038	0.5132726	3.655559
42456	-3432.085	-3596.194	164.1088	1.160331	2.315617	0.6631211	3.82005
42462	-3428.999	-3593.79	164.7913	1.377568	1.846449	0.6631211	3.453552
42468	-3445.61	-3611.013	165.4023	1.337573	2.068793	0.5985439	3.091641
42474	-3432.294	-3597.643	165.3493	1.280327	2.068793	0.5481929	3.20211
42480	-3436.531	-3602.021	165.49	1.245687	2.068793	0.4827218	3.20211
42486	-3442.482	-3609.065	166.5835	1.447885	2.240222	0.3848822	2.465584
42492	-3433.259	-3599.639	166.3805	1.506713	2.375682	0.5236531	2.356413
42498	-3440.948	-3607.34	166.3918	1.485217	2.375682	0.4235192	2.471454
42504	-3438.807	-3605.005	166.1974	1.473341	2.375682	0.4056564	2.620697
42510	-3452.916	-3619.293	166.3769	1.520041	2.743787	0.418312	2.352832
42516	-3454.887	-3621.462	166.5754	1.473939	2.705041	0.418312	2.26695
42522	-3440.048	-3607.715	167.6662	1.586328	2.059909	0.3663464	1.753058
42528	-3438.525	-3605.327	166.802	1.608757	2.059909	0.4885829	2.166904
42534	-3441.368	-3608.569	167.2003	1.611891	2.059909	0.4758087	1.915307
42540	-3435.314	-3602.803	167.4892	1.644943	2.059909	0.4490027	1.72558
42546	-3432.656	-3600.341	167.6848	1.750664	1.820943	0.4490027	1.613043
42552	-3440.021	-3607.772	167.751	1.854201	1.820943	0.3882877	1.572108
42558	-3446.784	-3614.744	167.9603	1.832246	1.820943	0.4316373	1.36765
42564	-3447.326	-3611.659	164.3336	1.225193	2.372317	0.6250328	3.666378
42570	-3434.775	-3599.515	164.7402	1.308455	2.57652	0.5918252	3.349502
42576	-3440.637	-3605.84	165.2028	1.357185	2.42412	0.5918252	3.091188
42582	-3427.65	-3592.741	165.091	1.375264	1.935453	0.6656033	3.244654
42588	-3423.963	-3588.745	164.7822	1.495616	2.576444	0.7869019	3.061068
42594	-3419.453	-3584.915	165.462	1.41512	2.126685	0.6965316	2.908638
42600	-3439.204	-3604.802	165.5975	1.404957	2.096864	0.6169012	2.908638
42606	-3441.481	-3607.557	166.0761	1.293833	1.824226	0.5096074	2.883584
42612	-3447.67	-3613.531	165.861	1.350382	2.096844	0.497008	2.893647
42618	-3430.722	-3596.606	165.8846	1.348314	2.096844	0.5268755	2.851243
42624	-3436.178	-3602.299	166.1219	1.355071	2.096844	0.5268755	2.702418
42630	-3436.193	-3602.977	166.7838	1.593233	1.982573	0.5268755	2.177347
42636	-3457.201	-3623.924	166.7229	1.562096	1.75925	0.62762	2.228713
42642	-3435.601	-3601.521	165.9199	1.515114	1.99683	0.5563106	2.735201
42648	-3436.886	-3602.585	165.6995	1.357986	2.120815	0.5563106	2.92133
42654	-3439.403	-3605.419	166.0158	1.512652	2.048311	0.5563106	2.659464
42660	-3438.388	-3604.968	166.5792	1.329869	1.277805	0.4062675	2.905698
42666	-3436.949	-3603.643	166.6932	1.392098	1.7002	0.35398	2.671024
42672	-3440.545	-3607.476	166.9313	1.465801	1.482622	0.4106965	2.502482
42678	-3433.792	-3600.694	166.9017	1.439827	1.661954	0.5082444	2.349544
42684	-3443.724	-3610.194	166.4699	1.38163	1.661954	0.5082444	2.655822
42690	-3438.918	-3605.462	166.5448	1.356956	1.708219	0.5675956	2.547769
42696	-3432.52	-3598.632	166.1123	1.291347	1.908327	0.5462308	2.796167
42702	-3427.11	-3592.961	165.851	1.380922	2.156483	0.4684565	2.890367
42708	-3442.948	-3608.788	165.8393	1.329389	1.813088	0.4684565	3.050417
42714	-3434.106	-3599.556	165.4504	1.308901	2.064243	0.4715413	3.200975
42720	-3433.663	-3598.125	164.4622	1.262598	2.966613	0.4809188	3.537837
42726	-3436.103	-3600.684	164.5803	1.227809	2.013582	0.4824766	3.762732
42732	-3434.879	-3600.434	165.5541	1.308291	1.981802	0.3184856	3.345163
42738	-3431.452	-3597.714	166.2621	1.348899	1.639145	0.413138	2.913531
42744	-3434.105	-3599.646	165.5411	1.264057	1.569308	0.528601	3.303881
42750	-3431.805	-3597.324	165.519	1.264057	1.567019	0.528601	3.317819
42756	-3433.988	-3599.461	165.4728	1.187353	1.536584	0.528601	3.402823
42762	-3441.241	-3605.982	164.7416	1.129026	2.094503	0.528601	3.655954
42768	-3439.104	-3603.92	164.8163	1.21749	1.765473	0.4947107	3.708483
42774	-3433.166	-3597.455	164.2895	1.042357	1.765473	0.5622931	4.049668
42780	-3433.345	-3598.528	165.1823	1.19383	1.765473	0.5800826	3.43129
42786	-3438.122	-3603.593	165.471	1.116317	1.765473	0.4588877	3.422175
42792	-3441.919	-3605.904	163.9855	1.210025	1.765473	0.6203676	4.078738
42798	-3429.554	-3594.441	164.887	1.22663	2.195167	0.6174566	3.403992
42804	-3427.35	-3592.589	165.2386	1.289246	2.074915	0.4057505	3.403992
42810	-3431.128	-3594.837	163.7095	1.094707	2.074915	0.5648392	4.240769
42816	-3421.918	-3586.184	164.2659	1.082884	1.751691	0.5648392	4.042947
42822	-3428.209	-3593.54	165.3308	1.262716	1.855488	0.5648392	3.283489
42828	-3429.138	-3594.876	165.7383	1.408538	2.083943	0.5648392	2.872005
42834	-3438.29	-3604.334	166.0442	1.434388	2.001964	0.5895292	2.676021
42840	-3432.299	-3597.915	165.6155	1.371631	2.007487	0.5181288	3.038624
42846	-3435.883	-3601.608	165.725	1.330752	1.886951	0.5425544	3.017575
42852	-3442.983	-3608.215	165.2323	1.330752	1.886951	0.5425544	3.310219
42858	-3432.057	-3597.728	165.6703	1.304323	1.781633	0.5425544	3.105576
42864	-3428.944	-3593.606	164.6615	1.223314	1.781633	0.5086186	3.775233
42870	-3429.909	-3595.947	166.0383	1.211228	1.510777	0.4485363	3.145534
42876	-3433.983	-3599.696	165.7127	1.308413	1.510777	0.4653293	3.263339
42882	-3425.341	-3589.998	164.6566	1.123242	1.862024	0.5166155	3.798972
42888	-3439.396	-3603.777	164.3812	1.159696	2.638361	0.5166155	3.695757
42894	-3436.647	-3601.676	165.0286	1.321942	1.711115	0.6343637	3.421302
42900	-3428.534	-3593.537	165.0033	1.174954	2.245443	0.3675165	3.596976
42906	-3435.325	-3601.106	165.781	1.376365	2.281351	0.3675165	3.008601
42912	-3429.877	-3594.414	164.5371	1.273479	2.281351	0.652926	3.525104
42918	-3430.538	-3595.025	164.4872	1.250742	1.952872	0.6122318	3.70738
42924	-3443.65	-3607.627	163.977	1.250742	2.12916	0.5385836	4.005421
42930	-3435.974	-3601.963	165.9894	1.347971	2.072281	0.5395683	2.784015
42936	-3429.266	-3594.924	165.6586	1.347971	2.072281	0.5615273	2.963709
42942	-3430.738	-3596.357	165.6185	1.30345	2.194829	0.5977347	2.94105
42948	-3445.796	-3609.88	164.0841	1.19781	1.74842	0.6704978	3.996288
42954	-3438.449	-3602.603	164.1543	1.186011	2.03398	0.5119814	3.996288
42960	-3433.256	-3598.348	165.0917	1.219471	2.101494	0.5014474	3.422772
42966	-3441.216	-3606.358	165.142	1.154923	2.138334	0.5014474	3.419001
42972	-3431.242	-3596.059	164.8166	1.206555	2.138334	0.5014474	3.578693
42978	-3440.813	-3605.524	164.7107	1.073353	2.138334	0.6283586	3.605455
42984	-3435.682	-3599.408	163.7257	1.295985	2.138334	0.6063968	4.061887
42990	-3437.775	-3602.866	165.0909	1.258134	1.916885	0.5227894	3.443437
42996	-3424.371	-3589.187	164.8163	1.216568	1.916885	0.7480103	3.443437
43002	-3432.641	-3597.309	164.668	1.163572	1.916885	0.4576265	3.807035
43008	-3443.414	-3610.108	166.6933	1.358538	1.925031	0.3353625	2.628185
43014	-3434.796	-3599.587	164.7913	1.181509	2.008966	0.5917315	3.569264
43020	-3435.604	-3600.254	164.6509	1.216726	2.255384	0.5699687	3.569264
43026	-3421.232	-3586.095	164.8628	1.088151	2.108814	0.5699687	3.567476
43032	-3441.634	-3609.639	168.0048	1.773131	1.725408	0.3639311	1.526159
43038	-3433.035	-3601.04	168.0048	1.734489	1.613279	0.4231698	1.525394
43044	-3439.615	-3605.041	165.4262	1.19357	1.804777	0.6682639	3.199541
43050	-3433.63	-3598.806	165.1758	1.207452	2.472456	0.57183	3.199541
43056	-3435.242	-3600.464	165.2218	1.230895	2.103909	0.5956626	3.25276
43062	-3436.02	-3600.195	164.1743	1.154053	2.103909	0.6028764	3.900455
43068	-3443.915	-3608.43	164.5158	1.11458	2.848527	0.4686587	3.634794
43074	-3430.974	-3595.246	164.2719	1.036239	2.848527	0.5519515	3.742527
43080	-3436.248	-3602.836	166.5889	1.566856	2.744519	0.4757391	2.119796
43086	-3431.965	-3598.182	166.2169	1.500577	2.744519	0.5602902	2.314606
43092	-3430.377	-3594.923	164.5455	1.182895	2.10374	0.3704165	3.898089
43098	-3428.386	-3593.279	164.8928	1.25958	2.245626	0.3704165	3.608513
43104	-3443.053	-3606.143	163.09	0.9874269	2.23571	0.5324908	4.628518
43110	-3437.932	-3600.663	162.7309	0.9985351	2.23571	0.4555438	4.894693
43116	-3437.671	-3601.752	164.0808	1.204696	2.591763	0.4655657	3.90475
43122	-3430.263	-3595.074	164.811	1.241824	2.113555	0.4096013	3.663669
43128	-3432.737	-3597.648	164.9112	1.22112	2.113555	0.5086226	3.516358
43134	-3443.266	-3607.542	164.2759	1.136507	2.12245	0.7049286	3.765854
43140	-3431.348	-3595.942	164.5944	1.171079	2.001446	0.584859	3.69787
43146	-3437.505	-3603.262	165.7564	1.2858	2.001446	0.6710117	2.872573
43152	-3447.141	-3611.216	164.0754	1.153222	1.870587	0.5691895	4.064672
43158	-3443.497	-3608.436	164.9393	1.337694	2.159978	0.3870252	3.543842
43164	-3448.256	-3613.403	165.1472	1.244469	1.690055	0.4809107	3.543188
43170	-3436.261	-3601.762	165.5006	1.244469	2.287695	0.4775478	3.130411
43176	-3437.096	-3602.308	165.2114	1.125844	1.848609	0.5321996	3.466133
43182	-3436.799	-3602.341	165.5418	1.395194	1.752245	0.5321996	3.149022
43188	-3433.297	-3598.832	165.5352	1.275661	1.954612	0.5321996	3.149022
43194	-3441.043	-3606.94	165.8972	1.294404	2.68124	0.6066616	2.619596
43200	-3426.529	-3593.153	166.6237	1.424501	2.011559	0.476107	2.430035
43206	-3431.88	-3597.975	166.0947	1.435716	2.395317	0.5081326	2.58949
43212	-3423.23	-3588.266	165.0362	1.23574	2.301785	0.6008084	3.291494
43218	-3435.618	-3601.031	165.4131	1.294723	2.754974	0.4829018	3.010695
43224	-3444.898	-3612.611	167.7136	1.719989	1.838802	0.4812921	1.565246
43230	-3428.461	-3595.76	167.2992	1.660923	1.947221	0.4105578	1.939293
43236	-3431.721	-3598.544	166.8234	1.590469	2.177092	0.4105578	2.212431
43242	-3430.362	-3596.302	165.9406	1.386091	1.603796	0.3276608	3.202027
43248	-3434.395	-3599.814	165.419	1.190985	1.797336	0.5252912	3.331639
43254	-3435.637	-3600.283	164.6463	1.282398	2.121241	0.6756913	3.489087
43260	-3440.232	-3604.951	164.7191	1.349387	2.427733	0.6756913	3.311818
43266	-3431.37	-3595.579	164.209	1.21785	2.129786	0.6756913	3.777316
43272	-3433.82	-3598.889	165.0689	1.339266	1.904653	0.5022895	3.432723
43278	-3441.778	-3606.575	164.7971	1.235005	1.619571	0.5528175	3.712075
43284	-3442.007	-3607.537	165.5305	1.371713	1.539454	0.4937486	3.292702
43290	-3431.68	-3598.449	166.7698	1.443094	1.930077	0.3337359	2.52855
43296	-3435.536	-3602.672	167.1361	1.535871	1.943187	0.3337359	2.232914
43302	-3447.568	-3615.059	167.4909	1.640014	2.11293	0.365787	1.817435
43308	-3444.786	-3611.814	167.0289	1.654033	2.059754	0.4407697	2.043059
43314	-3441.89	-3608.336	166.4467	1.512296	1.900425	0.4671069	2.537166
43320	-3443.933	-3610.392	166.4591	1.647172	2.923587	0.4407697	2.140213
43326	-3445.325	-3612.073	166.7485	1.68178	2.374415	0.4407697	2.097272
43332	-3443.133	-3610.045	166.912	1.64212	2.846586	0.4302147	1.877221
43338	-3434.037	-3600.728	166.6911	1.64212	2.691244	0.3975054	2.112788
43344	-3453.404	-3618.758	165.3547	1.343225	2.691244	0.5988741	2.924866
43350	-3443.332	-3608.442	165.1098	1.34892	2.195846	0.5586352	3.251812
43356	-3439.498	-3601.94	162.4417	1.115884	2.195846	0.7299105	4.775802
43362	-3436.367	-3600.09	163.7237	1.039599	1.988583	0.527677	4.324957
43368	-3436.969	-3601.53	164.5614	1.17018	2.098897	0.4341812	3.827438
43374	-3446.073	-3610.402	164.3288	1.247185	2.109452	0.4912884	3.856173
43380	-3431.015	-3595.031	164.0159	1.169016	1.976782	0.6125909	4.016547
43386	-3429.98	-3593.659	163.6786	1.16815	1.976782	0.6373338	4.189229
43392	-3432.14	-3596.129	163.9889	1.239734	2.679282	0.8496391	3.606991
43398	-3425.433	-3590.753	165.3202	1.448803	2.679282	0.4773219	3.000584
43404	-3423.555	-3587.405	163.8493	1.140361	2.237109	0.5543853	4.093522
43410	-3430.127	-3594.447	164.32	1.173037	1.638171	0.6322265	3.947699
43416	-3437.379	-3602.573	165.1938	1.305107	2.153529	0.5482226	3.251264
43422	-3435.178	-3600.054	164.8764	1.305107	2.153529	0.5482226	3.437863
43428	-3432.273	-3595.537	163.2639	1.279407	2.76783	0.6033472	4.157182
43434	-3433.812	-3599.698	165.8857	1.302506	2.106949	0.4354071	2.968696
43440	-3437.248	-3602.807	165.5588	1.302506	2.106949	0.6423216	2.968696
43446	-3438.837	-3603.743	164.9057	1.411058	2.106949	0.6423216	3.292819
43452	-3440.157	-3606.5	166.3426	1.381559	2.319075	0.5927248	2.411154
43458	-3432.12	-3598.192	166.0724	1.47882	2.125857	0.6756453	2.512363
43464	-3436.077	-3601.888	165.8111	1.289205	2.05145	0.579509	2.898092
43470	-3429.916	-3596.091	166.1748	1.443257	2.274666	0.579509	2.504632
43476	-3423.474	-3589.041	165.5675	1.376306	2.071102	0.5950725	2.971725
43482	-3423.981	-3589.742	165.7611	1.344903	2.071102	0.4556315	3.008523
43488	-3416.381	-3582.637	166.256	1.371345	1.730424	0.4434494	2.832801
43494	-3427.185	-3592.537	165.3519	1.281059	1.85225	0.4914777	3.33029
43500	-3433.715	-3598.833	165.1179	1.235037	2.628733	0.4613947	3.278491
43506	-3431.324	-3597.605	166.2805	1.312326	1.963901	0.4613947	2.74553
43512	-3424.646	-3590.572	165.926	1.363468	2.174731	0.4331187	2.887456
43518	-3430.541	-3595.612	165.0705	1.423977	2.471164	0.4162376	3.288214
43524	-3427.293	-3594.473	167.1793	1.590747	2.494852	0.4062101	1.872518
43530	-3428.153	-3594.246	166.0929	1.419874	1.7827	0.5489838	2.774891
43536	-3425.643	-3591.963	166.3197	1.385478	2.325683	0.4086349	2.611895
43542	-3430.13	-3597.244	167.1142	1.438225	1.819396	0.4757986	2.182971
43548	-3424.396	-3590.67	166.2744	1.438225	2.042654	0.4757986	2.628311
43554	-3449.021	-3614.572	165.5511	1.254655	2.042654	0.5834695	3.074501
43560	-3447.182	-3613.033	165.8505	1.316497	2.266412	0.5982878	2.768645
43566	-3444.366	-3610.009	165.6427	1.343593	2.382526	0.7320096	2.731558
43572	-3442.506	-3608.112	165.606	1.380273	2.382526	0.7320096	2.731558
43578	-3440.622	-3605.659	165.0368	1.328744	2.455016	0.5999707	3.190523
43584	-3430.969	-3595.717	164.7481	1.295672	2.07489	0.5923947	3.505185
43590	-3434.408	-3597.819	163.4105	1.162742	1.963447	0.7730218	4.249054
43596	-3434.281	-3598.988	164.7065	1.228451	2.18472	0.6474746	3.487276
43602	-3438.6	-3603.723	165.1225	1.295905	2.567096	0.4314561	3.288801
43608	-3437.562	-3602.868	165.3063	1.246478	2.186846	0.4653947	3.288801
43614	-3434.707	-3599.978	165.2709	1.374907	2.660674	0.5041189	3.052689
43620	-3430.504	-3596.069	165.5649	1.3752	2.834716	0.3973371	2.942575
43626	-3433.864	-3599.643	165.7796	1.408276	2.306845	0.5775838	2.761533
43632	-3432.127	-3596.105	163.9787	1.13779	1.982055	0.6250325	4.043757
43638	-3415.147	-3581.081	165.9342	1.415049	2.179597	0.5075733	2.771414
43644	-3429.981	-3596.022	166.0402	1.323257	2.179597	0.5075733	2.762752
43650	-3431.31	-3596.84	165.53	1.371049	2.085496	0.5213486	3.060167
43656	-3433.128	-3599.241	166.113	1.477308	1.960161	0.6016464	2.611407
43662	-3429.35	-3595.507	166.157	1.533762	2.458177	0.6016464	2.379207
43668	-3432.796	-3599.101	166.3058	1.516645	2.468475	0.5124931	2.379207
43674	-3428.112	-3594.253	166.1407	1.430357	2.384686	0.5124931	2.563238
43680	-3444.837	-3611.071	166.2341	1.440095	2.189255	0.5124931	2.563238
43686	-3442.573	-3607.965	165.3923	1.282973	2.560519	0.5277926	3.040612
43692	-3436.125	-3599.811	163.6854	1.086083	2.101699	0.5506255	4.263048
43698	-3442.341	-3606.349	164.0082	0.9596202	2.101699	0.4334856	4.263048
43704	-3440.188	-3603.284	163.0954	1.083775	2.538646	0.5123222	4.502684
43710	-3442.836	-3605.56	162.7246	1.013808	2.538646	0.5438245	4.721782
43716	-3452.427	-3615.324	162.8962	0.9786397	1.407296	0.4724037	5.091604
43722	-3433.278	-3598.017	164.739	1.060795	1.772207	0.4724037	3.862562
43728	-3420.734	-3585.073	164.3396	1.1301	1.607448	0.4724037	4.114372
43734	-3418.725	-3583.265	164.5406	1.135706	2.110966	0.430768	3.858879
43740	-3435.254	-3600.138	164.8836	1.303335	1.924914	0.7503535	3.348577
43746	-3412.149	-3577.923	165.7747	1.487388	2.494366	0.355151	2.895476
43752	-3415.198	-3582.164	166.9667	1.489947	1.898854	0.4789558	2.209494
43758	-3422.255	-3588.727	166.4725	1.413655	1.859421	0.4711002	2.593809
43764	-3432.496	-3598.591	166.0948	1.319856	1.859421	0.4711002	2.882285
43770	-3421.363	-3587.404	166.041	1.381942	1.859421	0.4711002	2.877285
43776	-3433.803	-3600.733	166.9295	1.478894	1.859421	0.3735058	2.380683
43782	-3427.296	-3594.103	166.8068	1.482019	1.876977	0.4029018	2.4128
43788	-3439.209	-3605.508	166.2992	1.437893	1.936645	0.4628442	2.665503
43794	-3425.414	-3591.814	166.4002	1.404637	1.936645	0.5725136	2.513668
43800	-3448.334	-3614.944	166.6104	1.602148	2.956604	0.4904365	2.003838
43806	-3446.966	-3614.24	167.2733	1.64618	2.280639	0.3603391	1.907131
43812	-3439.601	-3605.074	165.473	1.424573	2.099158	0.3934133	3.192039
43818	-3443.966	-3609.499	165.5329	1.305578	1.932485	0.4792927	3.192039
43824	-3447.567	-3615.28	167.7124	1.6233	1.480591	0.468531	1.823373
43830	-3450.407	-3617.446	167.0391	1.584237	2.421349	0.468531	1.920246
43836	-3443.337	-3610.088	166.7515	1.486667	2.421349	0.646991	1.994501
43842	-3434.346	-3601.378	167.0311	1.654261	2.421349	0.4380725	1.914734
43848	-3433.415	-3600.59	167.1744	1.625099	2.421349	0.5183043	1.741835
43854	-3431.819	-3598.936	167.1169	1.634489	2.009729	0.4562825	1.998464
43860	-3437.708	-3604.942	167.2342	1.517119	2.009729	0.4562825	1.998464
43866	-3431.539	-3598.61	167.0715	1.620407	2.215894	0.4562825	1.960714
43872	-3436.965	-3604.229	167.2646	1.856249	2.410013	0.499203	1.537124
43878	-3431.563	-3599.41	167.8468	1.731103	2.278055	0.3691485	1.423252
43884	-3437.298	-3605.262	167.9642	1.804288	1.871763	0.3899431	1.423252
43890	-3432.587	-3600.711	168.1239	1.946511	1.853421	0.433881	1.113913
43896	-3422.559	-3590.668	168.1085	1.965498	1.817254	0.433881	1.131148
43902	-3440.534	-3607.77	167.2357	1.680845	2.261287	0.4007976	1.861252
43908	-3443.837	-3611.763	167.9258	1.819213	1.738116	0.5392406	1.302728
43914	-3427.325	-3595.615	168.2897	1.796005	1.575953	0.433881	1.259654
43920	-3424.973	-3593.517	168.5441	1.936291	1.325959	0.4268336	1.091448
43926	-3430.027	-3598.143	168.1154	1.975661	1.670847	0.5045402	1.091448
43932	-3427.665	-3596.031	168.3651	1.901873	1.670847	0.4051034	1.091448
43938	-3435.304	-3602.809	167.5049	1.906675	2.478288	0.4051034	1.41788
43944	-3441.485	-3608.725	167.2401	1.641156	2.478288	0.4129855	1.792874
43950	-3432.088	-3599.073	166.9846	1.437601	1.936168	0.5019323	2.192252
43956	-3431.411	-3598.626	167.2148	1.673403	1.936168	0.3929891	2.014435
43962	-3432.062	-3598.114	166.0515	1.469456	2.671943	0.3929891	2.638957
43968	-3434.52	-3600.636	166.1163	1.487449	2.4055	0.4255026	2.6297
43974	-3433.141	-3599.477	166.3359	1.423168	2.083004	0.435082	2.6297
43980	-3431.735	-3597.859	166.1238	1.415089	2.176715	0.5038287	2.659952
43986	-3432.095	-3597.855	165.7595	1.415089	1.983974	0.5038287	2.948384
43992	-3433.456	-3597.782	164.3265	1.336656	2.061811	0.471184	3.841247
43998	-3429.669	-3595.622	165.9529	1.334792	1.875889	0.471184	2.952624
44004	-3439.141	-3605.108	165.9669	1.366005	1.781725	0.4801456	2.951844
44010	-3442.237	-3608.197	165.9596	1.224892	1.781725	0.5278767	2.99391
44016	-3445.464	-3612.056	166.5916	1.466551	2.163191	0.5278767	2.315181
44022	-3435.642	-3601.217	165.5744	1.362141	2.394991	0.5415948	2.919792
44028	-3430.185	-3597.341	167.1563	1.42805	2.012702	0.4227739	2.147309
44034	-3437.577	-3604.257	166.6797	1.54866	2.150517	0.4589795	2.284375
44040	-3452.308	-3619.07	166.7616	1.414516	2.150517	0.4200528	2.362523
44046	-3441.765	-3608.851	167.0861	1.410598	1.630082	0.4200528	2.362523
44052	-3439.557	-3607.331	167.7737	1.663569	1.861261	0.3858899	1.678576
44058	-3451.392	-3619.219	167.8267	1.709838	1.641127	0.471139	1.597345
44064	-3438.535	-3606.461	167.9261	1.743217	1.995091	0.4428682	1.365178
44070	-3450.587	-3617.562	166.9742	1.434643	1.806542	0.4787535	2.277452
44076	-3451.15	-3617.896	166.7464	1.510783	2.333412	0.4006582	2.271725
44082	-3448.665	-3615.113	166.4478	1.553051	2.333412	0.6981296	2.135569
44088	-3434.147	-3601.445	167.2988	1.525933	1.828094	0.4438815	2.037521
44094	-3446.043	-3612.411	166.3671	1.443688	2.385661	0.4438815	2.486456
44100	-3438.893	-3604.569	165.6758	1.349229	1.71917	0.5263145	3.11509
44106	-3454.17	-3619.516	165.3453	1.368087	1.854519	0.5871648	3.193225
44112	-3442.462	-3609.792	167.3296	1.532805	1.563264	0.3676245	2.223897
44118	-3427.074	-3594.168	167.0935	1.485664	2.137966	0.3676245	2.174017
44124	-3435.338	-3602.541	167.203	1.615464	2.137966	0.492568	1.861803
44130	-3442.136	-3607.979	165.8432	1.440722	1.814804	0.528758	2.920518
44136	-3452.356	-3619.045	166.6889	1.537597	1.814804	0.528758	2.338015
44142	-3446.872	-3613.707	166.8349	1.489392	1.86142	0.5513538	2.234059
44148	-3443.299	-3610.077	166.7782	1.507631	1.867115	0.5513538	2.256495
44154	-3439.121	-3607.199	168.0777	1.710592	1.63819	0.3941988	1.517037
44160	-3437.153	-3604.724	167.5711	1.616247	1.63819	0.3428343	2.010742
44166	-3445.897	-3613.865	167.9681	1.619447	1.571468	0.3819447	1.713696
44172	-3435.537	-3603.454	167.9172	1.669176	2.010384	0.3819447	1.510166
44178	-3424.013	-3591.459	167.4462	1.622058	2.010384	0.3775156	1.884346
44184	-3426.501	-3594.218	167.7171	1.628758	1.786853	0.3775156	1.787519
44190	-3426.071	-3594.265	168.1938	1.678977	1.531115	0.3775156	1.534807
44196	-3439.096	-3606.519	167.4223	1.665376	2.007336	0.430592	1.802495
44202	-3438.607	-3603.926	165.3193	1.342599	2.038403	0.54324	3.197896
44208	-3444.948	-3610.35	165.4021	1.340524	2.202768	0.54324	3.095173
44214	-3439.327	-3606.934	167.6072	1.612802	1.66836	0.4734502	1.805646
44220	-3445.781	-3609.679	163.8984	1.199637	2.219935	0.7197251	3.904868
44226	-3442.424	-3605.912	163.4879	1.162274	2.219935	0.7856393	4.114165
44232	-3437.109	-3604.12	167.0107	1.517308	1.922055	0.4911028	2.140649
44238	-3445.874	-3613.008	167.1341	1.516839	1.922055	0.5158451	2.033084
44244	-3447.637	-3613.465	165.8281	1.504707	1.922055	0.5158451	2.863363
44250	-3424.413	-3590.82	166.4066	1.401361	1.880528	0.5158451	2.587882
44256	-3432.06	-3596.967	164.9066	1.412127	1.803207	0.7080852	3.346848
44262	-3429.222	-3592.988	163.7664	1.150867	1.886385	0.7080852	4.126232
44268	-3430.346	-3595.531	165.1853	1.24248	2.294035	0.5072572	3.287005
44274	-3430.755	-3594.906	164.1509	1.098976	1.855336	0.5285683	4.093848
44280	-3425.812	-3589.652	163.8396	0.9844501	1.96269	0.4688047	4.35448
44286	-3434.486	-3598.867	164.3814	1.208165	1.994375	0.5298317	3.850286
44292	-3437.431	-3601.596	164.1649	1.096171	1.994375	0.5298317	4.038359
44298	-3446.185	-3611.855	165.6697	1.393228	1.834735	0.5298317	3.044717
44304	-3451.609	-3617.7	166.0909	1.313926	1.834735	0.3969417	2.979084
44310	-3449.022	-3614.489	165.4668	1.251107	2.32836	0.3899362	3.228902
44316	-3436.999	-3602.957	165.9584	1.354156	2.32836	0.3665968	2.901482
44322	-3434.235	-3601.593	167.3583	1.783729	2.091947	0.4476163	1.708908
44328	-3432.207	-3599.818	167.6112	1.794895	2.170149	0.4476163	1.484736
44334	-3440.586	-3608.488	167.9017	1.742339	1.79352	0.4392812	1.484736
44340	-3450.273	-3617.102	166.8284	1.491106	1.758996	0.568734	2.261873
44346	-3446.767	-3612.545	165.7785	1.632046	2.633717	0.7723959	2.359728
44352	-3446.115	-3612.027	165.912	1.5085	2.633717	0.7723959	2.353389
44358	-3442.02	-3608.134	166.114	1.471542	2.633717	0.6446679	2.353389
44364	-3448.17	-3613.782	165.6125	1.437385	2.633717	0.5438256	2.778072
44370	-3439.918	-3607.45	167.5319	1.642142	2.056231	0.3978006	1.765668
44376	-3430.861	-3598.376	167.5156	1.61343	2.023902	0.3675694	1.851209
44382	-3434.879	-3602.454	167.5755	1.632774	1.86315	0.3760791	1.851209
44388	-3423.215	-3590.985	167.7703	1.664259	1.815919	0.3297517	1.782554
44394	-3419.685	-3587.089	167.4035	1.5411	1.815919	0.4076248	2.007534
44400	-3424.734	-3591.69	166.9557	1.402043	1.815919	0.4076248	2.387654
44406	-3432.873	-3600.369	167.496	1.507854	1.815919	0.4076248	1.967962
44412	-3447.676	-3612.674	164.9976	1.392638	1.79286	0.5750768	3.417122
44418	-3439.995	-3605.942	165.9479	1.3489	1.79286	0.5750768	2.87797
44424	-3441.651	-3608.767	167.1168	1.504137	1.517193	0.4206237	2.333642
44430	-3439.75	-3607.195	167.4448	1.505464	1.517193	0.4206237	2.121243
44436	-3431.279	-3598.858	167.5797	1.618972	1.516317	0.3976909	1.986304
44442	-3438.827	-3606.005	167.1777	1.542211	2.192714	0.4698464	1.934425
44448	-3448.63	-3616.108	167.4781	1.532622	1.460401	0.6199691	1.893972
44454	-3426.871	-3592.925	166.054	1.244076	1.566255	0.4383379	3.103769
44460	-3434.87	-3600.805	165.935	1.353923	2.086116	0.5476303	2.80104
44466	-3423.324	-3588.539	165.2145	1.15836	1.659996	0.4457566	3.601513
44472	-3422.833	-3587.461	164.6283	1.223077	1.993066	0.6121464	3.627952
44478	-3424.981	-3589.553	164.5726	1.302694	1.87456	0.6121464	3.655525
44484	-3427.826	-3592.678	164.8518	1.236337	2.213742	0.5449873	3.476092
44490	-3434.182	-3598.603	164.4212	1.120698	2.572454	0.5749808	3.660792
44496	-3440.074	-3604.53	164.4567	1.191406	2.572454	0.5749808	3.599188
44502	-3452.299	-3617.113	164.8137	1.302258	2.100673	0.5273902	3.51248
44508	-3443.899	-3608.675	164.7765	1.231561	2.265475	0.631085	3.432368
44514	-3443.922	-3609.676	165.7547	1.280648	2.337523	0.3902242	3.036867
44520	-3438.626	-3604.375	165.7487	1.430209	1.686182	0.3902242	3.179307
44526	-3434.829	-3599.754	164.9254	1.30698	2.226568	0.5230279	3.407974
44532	-3443.454	-3607.852	164.3983	1.284824	1.809857	0.5230279	3.867486
44538	-3444.615	-3610.317	165.7026	1.287014	2.311116	0.5697792	2.88775
44544	-3441.025	-3606.767	165.742	1.306722	2.007697	0.5418484	2.979062
44550	-3429.491	-3595.342	165.8518	1.372361	2.007697	0.5455751	2.869751
44556	-3434.686	-3599.965	165.2787	1.332858	2.321186	0.6934417	3.007678
44562	-3445.724	-3610.342	164.6178	1.378303	2.255748	0.7958567	3.318
44568	-3437.373	-3601.961	164.5881	1.345982	2.045737	0.7680213	3.442312
44574	-3425.731	-3591.621	165.8901	1.333395	1.639535	0.4343339	3.122101
44580	-3433.467	-3599.163	165.6957	1.296838	1.783043	0.5133186	3.122101
44586	-3423.784	-3589.939	166.1551	1.414377	2.234671	0.4493636	2.679063
44592	-3432.445	-3596.874	164.4289	1.219082	2.234671	0.506117	3.760963
44598	-3427.821	-3592.649	164.8272	1.240214	2.251433	0.506117	3.512591
44604	-3423.364	-3589.383	166.0191	1.343619	2.251433	0.4722652	2.77564
44610	-3432.581	-3599.213	166.6316	1.534809	2.227117	0.3647606	2.410544
44616	-3433.776	-3600.609	166.8327	1.669528	2.096604	0.7250262	1.86362
44622	-3430.553	-3598.223	167.6709	1.78424	1.682177	0.336184	1.818926
44628	-3435.151	-3602.871	167.7197	1.661583	1.784947	0.3548431	1.795941
44634	-3428.647	-3595.885	167.2385	1.681648	2.286611	0.3660265	1.896617
44640	-3439.661	-3606.893	167.2313	1.560711	1.683649	0.3388778	2.254446
44646	-3422.25	-3589.725	167.4759	1.560711	1.683649	0.4222326	1.985366
44652	-3442.282	-3609.682	167.4004	1.63806	2.001218	0.4614976	1.800705
44658	-3439.648	-3607.693	168.0452	1.723725	1.822717	0.5202765	1.263305
44664	-3436.045	-3604.229	168.1841	1.881827	1.807208	0.4535786	1.112249
44670	-3440.766	-3609.142	168.3756	1.996752	1.758136	0.3387169	1.064768
44676	-3438.195	-3606.57	168.3746	1.996752	1.759781	0.3387169	1.064768
44682	-3444.015	-3611.959	167.9433	1.987133	1.759781	0.5413307	1.130353
44688	-3442.436	-3610.742	168.306	1.926393	1.589043	0.4752787	1.057877
44694	-3434.973	-3603.072	168.0985	1.89408	1.820381	0.4752787	1.136743
44700	-3450.103	-3616.232	166.1285	1.400398	1.645616	0.5298459	2.838583
44706	-3450.194	-3616.058	165.8644	1.454781	1.975613	0.5298459	2.838583
44712	-3434.136	-3600.787	166.6506	1.368195	1.769781	0.4094792	2.615721
44718	-3434.516	-3600.496	165.9799	1.403781	2.35311	0.4094792	2.799408
44724	-3434.021	-3599.067	165.0461	1.341114	1.976978	0.6211352	3.312976
44730	-3434.896	-3600.55	165.654	1.389807	2.200911	0.6299984	2.837443
44736	-3433.087	-3598.658	165.5708	1.420439	2.287273	0.6299984	2.841289
44742	-3434.158	-3600.327	166.1695	1.473683	2.240297	0.5070752	2.570853
44748	-3453.651	-3620.104	166.4536	1.397978	1.852222	0.5488523	2.539252
44754	-3456.185	-3621.65	165.465	1.519814	2.620026	0.7636739	2.636572
44760	-3434.219	-3599.885	165.6657	1.421003	2.620026	0.588652	2.717995
44766	-3428.488	-3594.426	165.938	1.294778	2.620026	0.4322739	2.785113
44772	-3438.617	-3606.01	167.3933	1.553471	2.073285	0.4898814	1.801741
44778	-3441.134	-3608.014	166.8797	1.621845	2.067728	0.5109232	2.080421
44784	-3436.364	-3603.677	167.3121	1.621845	2.050985	0.5048402	1.802249
44790	-3426.633	-3593.811	167.1781	1.621845	2.050985	0.3878968	2.034858
44796	-3440.299	-3607.257	166.9585	1.649906	2.050985	0.5457526	1.979171
44802	-3439.849	-3606.684	166.835	1.578389	2.542836	0.5457526	1.935991
44808	-3449.908	-3615.634	165.7263	1.288728	2.335126	0.5073907	2.923973
44814	-3456.04	-3621.013	164.9734	1.295381	2.856023	0.6850367	3.066004
44820	-3446.661	-3612.446	165.7852	1.422066	1.804556	0.5861162	2.917665
44826	-3427.716	-3594.237	166.5211	1.419488	1.804556	0.5465969	2.504634
44832	-3430.19	-3596.117	165.9265	1.428234	1.951788	0.5465969	2.809621
44838	-3439.883	-3606.044	166.1609	1.35069	1.951788	0.5504419	2.710156
44844	-3424.545	-3590.231	165.6866	1.344995	1.814544	0.379256	3.229875
44850	-3427.341	-3592.432	165.0908	1.142339	1.90899	0.6665669	3.390608
44856	-3429.368	-3594.102	164.7335	1.294509	1.90899	0.6042874	3.561167
44862	-3429.163	-3593.755	164.5917	1.22299	2.285892	0.6042874	3.561167
44868	-3429.092	-3594.057	164.9645	1.320439	2.686936	0.6353733	3.142222
44874	-3434.648	-3599.985	165.3377	1.320439	1.695636	0.6353733	3.245608
44880	-3433.55	-3598.993	165.4433	1.339641	2.134441	0.5060375	3.128957
44886	-3438.885	-3605.001	166.1154	1.329841	2.366661	0.5060375	2.653305
44892	-3431.476	-3596.024	164.5476	1.193275	1.874445	0.4568947	3.874873
44898	-3432.294	-3596.533	164.2391	1.213855	1.874445	0.5325962	3.96748
44904	-3431.721	-3596.619	164.8976	1.191223	2.366661	0.5667579	3.408979
44910	-3431.978	-3596.625	164.6469	1.114446	2.006263	0.3897984	3.889118
44916	-3436.379	-3601.035	164.6561	1.22374	2.006263	0.6981552	3.538675
44922	-3435.72	-3600.523	164.8038	1.36175	2.006263	0.5201054	3.522037
44928	-3436.356	-3601.653	165.2971	1.174106	2.213688	0.5917995	3.209296
44934	-3446.071	-3611.448	165.3768	1.362092	2.197077	0.5518595	3.091233
44940	-3440.127	-3604.357	164.2296	1.244865	2.257152	0.9491441	3.523478
44946	-3436.501	-3599.754	163.2528	1.026234	2.257152	0.5471515	4.49592
44952	-3447.765	-3609.179	161.4143	1.111435	2.236901	0.5518595	5.472654
44958	-3442.851	-3608.051	165.1999	1.171622	1.768101	0.5518595	3.458065
44964	-3438.514	-3603.797	165.2828	1.281897	2.355026	0.4829137	3.211275
44970	-3428.782	-3594.05	165.2678	1.344362	1.760825	0.5583177	3.313829
44976	-3435.556	-3601.607	166.0515	1.336663	1.934653	0.562778	2.780387
44982	-3447.383	-3613.606	166.2231	1.311422	1.934653	0.562778	2.690805
44988	-3438.787	-3605.427	166.6402	1.399935	1.934653	0.562778	2.375734
44994	-3434.077	-3600.442	166.3654	1.360842	1.637953	0.3266908	2.95066
45000	-3428.149	-3594.033	165.8841	1.32907	1.680907	0.4643879	3.079602
45006	-3438.221	-3603.401	165.1797	1.189543	2.160712	0.6332167	3.251602
45012	-3437.092	-3600.808	163.7155	1.069806	2.160712	0.5436348	4.242735
45018	-3441.944	-3605.56	163.616	1.126257	2.180388	0.4427721	4.356362
45024	-3451.796	-3616.615	164.8187	1.171416	1.75448	0.4176358	3.816238
45030	-3445.005	-3608.942	163.9366	1.075478	2.079745	0.4427721	4.235501
45036	-3445.845	-3609.239	163.3941	1.087453	2.079745	0.6191836	4.376617
45042	-3443.459	-3607.801	164.3413	1.139987	1.561026	0.6414357	3.97794
45048	-3442.447	-3607.102	164.6548	1.161056	1.654043	0.6414357	3.748567
45054	-3441.871	-3607.044	165.1736	1.127649	1.50055	0.6432795	3.528622
45060	-3443.786	-3608.48	164.6935	1.143886	1.688781	0.4226624	3.923396
45066	-3447.639	-3611.848	164.2097	1.132731	2.568934	0.5240958	3.822348
45072	-3436.251	-3600.328	164.0773	1.114087	1.970935	0.543215	4.07397
45078	-3449.48	-3613.118	163.6373	1.111858	2.32675	0.7169159	4.07397
45084	-3450.891	-3614.603	163.7121	1.101028	2.520286	0.5562544	4.109837
45090	-3453.349	-3615.509	162.1594	1.015784	2.14082	0.7121544	5.018247
45096	-3443.753	-3606.412	162.6591	1.083784	2.14082	0.5351894	4.842135
45102	-3440.737	-3606.006	165.2694	1.276845	1.837968	0.4045327	3.477413
45108	-3435.131	-3601.535	166.4035	1.38361	1.837968	0.6803013	2.467424
45114	-3440.252	-3606.437	166.185	1.58388	1.843547	0.6914578	2.467424
45120	-3442.73	-3609.027	166.2969	1.340279	1.843547	0.5455469	2.678381
45126	-3434.939	-3598.983	164.0446	1.187555	1.773612	0.5455469	4.118208
45132	-3438.24	-3602.802	164.5623	1.293131	1.884047	0.609316	3.665943
45138	-3429.048	-3592.985	163.9371	1.211925	2.349564	0.5135629	4.005626
45144	-3430.221	-3595.354	165.133	1.313935	1.872747	0.4516723	3.472085
45150	-3429.435	-3595.13	165.6946	1.168259	1.609199	0.4643588	3.316318
45156	-3420.394	-3584.543	164.1482	1.110837	2.071009	0.6848754	3.885863
45162	-3443.296	-3606.562	163.2665	1.177229	2.324767	0.566837	4.366
45168	-3452.141	-3617.206	165.0654	1.334989	1.607028	0.5951846	3.466254
45174	-3458.531	-3623.103	164.572	1.271502	2.723148	0.5951846	3.426557
45180	-3435.464	-3601.068	165.6038	1.403198	2.437732	0.625311	2.788676
45186	-3437.039	-3602.677	165.638	1.463006	2.255866	0.625311	2.788676
45192	-3443.658	-3610.074	166.4161	1.420078	1.948283	0.6161224	2.449668
45198	-3427.422	-3593.962	166.5403	1.421255	1.776174	0.6032287	2.449668
45204	-3430.279	-3597.132	166.8529	1.440019	1.705117	0.4895287	2.381656
45210	-3425.946	-3593.265	167.319	1.620129	2.095453	0.5150057	1.769534
45216	-3432.529	-3599.767	167.2382	1.718841	2.75761	0.3798413	1.691888
45222	-3425.071	-3592.03	166.9588	1.477605	2.767325	0.3953318	2.024509
45228	-3426.567	-3593.474	166.9075	1.531138	2.309913	0.3953318	2.169183
45234	-3426.049	-3593.251	167.2016	1.688171	1.875926	0.364675	2.075168
45240	-3428.879	-3596.393	167.5141	1.698234	2.022103	0.5284176	1.589594
45246	-3439.141	-3605.781	166.6394	1.63911	2.57657	0.5284176	2.033458
45252	-3432.144	-3596.395	164.2513	1.117963	2.758411	0.5548875	3.728013
45258	-3428.53	-3593.857	165.3266	1.379284	2.387794	0.5548875	3.048147
45264	-3431.751	-3596.384	164.6335	1.39658	2.757613	0.5732913	3.326871
45270	-3432.014	-3596.458	164.4442	1.331814	2.097155	0.6371034	3.616421
45276	-3441.698	-3606.513	164.8156	1.184017	2.130027	0.4795359	3.616421
45282	-3431.809	-3596.219	164.41	1.197286	2.130027	0.4227804	3.900829
45288	-3435.684	-3602.674	166.9899	1.477917	2.283137	0.3660895	2.197186
45294	-3422.708	-3589.046	166.3378	1.472024	2.707883	0.3910932	2.45111
45300	-3426.923	-3592.617	165.6937	1.328764	2.501254	0.4544644	2.923158
45306	-3427.654	-3593.419	165.7653	1.425097	1.885376	0.5266963	2.952305
45312	-3427.552	-3593.272	165.7203	1.247551	2.230274	0.4064554	3.092291
45318	-3436.451	-3602.166	165.7142	1.275329	1.795714	0.6918433	2.963575
45324	-3438.857	-3604.115	165.2575	1.40349	2.025501	0.8047093	2.992789
45330	-3454.721	-3620.447	165.7258	1.299156	1.691754	0.4515499	3.200604
45336	-3437.738	-3603.727	165.9887	1.390246	1.435573	0.4515499	3.098631
45342	-3435.633	-3603.05	167.4167	1.651212	1.542314	0.3991015	2.058829
45348	-3435.106	-3603.08	167.9735	1.645186	1.569571	0.3991015	1.66865
45354	-3430.94	-3598.452	167.512	1.622397	2.183059	0.3991015	1.741901
45360	-3440.743	-3607.424	166.6807	1.469044	2.183059	0.468302	2.312805
45366	-3451.256	-3617.989	166.7329	1.503358	2.029545	0.468302	2.312805
45372	-3457.333	-3624.219	166.8852	1.614257	1.873022	0.787187	1.903286
45378	-3437.189	-3603.802	166.6122	1.401984	1.873022	0.4394454	2.543738
45384	-3437.743	-3603.164	165.4208	1.283904	1.691602	0.5203692	3.321171
45390	-3438.944	-3603.188	164.2441	1.085292	1.866701	0.4463683	4.123427
45396	-3441.722	-3606.707	164.9844	1.319064	1.861016	0.3961454	3.61977
45402	-3450.056	-3615.001	164.9456	1.258132	1.861016	0.5691333	3.506228
45408	-3459.373	-3624.697	165.324	1.442162	1.861016	0.7693372	3.014309
45414	-3448.023	-3614.106	166.0824	1.291886	2.026063	0.5258098	2.790964
45420	-3441.259	-3606.956	165.6971	1.383532	2.17376	0.6696399	2.790964
45426	-3444.613	-3610.527	165.9136	1.546065	1.988434	0.8719889	2.469946
45432	-3453.532	-3618.994	165.462	1.456956	1.98536	0.7512446	2.89039
45438	-3430.354	-3596.036	165.6817	1.358671	1.89434	0.6688121	2.914245
45444	-3437.523	-3603.553	166.0297	1.407902	1.962126	0.6688121	2.647113
45450	-3440.656	-3605.731	165.0756	1.373529	2.288519	0.6688121	3.134447
45456	-3442.716	-3607.734	165.0177	1.451114	2.288519	0.7597835	3.053055
45462	-3433.186	-3598.425	165.2388	1.398784	1.911664	0.7597835	3.079555
45468	-3436.337	-3601.979	165.6417	1.538322	1.847116	0.7597835	2.776417
45474	-3434.151	-3600.279	166.1283	1.446985	1.897599	0.4654112	2.776417
45480	-3430.05	-3597.711	167.6617	1.864168	2.417466	0.4959521	1.219853
45486	-3429.919	-3597.933	168.013	2.045364	1.941538	0.4725687	1.009508
45492	-3432.882	-3600.813	167.9316	2.030551	2.03759	0.4811844	1.033933
45498	-3422.499	-3589.88	167.3808	1.806014	2.498841	0.4588607	1.506171
45504	-3432.025	-3599.725	167.6995	1.86099	1.725173	0.4588607	1.554107
45510	-3438.497	-3605.86	167.362	1.699985	2.276479	0.4961991	1.63422
45516	-3424.477	-3591.799	167.3227	1.699985	2.128093	0.4961991	1.719748
45522	-3427.254	-3594.707	167.4531	1.777886	2.128093	0.4961991	1.570016
45528	-3444.275	-3611.882	167.6075	1.823268	2.153269	0.455552	1.46242
45534	-3445.851	-3613.794	167.9435	1.823248	1.722221	0.4659649	1.3899
45540	-3434.411	-3602.091	167.6794	1.778093	2.109874	0.5096639	1.3899
45546	-3440.986	-3609.197	168.211	1.958976	1.916683	0.4187947	1.0093
45552	-3439.574	-3606.667	167.0933	1.640896	2.29159	0.5361833	1.814004
45558	-3437.13	-3604.695	167.5649	1.58992	1.999035	0.3707478	1.839019
45564	-3439.664	-3607.802	168.1381	2.018253	1.776642	0.4637093	1.029023
45570	-3438.953	-3607.065	168.1123	1.938454	1.946757	0.4637093	1.029023
45576	-3434.601	-3602.662	168.0608	1.934266	1.835327	0.4637093	1.143947
45582	-3432.955	-3601.032	168.0776	1.917461	1.835327	0.4637093	1.143947
45588	-3439.888	-3607.971	168.0829	1.886717	1.691205	0.4637093	1.246151
45594	-3421.233	-3589.255	168.0222	1.839494	1.691205	0.4637093	1.334276
45600	-3439.37	-3607.469	168.0984	1.845563	1.691205	0.4967732	1.220423
45606	-3440.354	-3608.447	168.0923	1.869094	2.044915	0.3315328	1.284042
45612	-3440.301	-3608.707	168.4064	1.81296	1.614494	0.3302184	1.29756
45618	-3427.737	-3595.646	167.909	1.808013	1.797785	0.3461577	1.56401
45624	-3450.249	-3616.136	165.8869	1.326394	1.675381	0.5895034	2.961927
45630	-3442.395	-3610.248	167.8527	1.829101	2.688356	0.3647376	1.180909
45636	-3434.093	-3601.415	167.323	1.661826	1.768186	0.3647376	2.057272
45642	-3433.602	-3601.456	167.8544	1.622789	1.887593	0.4918188	1.497246
45648	-3440.409	-3608.185	167.7759	1.831082	1.879543	0.421002	1.497246
45654	-3428.648	-3596.652	168.0033	1.761915	1.668875	0.3850118	1.532079
45660	-3434.527	-3602.49	167.9627	1.864875	1.819239	0.4442409	1.32244
45666	-3432.975	-3601.029	168.0539	1.845342	1.46759	0.4601316	1.433434
45672	-3420.947	-3588.743	167.7956	1.764097	1.624052	0.3920587	1.693255
45678	-3421.053	-3588.846	167.7926	1.636919	1.831016	0.4622633	1.595772
45684	-3426.153	-3593.883	167.7302	1.633418	1.642039	0.4297924	1.772177
45690	-3418.675	-3586.025	167.3503	1.612937	1.642039	0.5202075	1.939989
45696	-3420.425	-3587.11	166.685	1.463252	2.036596	0.5330162	2.298086
